date,sport,home_team,away_team,home_score,away_score,home_win
2022-10-18,nba,Boston Celtics,Philadelphia 76ers,126,117,1
2022-10-18,nba,Golden State Warriors,Los Angeles Lakers,123,109,1
2022-10-19,nba,Detroit Pistons,Orlando Magic,113,109,1
2022-10-19,nba,Indiana Pacers,Washington Wizards,107,114,0
2022-10-19,nba,Atlanta Hawks,Houston Rockets,117,107,1
2022-10-19,nba,Brooklyn Nets,New Orleans Pelicans,108,130,0
2022-10-19,nba,Miami Heat,Chicago Bulls,108,116,0
2022-10-19,nba,Toronto Raptors,Cleveland Cavaliers,108,105,1
2022-10-19,nba,Memphis Grizzlies,New York Knicks,115,112,1
2022-10-19,nba,Minnesota Timberwolves,Oklahoma City Thunder,115,108,1
2022-10-19,nba,San Antonio Spurs,Charlotte Hornets,102,129,0
2022-10-19,nba,Utah Jazz,Denver Nuggets,123,102,1
2022-10-19,nba,Phoenix Suns,Dallas Mavericks,107,105,1
2022-10-19,nba,Sacramento Kings,Portland Trail Blazers,108,115,0
2022-10-20,nba,Philadelphia 76ers,Milwaukee Bucks,88,90,0
2022-10-20,nba,Los Angeles Lakers,LA Clippers,97,103,0
2022-10-21,nba,Charlotte Hornets,New Orleans Pelicans,112,124,0
2022-10-21,nba,Indiana Pacers,San Antonio Spurs,134,137,0
2022-10-21,nba,Washington Wizards,Chicago Bulls,102,100,1
2022-10-21,nba,Atlanta Hawks,Orlando Magic,108,98,1
2022-10-21,nba,Brooklyn Nets,Toronto Raptors,109,105,1
2022-10-21,nba,Miami Heat,Boston Celtics,104,111,0
2022-10-21,nba,New York Knicks,Detroit Pistons,130,106,1
2022-10-21,nba,Houston Rockets,Memphis Grizzlies,122,129,0
2022-10-21,nba,Minnesota Timberwolves,Utah Jazz,126,132,0
2022-10-21,nba,Golden State Warriors,Denver Nuggets,123,128,0
2022-10-21,nba,Portland Trail Blazers,Phoenix Suns,113,111,1
2022-10-22,nba,Philadelphia 76ers,San Antonio Spurs,105,114,0
2022-10-22,nba,Indiana Pacers,Detroit Pistons,124,115,1
2022-10-22,nba,Orlando Magic,Boston Celtics,120,126,0
2022-10-22,nba,Miami Heat,Toronto Raptors,112,109,1
2022-10-22,nba,Chicago Bulls,Cleveland Cavaliers,96,128,0
2022-10-22,nba,Milwaukee Bucks,Houston Rockets,125,105,1
2022-10-22,nba,Dallas Mavericks,Memphis Grizzlies,137,96,1
2022-10-22,nba,Denver Nuggets,Oklahoma City Thunder,122,117,1
2022-10-22,nba,Sacramento Kings,LA Clippers,109,111,0
2022-10-23,nba,Los Angeles Lakers,Portland Trail Blazers,104,106,0
2022-10-23,nba,Atlanta Hawks,Charlotte Hornets,109,126,0
2022-10-23,nba,Cleveland Cavaliers,Washington Wizards,117,107,1
2022-10-23,nba,New Orleans Pelicans,Utah Jazz,121,122,0
2022-10-23,nba,Oklahoma City Thunder,Minnesota Timberwolves,106,116,0
2022-10-23,nba,Golden State Warriors,Sacramento Kings,130,125,1
2022-10-23,nba,LA Clippers,Phoenix Suns,95,112,0
2022-10-24,nba,Philadelphia 76ers,Indiana Pacers,120,106,1
2022-10-24,nba,Miami Heat,Toronto Raptors,90,98,0
2022-10-24,nba,New York Knicks,Orlando Magic,115,102,1
2022-10-24,nba,Chicago Bulls,Boston Celtics,120,102,1
2022-10-24,nba,Houston Rockets,Utah Jazz,114,108,1
2022-10-24,nba,Memphis Grizzlies,Brooklyn Nets,134,124,1
2022-10-24,nba,Minnesota Timberwolves,San Antonio Spurs,106,115,0
2022-10-24,nba,Portland Trail Blazers,Denver Nuggets,135,110,1
2022-10-25,nba,Washington Wizards,Detroit Pistons,120,99,1
2022-10-25,nba,New Orleans Pelicans,Dallas Mavericks,113,111,1
2022-10-25,nba,Oklahoma City Thunder,LA Clippers,108,94,1
2022-10-25,nba,Phoenix Suns,Golden State Warriors,134,105,1
2022-10-26,nba,Cleveland Cavaliers,Orlando Magic,103,92,1
2022-10-26,nba,Detroit Pistons,Atlanta Hawks,113,118,0
2022-10-26,nba,New York Knicks,Charlotte Hornets,134,131,1
2022-10-26,nba,Toronto Raptors,Philadelphia 76ers,119,109,1
2022-10-26,nba,Milwaukee Bucks,Brooklyn Nets,110,99,1
2022-10-26,nba,Chicago Bulls,Indiana Pacers,124,109,1
2022-10-26,nba,Minnesota Timberwolves,San Antonio Spurs,134,122,1
2022-10-26,nba,Utah Jazz,Houston Rockets,109,101,1
2022-10-26,nba,Portland Trail Blazers,Miami Heat,98,119,0
2022-10-26,nba,Denver Nuggets,Los Angeles Lakers,110,99,1
2022-10-27,nba,Brooklyn Nets,Dallas Mavericks,125,129,0
2022-10-27,nba,Oklahoma City Thunder,LA Clippers,118,110,1
2022-10-27,nba,Golden State Warriors,Miami Heat,123,110,1
2022-10-27,nba,Sacramento Kings,Memphis Grizzlies,110,125,0
2022-10-28,nba,Detroit Pistons,Atlanta Hawks,112,136,0
2022-10-28,nba,Orlando Magic,Charlotte Hornets,113,93,1
2022-10-28,nba,Boston Celtics,Cleveland Cavaliers,123,132,0
2022-10-28,nba,Toronto Raptors,Philadelphia 76ers,90,112,0
2022-10-28,nba,Washington Wizards,Indiana Pacers,117,127,0
2022-10-28,nba,Milwaukee Bucks,New York Knicks,119,108,1
2022-10-28,nba,Minnesota Timberwolves,Los Angeles Lakers,111,102,1
2022-10-28,nba,San Antonio Spurs,Chicago Bulls,129,124,1
2022-10-28,nba,Denver Nuggets,Utah Jazz,117,101,1
2022-10-28,nba,Portland Trail Blazers,Houston Rockets,125,111,1
2022-10-28,nba,Phoenix Suns,New Orleans Pelicans,124,111,1
2022-10-29,nba,Sacramento Kings,Miami Heat,119,113,1
2022-10-29,nba,Charlotte Hornets,Golden State Warriors,120,113,1
2022-10-29,nba,Brooklyn Nets,Indiana Pacers,116,125,0
2022-10-29,nba,Chicago Bulls,Philadelphia 76ers,109,114,0
2022-10-29,nba,Milwaukee Bucks,Atlanta Hawks,123,115,1
2022-10-29,nba,Dallas Mavericks,Oklahoma City Thunder,111,117,0
2022-10-29,nba,Utah Jazz,Memphis Grizzlies,124,123,1
2022-10-30,nba,LA Clippers,New Orleans Pelicans,91,112,0
2022-10-30,nba,Boston Celtics,Washington Wizards,112,94,1
2022-10-30,nba,Cleveland Cavaliers,New York Knicks,121,108,1
2022-10-30,nba,Detroit Pistons,Golden State Warriors,128,114,1
2022-10-30,nba,San Antonio Spurs,Minnesota Timberwolves,107,98,1
2022-10-30,nba,Dallas Mavericks,Orlando Magic,114,105,1
2022-10-30,nba,Phoenix Suns,Houston Rockets,124,109,1
2022-10-30,nba,Los Angeles Lakers,Denver Nuggets,121,110,1
2022-10-31,nba,Charlotte Hornets,Sacramento Kings,108,115,0
2022-10-31,nba,Washington Wizards,Philadelphia 76ers,111,118,0
2022-10-31,nba,Brooklyn Nets,Indiana Pacers,116,109,1
2022-10-31,nba,Toronto Raptors,Atlanta Hawks,139,109,1
2022-10-31,nba,Milwaukee Bucks,Detroit Pistons,110,108,1
2022-10-31,nba,Utah Jazz,Memphis Grizzlies,121,105,1
2022-10-31,nba,LA Clippers,Houston Rockets,95,93,1
2022-11-01,nba,Brooklyn Nets,Chicago Bulls,99,108,0
2022-11-01,nba,Miami Heat,Golden State Warriors,116,109,1
2022-11-01,nba,Oklahoma City Thunder,Orlando Magic,116,108,1
2022-11-01,nba,Phoenix Suns,Minnesota Timberwolves,116,107,1
2022-11-02,nba,Philadelphia 76ers,Washington Wizards,111,121,0
2022-11-02,nba,Cleveland Cavaliers,Boston Celtics,114,113,1
2022-11-02,nba,Miami Heat,Sacramento Kings,110,107,1
2022-11-02,nba,New York Knicks,Atlanta Hawks,99,112,0
2022-11-02,nba,Chicago Bulls,Charlotte Hornets,106,88,1
2022-11-02,nba,Houston Rockets,LA Clippers,101,109,0
2022-11-02,nba,Milwaukee Bucks,Detroit Pistons,116,91,1
2022-11-02,nba,San Antonio Spurs,Toronto Raptors,100,143,0
2022-11-02,nba,Dallas Mavericks,Utah Jazz,103,100,1
2022-11-02,nba,Portland Trail Blazers,Memphis Grizzlies,106,111,0
2022-11-02,nba,Los Angeles Lakers,New Orleans Pelicans,120,117,1
2022-11-03,nba,Orlando Magic,Golden State Warriors,130,129,1
2022-11-03,nba,Oklahoma City Thunder,Denver Nuggets,110,122,0
2022-11-04,nba,Detroit Pistons,Cleveland Cavaliers,88,112,0
2022-11-04,nba,Indiana Pacers,Miami Heat,101,99,1
2022-11-04,nba,Philadelphia 76ers,New York Knicks,104,106,0
2022-11-04,nba,Washington Wizards,Brooklyn Nets,86,128,0
2022-11-04,nba,Boston Celtics,Chicago Bulls,123,119,1
2022-11-04,nba,Memphis Grizzlies,Charlotte Hornets,130,99,1
2022-11-04,nba,San Antonio Spurs,LA Clippers,106,113,0
2022-11-04,nba,Dallas Mavericks,Toronto Raptors,111,110,1
2022-11-04,nba,New Orleans Pelicans,Golden State Warriors,114,105,1
2022-11-04,nba,Minnesota Timberwolves,Milwaukee Bucks,102,115,0
2022-11-04,nba,Phoenix Suns,Portland Trail Blazers,106,108,0
2022-11-04,nba,Los Angeles Lakers,Utah Jazz,116,130,0
2022-11-05,nba,Orlando Magic,Sacramento Kings,123,126,0
2022-11-05,nba,Charlotte Hornets,Brooklyn Nets,94,98,0
2022-11-05,nba,Atlanta Hawks,New Orleans Pelicans,124,121,1
2022-11-05,nba,New York Knicks,Boston Celtics,118,133,0
2022-11-05,nba,Milwaukee Bucks,Oklahoma City Thunder,108,94,1
2022-11-05,nba,Minnesota Timberwolves,Houston Rockets,129,117,1
2022-11-05,nba,Denver Nuggets,San Antonio Spurs,126,101,1
2022-11-05,nba,Phoenix Suns,Portland Trail Blazers,102,82,1
2022-11-06,nba,Los Angeles Lakers,Cleveland Cavaliers,100,114,0
2022-11-06,nba,Toronto Raptors,Chicago Bulls,113,104,1
2022-11-06,nba,Memphis Grizzlies,Washington Wizards,103,97,1
2022-11-06,nba,LA Clippers,Utah Jazz,102,110,0
2022-11-07,nba,Charlotte Hornets,Washington Wizards,100,108,0
2022-11-07,nba,Orlando Magic,Houston Rockets,127,134,0
2022-11-07,nba,Detroit Pistons,Oklahoma City Thunder,112,103,1
2022-11-07,nba,Indiana Pacers,New Orleans Pelicans,129,122,1
2022-11-07,nba,Philadelphia 76ers,Phoenix Suns,100,88,1
2022-11-07,nba,Atlanta Hawks,Milwaukee Bucks,117,98,1
2022-11-07,nba,Miami Heat,Portland Trail Blazers,107,110,0
2022-11-07,nba,Chicago Bulls,Toronto Raptors,111,97,1
2022-11-07,nba,Memphis Grizzlies,Boston Celtics,106,109,0
2022-11-07,nba,Minnesota Timberwolves,New York Knicks,107,120,0
2022-11-07,nba,San Antonio Spurs,Denver Nuggets,109,115,0
2022-11-07,nba,Dallas Mavericks,Brooklyn Nets,96,94,1
2022-11-07,nba,Golden State Warriors,Sacramento Kings,116,113,1
2022-11-07,nba,Utah Jazz,Los Angeles Lakers,139,116,1
2022-11-07,nba,LA Clippers,Cleveland Cavaliers,119,117,1
2022-11-09,nba,Orlando Magic,Dallas Mavericks,94,87,1
2022-11-09,nba,Charlotte Hornets,Portland Trail Blazers,95,105,0
2022-11-09,nba,Indiana Pacers,Denver Nuggets,119,122,0
2022-11-09,nba,Atlanta Hawks,Utah Jazz,119,125,0
2022-11-09,nba,Boston Celtics,Detroit Pistons,128,112,1
2022-11-09,nba,Brooklyn Nets,New York Knicks,112,85,1
2022-11-09,nba,Toronto Raptors,Houston Rockets,116,109,1
2022-11-09,nba,Chicago Bulls,New Orleans Pelicans,111,115,0
2022-11-09,nba,Minnesota Timberwolves,Phoenix Suns,117,129,0
2022-11-09,nba,Oklahoma City Thunder,Milwaukee Bucks,132,136,0
2022-11-09,nba,San Antonio Spurs,Memphis Grizzlies,122,124,0
2022-11-09,nba,LA Clippers,Los Angeles Lakers,114,101,1
2022-11-09,nba,Sacramento Kings,Cleveland Cavaliers,127,120,1
2022-11-10,nba,Washington Wizards,Dallas Mavericks,113,105,1
2022-11-10,nba,Atlanta Hawks,Philadelphia 76ers,104,95,1
2022-11-10,nba,Miami Heat,Charlotte Hornets,117,112,1
2022-11-10,nba,New Orleans Pelicans,Portland Trail Blazers,95,106,0
2022-11-11,nba,Boston Celtics,Denver Nuggets,131,112,1
2022-11-11,nba,Orlando Magic,Phoenix Suns,114,97,1
2022-11-11,nba,New York Knicks,Detroit Pistons,121,112,1
2022-11-11,nba,Oklahoma City Thunder,Toronto Raptors,132,113,1
2022-11-11,nba,San Antonio Spurs,Milwaukee Bucks,111,93,1
2022-11-11,nba,Memphis Grizzlies,Minnesota Timberwolves,114,103,1
2022-11-11,nba,Golden State Warriors,Cleveland Cavaliers,106,101,1
2022-11-11,nba,Los Angeles Lakers,Sacramento Kings,114,120,0
2022-11-12,nba,LA Clippers,Brooklyn Nets,95,110,0
2022-11-12,nba,Washington Wizards,Utah Jazz,121,112,1
2022-11-12,nba,Detroit Pistons,Boston Celtics,108,117,0
2022-11-12,nba,Indiana Pacers,Toronto Raptors,118,104,1
2022-11-12,nba,Philadelphia 76ers,Atlanta Hawks,121,109,1
2022-11-12,nba,Miami Heat,Charlotte Hornets,132,115,1
2022-11-12,nba,Dallas Mavericks,Portland Trail Blazers,117,112,1
2022-11-12,nba,New Orleans Pelicans,Houston Rockets,119,106,1
2022-11-13,nba,New York Knicks,Oklahoma City Thunder,135,145,0
2022-11-13,nba,Cleveland Cavaliers,Minnesota Timberwolves,124,129,0
2022-11-13,nba,Washington Wizards,Memphis Grizzlies,102,92,1
2022-11-13,nba,Philadelphia 76ers,Utah Jazz,105,98,1
2022-11-13,nba,Chicago Bulls,Denver Nuggets,103,126,0
2022-11-13,nba,Sacramento Kings,Golden State Warriors,122,115,1
2022-11-13,nba,Los Angeles Lakers,Brooklyn Nets,116,103,1
2022-11-14,nba,Detroit Pistons,Toronto Raptors,111,115,0
2022-11-14,nba,Orlando Magic,Charlotte Hornets,105,112,0
2022-11-14,nba,Boston Celtics,Oklahoma City Thunder,126,122,1
2022-11-14,nba,Miami Heat,Phoenix Suns,113,112,1
2022-11-14,nba,Houston Rockets,LA Clippers,106,122,0
2022-11-14,nba,Milwaukee Bucks,Atlanta Hawks,106,121,0
2022-11-14,nba,Golden State Warriors,San Antonio Spurs,132,95,1
2022-11-15,nba,New Orleans Pelicans,Memphis Grizzlies,113,102,1
2022-11-15,nba,Dallas Mavericks,LA Clippers,103,101,1
2022-11-15,nba,Utah Jazz,New York Knicks,111,118,0
2022-11-15,nba,Portland Trail Blazers,San Antonio Spurs,117,110,1
2022-11-15,nba,Sacramento Kings,Brooklyn Nets,153,121,1
2022-11-16,nba,Charlotte Hornets,Indiana Pacers,113,125,0
2022-11-16,nba,Orlando Magic,Minnesota Timberwolves,108,126,0
2022-11-16,nba,Washington Wizards,Oklahoma City Thunder,120,121,0
2022-11-16,nba,Atlanta Hawks,Boston Celtics,101,126,0
2022-11-16,nba,Toronto Raptors,Miami Heat,112,104,1
2022-11-16,nba,Milwaukee Bucks,Cleveland Cavaliers,113,98,1
2022-11-16,nba,New Orleans Pelicans,Chicago Bulls,124,110,1
2022-11-16,nba,Dallas Mavericks,Houston Rockets,92,101,0
2022-11-16,nba,Denver Nuggets,New York Knicks,103,106,0
2022-11-16,nba,Phoenix Suns,Golden State Warriors,130,119,1
2022-11-17,nba,Portland Trail Blazers,Brooklyn Nets,107,109,0
2022-11-17,nba,Sacramento Kings,San Antonio Spurs,130,112,1
2022-11-17,nba,LA Clippers,Detroit Pistons,96,91,1
2022-11-18,nba,Washington Wizards,Miami Heat,107,106,1
2022-11-18,nba,Cleveland Cavaliers,Charlotte Hornets,132,122,1
2022-11-18,nba,Philadelphia 76ers,Milwaukee Bucks,110,102,1
2022-11-18,nba,Chicago Bulls,Orlando Magic,107,108,0
2022-11-18,nba,Houston Rockets,Indiana Pacers,91,99,0
2022-11-18,nba,Memphis Grizzlies,Oklahoma City Thunder,121,110,1
2022-11-18,nba,Dallas Mavericks,Denver Nuggets,127,99,1
2022-11-18,nba,New Orleans Pelicans,Boston Celtics,109,117,0
2022-11-18,nba,Utah Jazz,Phoenix Suns,134,133,1
2022-11-18,nba,Golden State Warriors,New York Knicks,111,101,1
2022-11-18,nba,Los Angeles Lakers,Detroit Pistons,128,121,1
2022-11-19,nba,Atlanta Hawks,Toronto Raptors,124,122,1
2022-11-19,nba,Indiana Pacers,Orlando Magic,114,113,1
2022-11-19,nba,Philadelphia 76ers,Minnesota Timberwolves,109,112,0
2022-11-19,nba,Portland Trail Blazers,Utah Jazz,113,118,0
2022-11-19,nba,LA Clippers,San Antonio Spurs,119,97,1
2022-11-20,nba,Phoenix Suns,New York Knicks,116,95,1
2022-11-20,nba,Washington Wizards,Charlotte Hornets,106,102,1
2022-11-20,nba,Sacramento Kings,Detroit Pistons,137,129,1
2022-11-20,nba,Brooklyn Nets,Memphis Grizzlies,127,115,1
2022-11-20,nba,Cleveland Cavaliers,Miami Heat,113,87,1
2022-11-20,nba,Houston Rockets,Golden State Warriors,120,127,0
2022-11-20,nba,Dallas Mavericks,Denver Nuggets,97,98,0
2022-11-20,nba,Los Angeles Lakers,San Antonio Spurs,123,92,1
2022-11-21,nba,Cleveland Cavaliers,Atlanta Hawks,114,102,1
2022-11-21,nba,Indiana Pacers,Orlando Magic,123,102,1
2022-11-21,nba,Chicago Bulls,Boston Celtics,121,107,1
2022-11-21,nba,Milwaukee Bucks,Portland Trail Blazers,119,111,1
2022-11-21,nba,Minnesota Timberwolves,Miami Heat,105,101,1
2022-11-21,nba,New Orleans Pelicans,Golden State Warriors,128,83,1
2022-11-21,nba,Oklahoma City Thunder,New York Knicks,119,129,0
2022-11-21,nba,LA Clippers,Utah Jazz,121,114,1
2022-11-22,nba,Philadelphia 76ers,Brooklyn Nets,115,106,1
2022-11-22,nba,Memphis Grizzlies,Sacramento Kings,109,113,0
2022-11-22,nba,Denver Nuggets,Detroit Pistons,108,110,0
2022-11-22,nba,Phoenix Suns,Los Angeles Lakers,115,105,1
2022-11-23,nba,Charlotte Hornets,Philadelphia 76ers,107,101,1
2022-11-23,nba,Cleveland Cavaliers,Portland Trail Blazers,114,96,1
2022-11-23,nba,Indiana Pacers,Minnesota Timberwolves,101,115,0
2022-11-23,nba,Atlanta Hawks,Sacramento Kings,115,106,1
2022-11-23,nba,Boston Celtics,Dallas Mavericks,125,112,1
2022-11-23,nba,Miami Heat,Washington Wizards,113,105,1
2022-11-23,nba,Toronto Raptors,Brooklyn Nets,98,112,0
2022-11-23,nba,Milwaukee Bucks,Chicago Bulls,113,118,0
2022-11-23,nba,Oklahoma City Thunder,Denver Nuggets,126,131,0
2022-11-23,nba,San Antonio Spurs,New Orleans Pelicans,110,129,0
2022-11-23,nba,Utah Jazz,Detroit Pistons,116,125,0
2022-11-23,nba,Golden State Warriors,LA Clippers,124,107,1
2022-11-25,nba,Charlotte Hornets,Minnesota Timberwolves,110,108,1
2022-11-25,nba,Orlando Magic,Philadelphia 76ers,99,107,0
2022-11-25,nba,New York Knicks,Portland Trail Blazers,129,132,0
2022-11-25,nba,Boston Celtics,Sacramento Kings,122,104,1
2022-11-25,nba,Indiana Pacers,Brooklyn Nets,128,117,1
2022-11-25,nba,Miami Heat,Washington Wizards,110,107,1
2022-11-25,nba,Houston Rockets,Atlanta Hawks,128,122,1
2022-11-25,nba,Memphis Grizzlies,New Orleans Pelicans,132,111,1
2022-11-25,nba,Milwaukee Bucks,Cleveland Cavaliers,117,102,1
2022-11-25,nba,Oklahoma City Thunder,Chicago Bulls,123,119,1
2022-11-25,nba,San Antonio Spurs,Los Angeles Lakers,94,105,0
2022-11-25,nba,Phoenix Suns,Detroit Pistons,108,102,1
2022-11-25,nba,Golden State Warriors,Utah Jazz,129,118,1
2022-11-25,nba,LA Clippers,Denver Nuggets,104,114,0
2022-11-26,nba,Toronto Raptors,Dallas Mavericks,105,100,1
2022-11-26,nba,Houston Rockets,Oklahoma City Thunder,118,105,1
2022-11-26,nba,San Antonio Spurs,Los Angeles Lakers,138,143,0
2022-11-26,nba,Phoenix Suns,Utah Jazz,113,112,1
2022-11-27,nba,Brooklyn Nets,Portland Trail Blazers,111,97,1
2022-11-27,nba,Minnesota Timberwolves,Golden State Warriors,114,137,0
2022-11-27,nba,LA Clippers,Indiana Pacers,114,100,1
2022-11-27,nba,Atlanta Hawks,Miami Heat,98,106,0
2022-11-27,nba,Boston Celtics,Washington Wizards,130,121,1
2022-11-27,nba,Detroit Pistons,Cleveland Cavaliers,94,102,0
2022-11-27,nba,New York Knicks,Memphis Grizzlies,123,127,0
2022-11-27,nba,Orlando Magic,Philadelphia 76ers,103,133,0
2022-11-27,nba,Milwaukee Bucks,Dallas Mavericks,124,115,1
2022-11-28,nba,Philadelphia 76ers,Atlanta Hawks,104,101,1
2022-11-28,nba,Washington Wizards,Minnesota Timberwolves,142,127,1
2022-11-28,nba,Boston Celtics,Charlotte Hornets,140,105,1
2022-11-28,nba,Brooklyn Nets,Orlando Magic,109,102,1
2022-11-28,nba,Toronto Raptors,Cleveland Cavaliers,100,88,1
2022-11-28,nba,New Orleans Pelicans,Oklahoma City Thunder,105,101,1
2022-11-28,nba,Denver Nuggets,Houston Rockets,129,113,1
2022-11-28,nba,Utah Jazz,Chicago Bulls,107,114,0
2022-11-28,nba,Sacramento Kings,Phoenix Suns,117,122,0
2022-11-28,nba,Los Angeles Lakers,Indiana Pacers,115,116,0
2022-11-29,nba,Detroit Pistons,New York Knicks,110,140,0
2022-11-29,nba,Dallas Mavericks,Golden State Warriors,116,113,1
2022-11-29,nba,Portland Trail Blazers,LA Clippers,112,118,0
2022-11-30,nba,Cleveland Cavaliers,Philadelphia 76ers,113,85,1
2022-11-30,nba,Orlando Magic,Atlanta Hawks,108,125,0
2022-11-30,nba,Boston Celtics,Miami Heat,134,121,1
2022-11-30,nba,Brooklyn Nets,Washington Wizards,113,107,1
2022-11-30,nba,New York Knicks,Milwaukee Bucks,103,109,0
2022-11-30,nba,Minnesota Timberwolves,Memphis Grizzlies,109,101,1
2022-11-30,nba,New Orleans Pelicans,Toronto Raptors,126,108,1
2022-11-30,nba,Oklahoma City Thunder,San Antonio Spurs,119,111,1
2022-11-30,nba,Denver Nuggets,Houston Rockets,120,100,1
2022-11-30,nba,Phoenix Suns,Chicago Bulls,132,113,1
2022-11-30,nba,Utah Jazz,LA Clippers,125,112,1
2022-11-30,nba,Sacramento Kings,Indiana Pacers,137,114,1
2022-11-30,nba,Los Angeles Lakers,Portland Trail Blazers,128,109,1
2022-12-01,nba,Detroit Pistons,Dallas Mavericks,131,125,1
2022-12-02,nba,Charlotte Hornets,Washington Wizards,117,116,1
2022-12-02,nba,Atlanta Hawks,Denver Nuggets,117,109,1
2022-12-02,nba,Boston Celtics,Miami Heat,116,120,0
2022-12-02,nba,Brooklyn Nets,Toronto Raptors,114,105,1
2022-12-02,nba,Cleveland Cavaliers,Orlando Magic,107,96,1
2022-12-02,nba,Milwaukee Bucks,Los Angeles Lakers,129,133,0
2022-12-02,nba,Memphis Grizzlies,Philadelphia 76ers,117,109,1
2022-12-02,nba,San Antonio Spurs,New Orleans Pelicans,99,117,0
2022-12-02,nba,Phoenix Suns,Houston Rockets,121,122,0
2022-12-02,nba,Utah Jazz,Indiana Pacers,139,119,1
2022-12-02,nba,Golden State Warriors,Chicago Bulls,119,111,1
2022-12-03,nba,New York Knicks,Dallas Mavericks,100,121,0
2022-12-03,nba,LA Clippers,Sacramento Kings,96,123,0
2022-12-03,nba,Charlotte Hornets,Milwaukee Bucks,96,105,0
2022-12-03,nba,Toronto Raptors,Orlando Magic,121,108,1
2022-12-03,nba,Minnesota Timberwolves,Oklahoma City Thunder,128,135,0
2022-12-03,nba,Golden State Warriors,Houston Rockets,120,101,1
2022-12-03,nba,Utah Jazz,Portland Trail Blazers,111,116,0
2022-12-04,nba,New Orleans Pelicans,Denver Nuggets,121,106,1
2022-12-04,nba,San Antonio Spurs,Phoenix Suns,95,133,0
2022-12-04,nba,Brooklyn Nets,Boston Celtics,92,103,0
2022-12-04,nba,Detroit Pistons,Memphis Grizzlies,112,122,0
2022-12-04,nba,New York Knicks,Cleveland Cavaliers,92,81,1
2022-12-04,nba,Washington Wizards,Los Angeles Lakers,119,130,0
2022-12-04,nba,Sacramento Kings,Chicago Bulls,110,101,1
2022-12-04,nba,Portland Trail Blazers,Indiana Pacers,116,100,1
2022-12-05,nba,Charlotte Hornets,LA Clippers,117,119,0
2022-12-05,nba,Orlando Magic,Milwaukee Bucks,102,109,0
2022-12-05,nba,Atlanta Hawks,Oklahoma City Thunder,114,121,0
2022-12-05,nba,Toronto Raptors,Boston Celtics,110,116,0
2022-12-05,nba,Houston Rockets,Philadelphia 76ers,132,123,1
2022-12-05,nba,Memphis Grizzlies,Miami Heat,101,93,1
2022-12-05,nba,Dallas Mavericks,Phoenix Suns,130,111,1
2022-12-05,nba,Golden State Warriors,Indiana Pacers,104,112,0
2022-12-06,nba,Cleveland Cavaliers,Los Angeles Lakers,116,102,1
2022-12-06,nba,Miami Heat,Detroit Pistons,96,116,0
2022-12-06,nba,Denver Nuggets,Dallas Mavericks,115,116,0
2022-12-07,nba,Orlando Magic,LA Clippers,116,111,1
2022-12-07,nba,Brooklyn Nets,Charlotte Hornets,122,116,1
2022-12-07,nba,New York Knicks,Atlanta Hawks,113,89,1
2022-12-07,nba,Toronto Raptors,Los Angeles Lakers,126,113,1
2022-12-07,nba,Chicago Bulls,Washington Wizards,115,111,1
2022-12-07,nba,Memphis Grizzlies,Oklahoma City Thunder,123,102,1
2022-12-07,nba,Milwaukee Bucks,Sacramento Kings,126,113,1
2022-12-07,nba,Minnesota Timberwolves,Indiana Pacers,121,115,1
2022-12-07,nba,New Orleans Pelicans,Detroit Pistons,104,98,1
2022-12-07,nba,Utah Jazz,Golden State Warriors,124,123,1
2022-12-07,nba,Phoenix Suns,Boston Celtics,98,125,0
2022-12-08,nba,Miami Heat,LA Clippers,115,110,1
2022-12-08,nba,San Antonio Spurs,Houston Rockets,118,109,1
2022-12-08,nba,Portland Trail Blazers,Denver Nuggets,120,121,0
2022-12-09,nba,Charlotte Hornets,New York Knicks,102,121,0
2022-12-09,nba,Indiana Pacers,Washington Wizards,121,111,1
2022-12-09,nba,Orlando Magic,Toronto Raptors,113,109,1
2022-12-09,nba,Brooklyn Nets,Atlanta Hawks,120,116,1
2022-12-09,nba,Cleveland Cavaliers,Sacramento Kings,95,106,0
2022-12-09,nba,Philadelphia 76ers,Los Angeles Lakers,133,122,1
2022-12-09,nba,Memphis Grizzlies,Detroit Pistons,114,103,1
2022-12-09,nba,New Orleans Pelicans,Phoenix Suns,128,117,1
2022-12-09,nba,Utah Jazz,Minnesota Timberwolves,108,118,0
2022-12-09,nba,Dallas Mavericks,Milwaukee Bucks,105,106,0
2022-12-10,nba,Miami Heat,San Antonio Spurs,111,115,0
2022-12-10,nba,Indiana Pacers,Brooklyn Nets,133,136,0
2022-12-10,nba,Washington Wizards,LA Clippers,107,114,0
2022-12-10,nba,Cleveland Cavaliers,Oklahoma City Thunder,110,102,1
2022-12-10,nba,Chicago Bulls,Dallas Mavericks,144,115,1
2022-12-10,nba,Golden State Warriors,Boston Celtics,123,107,1
2022-12-10,nba,Denver Nuggets,Utah Jazz,115,110,1
2022-12-10,nba,Portland Trail Blazers,Minnesota Timberwolves,124,118,1
2022-12-11,nba,New Orleans Pelicans,Phoenix Suns,129,124,1
2022-12-11,nba,Detroit Pistons,Los Angeles Lakers,117,124,0
2022-12-11,nba,New York Knicks,Sacramento Kings,112,99,1
2022-12-11,nba,Orlando Magic,Toronto Raptors,111,99,1
2022-12-11,nba,Philadelphia 76ers,Charlotte Hornets,131,113,1
2022-12-11,nba,Atlanta Hawks,Chicago Bulls,123,122,1
2022-12-11,nba,Houston Rockets,Milwaukee Bucks,97,92,1
2022-12-12,nba,Indiana Pacers,Miami Heat,82,87,0
2022-12-12,nba,Washington Wizards,Brooklyn Nets,100,112,0
2022-12-12,nba,Memphis Grizzlies,Atlanta Hawks,128,103,1
2022-12-12,nba,Dallas Mavericks,Oklahoma City Thunder,121,114,1
2022-12-12,nba,San Antonio Spurs,Cleveland Cavaliers,112,111,1
2022-12-12,nba,Portland Trail Blazers,Minnesota Timberwolves,133,112,1
2022-12-12,nba,LA Clippers,Boston Celtics,113,93,1
2022-12-13,nba,Philadelphia 76ers,Sacramento Kings,123,103,1
2022-12-13,nba,Milwaukee Bucks,Golden State Warriors,128,111,1
2022-12-13,nba,Houston Rockets,Phoenix Suns,111,97,1
2022-12-13,nba,Utah Jazz,New Orleans Pelicans,121,100,1
2022-12-13,nba,Los Angeles Lakers,Boston Celtics,118,122,0
2022-12-14,nba,Charlotte Hornets,Detroit Pistons,134,141,0
2022-12-14,nba,Indiana Pacers,Golden State Warriors,125,119,1
2022-12-14,nba,Orlando Magic,Atlanta Hawks,135,124,1
2022-12-14,nba,Toronto Raptors,Sacramento Kings,123,124,0
2022-12-14,nba,Chicago Bulls,New York Knicks,120,128,0
2022-12-14,nba,Oklahoma City Thunder,Miami Heat,108,110,0
2022-12-14,nba,San Antonio Spurs,Portland Trail Blazers,112,128,0
2022-12-14,nba,Dallas Mavericks,Cleveland Cavaliers,90,105,0
2022-12-14,nba,Denver Nuggets,Washington Wizards,141,128,1
2022-12-14,nba,LA Clippers,Minnesota Timberwolves,99,88,1
2022-12-15,nba,Houston Rockets,Miami Heat,108,111,0
2022-12-15,nba,Memphis Grizzlies,Milwaukee Bucks,142,101,1
2022-12-15,nba,Utah Jazz,New Orleans Pelicans,132,129,1
2022-12-15,nba,LA Clippers,Phoenix Suns,95,111,0
2022-12-16,nba,Charlotte Hornets,Atlanta Hawks,106,125,0
2022-12-16,nba,Detroit Pistons,Sacramento Kings,113,122,0
2022-12-16,nba,Boston Celtics,Orlando Magic,109,117,0
2022-12-16,nba,Cleveland Cavaliers,Indiana Pacers,118,112,1
2022-12-16,nba,Philadelphia 76ers,Golden State Warriors,118,106,1
2022-12-16,nba,Toronto Raptors,Brooklyn Nets,116,119,0
2022-12-16,nba,Chicago Bulls,New York Knicks,91,114,0
2022-12-16,nba,Oklahoma City Thunder,Minnesota Timberwolves,110,112,0
2022-12-16,nba,Dallas Mavericks,Portland Trail Blazers,130,110,1
2022-12-16,nba,Los Angeles Lakers,Denver Nuggets,126,108,1
2022-12-17,nba,LA Clippers,Washington Wizards,102,93,1
2022-12-17,nba,San Antonio Spurs,Miami Heat,101,111,0
2022-12-17,nba,Cleveland Cavaliers,Dallas Mavericks,100,99,1
2022-12-17,nba,Houston Rockets,Portland Trail Blazers,95,107,0
2022-12-17,nba,Milwaukee Bucks,Utah Jazz,123,97,1
2022-12-17,nba,Oklahoma City Thunder,Memphis Grizzlies,115,109,1
2022-12-17,nba,Phoenix Suns,New Orleans Pelicans,118,114,1
2022-12-18,nba,Boston Celtics,Orlando Magic,92,95,0
2022-12-18,nba,Indiana Pacers,New York Knicks,106,109,0
2022-12-18,nba,Detroit Pistons,Brooklyn Nets,121,124,0
2022-12-18,nba,Toronto Raptors,Golden State Warriors,110,126,0
2022-12-18,nba,Minnesota Timberwolves,Chicago Bulls,150,126,1
2022-12-18,nba,Denver Nuggets,Charlotte Hornets,119,115,1
2022-12-18,nba,Los Angeles Lakers,Washington Wizards,119,117,1
2022-12-19,nba,Cleveland Cavaliers,Utah Jazz,122,99,1
2022-12-19,nba,Philadelphia 76ers,Toronto Raptors,104,101,1
2022-12-19,nba,Atlanta Hawks,Orlando Magic,126,125,1
2022-12-19,nba,Houston Rockets,San Antonio Spurs,105,124,0
2022-12-19,nba,Minnesota Timberwolves,Dallas Mavericks,116,106,1
2022-12-19,nba,New Orleans Pelicans,Milwaukee Bucks,119,128,0
2022-12-19,nba,Oklahoma City Thunder,Portland Trail Blazers,123,121,1
2022-12-19,nba,Phoenix Suns,Los Angeles Lakers,130,104,1
2022-12-19,nba,Sacramento Kings,Charlotte Hornets,119,125,0
2022-12-20,nba,Detroit Pistons,Utah Jazz,111,126,0
2022-12-20,nba,Miami Heat,Chicago Bulls,103,113,0
2022-12-20,nba,New York Knicks,Golden State Warriors,132,94,1
2022-12-20,nba,Phoenix Suns,Washington Wizards,110,113,0
2022-12-20,nba,Denver Nuggets,Memphis Grizzlies,105,91,1
2022-12-21,nba,Cleveland Cavaliers,Milwaukee Bucks,114,106,1
2022-12-21,nba,Philadelphia 76ers,Detroit Pistons,113,93,1
2022-12-21,nba,Atlanta Hawks,Chicago Bulls,108,110,0
2022-12-21,nba,Boston Celtics,Indiana Pacers,112,117,0
2022-12-21,nba,Brooklyn Nets,Golden State Warriors,143,113,1
2022-12-21,nba,New York Knicks,Toronto Raptors,106,113,0
2022-12-21,nba,Houston Rockets,Orlando Magic,110,116,0
2022-12-21,nba,Minnesota Timberwolves,Dallas Mavericks,99,104,0
2022-12-21,nba,Oklahoma City Thunder,Portland Trail Blazers,101,98,1
2022-12-21,nba,Sacramento Kings,Los Angeles Lakers,134,120,1
2022-12-21,nba,LA Clippers,Charlotte Hornets,126,105,1
2022-12-22,nba,New Orleans Pelicans,San Antonio Spurs,126,117,1
2022-12-22,nba,Utah Jazz,Washington Wizards,120,112,1
2022-12-23,nba,Orlando Magic,San Antonio Spurs,133,113,1
2022-12-23,nba,Philadelphia 76ers,LA Clippers,119,114,1
2022-12-23,nba,Atlanta Hawks,Detroit Pistons,130,105,1
2022-12-23,nba,Boston Celtics,Minnesota Timberwolves,121,109,1
2022-12-23,nba,Brooklyn Nets,Milwaukee Bucks,118,100,1
2022-12-23,nba,Cleveland Cavaliers,Toronto Raptors,107,118,0
2022-12-23,nba,New York Knicks,Chicago Bulls,117,118,0
2022-12-23,nba,Miami Heat,Indiana Pacers,108,111,0
2022-12-23,nba,Houston Rockets,Dallas Mavericks,106,112,0
2022-12-23,nba,Oklahoma City Thunder,New Orleans Pelicans,125,128,0
2022-12-23,nba,Denver Nuggets,Portland Trail Blazers,120,107,1
2022-12-23,nba,Phoenix Suns,Memphis Grizzlies,100,125,0
2022-12-23,nba,Sacramento Kings,Washington Wizards,111,125,0
2022-12-23,nba,Los Angeles Lakers,Charlotte Hornets,130,134,0
2022-12-25,nba,New York Knicks,Philadelphia 76ers,112,119,0
2022-12-25,nba,Dallas Mavericks,Los Angeles Lakers,124,115,1
2022-12-25,nba,Boston Celtics,Milwaukee Bucks,139,118,1
2022-12-25,nba,Golden State Warriors,Memphis Grizzlies,123,109,1
2022-12-25,nba,Denver Nuggets,Phoenix Suns,128,125,1
2022-12-26,nba,Cleveland Cavaliers,Brooklyn Nets,117,125,0
2022-12-26,nba,Detroit Pistons,LA Clippers,131,142,0
2022-12-26,nba,Miami Heat,Minnesota Timberwolves,113,110,1
2022-12-26,nba,Chicago Bulls,Houston Rockets,118,133,0
2022-12-26,nba,New Orleans Pelicans,Indiana Pacers,113,93,1
2022-12-26,nba,San Antonio Spurs,Utah Jazz,126,122,1
2022-12-26,nba,Portland Trail Blazers,Charlotte Hornets,124,113,1
2022-12-27,nba,Orlando Magic,Los Angeles Lakers,110,129,0
2022-12-27,nba,Washington Wizards,Philadelphia 76ers,116,111,1
2022-12-27,nba,Boston Celtics,Houston Rockets,126,102,1
2022-12-27,nba,Indiana Pacers,Atlanta Hawks,129,114,1
2022-12-27,nba,Toronto Raptors,LA Clippers,113,124,0
2022-12-27,nba,Memphis Grizzlies,Phoenix Suns,108,125,0
2022-12-27,nba,Oklahoma City Thunder,San Antonio Spurs,130,114,1
2022-12-27,nba,Dallas Mavericks,New York Knicks,126,121,1
2022-12-27,nba,Golden State Warriors,Charlotte Hornets,110,105,1
2022-12-27,nba,Sacramento Kings,Denver Nuggets,106,113,0
2022-12-28,nba,Detroit Pistons,Orlando Magic,121,101,1
2022-12-28,nba,Washington Wizards,Phoenix Suns,127,102,1
2022-12-28,nba,Atlanta Hawks,Brooklyn Nets,107,108,0
2022-12-28,nba,Miami Heat,Los Angeles Lakers,112,98,1
2022-12-28,nba,Chicago Bulls,Milwaukee Bucks,119,113,1
2022-12-28,nba,New Orleans Pelicans,Minnesota Timberwolves,119,118,1
2022-12-28,nba,Golden State Warriors,Utah Jazz,112,107,1
2022-12-28,nba,Sacramento Kings,Denver Nuggets,127,126,1
2022-12-29,nba,Charlotte Hornets,Oklahoma City Thunder,121,113,1
2022-12-29,nba,Indiana Pacers,Cleveland Cavaliers,135,126,1
2022-12-29,nba,Boston Celtics,LA Clippers,116,110,1
2022-12-29,nba,Toronto Raptors,Memphis Grizzlies,106,119,0
2022-12-29,nba,San Antonio Spurs,New York Knicks,122,115,1
2022-12-29,nba,Dallas Mavericks,Houston Rockets,129,114,1
2022-12-30,nba,Orlando Magic,Washington Wizards,100,119,0
2022-12-30,nba,Atlanta Hawks,Los Angeles Lakers,121,130,0
2022-12-30,nba,Toronto Raptors,Phoenix Suns,113,104,1
2022-12-30,nba,Chicago Bulls,Detroit Pistons,132,118,1
2022-12-30,nba,Milwaukee Bucks,Minnesota Timberwolves,123,114,1
2022-12-30,nba,New Orleans Pelicans,Philadelphia 76ers,127,116,1
2022-12-30,nba,Denver Nuggets,Miami Heat,124,119,1
2022-12-30,nba,Golden State Warriors,Portland Trail Blazers,118,112,1
2022-12-30,nba,Sacramento Kings,Utah Jazz,126,125,1
2022-12-31,nba,Indiana Pacers,LA Clippers,131,130,1
2022-12-31,nba,Charlotte Hornets,Brooklyn Nets,106,123,0
2022-12-31,nba,Chicago Bulls,Cleveland Cavaliers,102,103,0
2022-12-31,nba,Houston Rockets,New York Knicks,88,108,0
2022-12-31,nba,San Antonio Spurs,Dallas Mavericks,125,126,0
2022-12-31,nba,Memphis Grizzlies,New Orleans Pelicans,116,101,1
2022-12-31,nba,Minnesota Timberwolves,Detroit Pistons,104,116,0
2022-12-31,nba,Oklahoma City Thunder,Philadelphia 76ers,96,115,0
2022-12-31,nba,Utah Jazz,Miami Heat,123,126,0
2023-01-01,nba,Memphis Grizzlies,Sacramento Kings,118,108,1
2023-01-01,nba,Milwaukee Bucks,Washington Wizards,95,118,0
2023-01-01,nba,Denver Nuggets,Boston Celtics,123,111,1
2023-01-02,nba,New York Knicks,Phoenix Suns,102,83,1
2023-01-02,nba,Charlotte Hornets,Los Angeles Lakers,115,121,0
2023-01-02,nba,Cleveland Cavaliers,Chicago Bulls,145,134,1
2023-01-02,nba,Indiana Pacers,Toronto Raptors,122,114,1
2023-01-02,nba,Philadelphia 76ers,New Orleans Pelicans,120,111,1
2023-01-02,nba,Brooklyn Nets,San Antonio Spurs,139,103,1
2023-01-02,nba,Houston Rockets,Dallas Mavericks,106,111,0
2023-01-02,nba,Minnesota Timberwolves,Denver Nuggets,124,111,1
2023-01-02,nba,Golden State Warriors,Atlanta Hawks,143,141,1
2023-01-02,nba,Portland Trail Blazers,Detroit Pistons,135,106,1
2023-01-02,nba,LA Clippers,Miami Heat,100,110,0
2023-01-03,nba,Milwaukee Bucks,Washington Wizards,123,113,1
2023-01-03,nba,Oklahoma City Thunder,Boston Celtics,150,117,1
2023-01-03,nba,Utah Jazz,Sacramento Kings,115,117,0
2023-01-04,nba,Charlotte Hornets,Memphis Grizzlies,107,131,0
2023-01-04,nba,Cleveland Cavaliers,Phoenix Suns,90,88,1
2023-01-04,nba,Orlando Magic,Oklahoma City Thunder,126,115,1
2023-01-04,nba,Philadelphia 76ers,Indiana Pacers,129,126,1
2023-01-04,nba,New York Knicks,San Antonio Spurs,117,114,1
2023-01-04,nba,Toronto Raptors,Milwaukee Bucks,101,104,0
2023-01-04,nba,Chicago Bulls,Brooklyn Nets,121,112,1
2023-01-04,nba,Minnesota Timberwolves,Portland Trail Blazers,113,106,1
2023-01-04,nba,New Orleans Pelicans,Houston Rockets,119,108,1
2023-01-04,nba,Golden State Warriors,Detroit Pistons,119,122,0
2023-01-04,nba,Los Angeles Lakers,Miami Heat,112,109,1
2023-01-04,nba,Sacramento Kings,Atlanta Hawks,117,120,0
2023-01-05,nba,Orlando Magic,Memphis Grizzlies,115,123,0
2023-01-05,nba,Dallas Mavericks,Boston Celtics,95,124,0
2023-01-05,nba,Houston Rockets,Utah Jazz,114,131,0
2023-01-05,nba,Denver Nuggets,LA Clippers,122,91,1
2023-01-06,nba,Indiana Pacers,Portland Trail Blazers,108,99,1
2023-01-06,nba,Philadelphia 76ers,Chicago Bulls,112,126,0
2023-01-06,nba,Toronto Raptors,New York Knicks,108,112,0
2023-01-06,nba,New Orleans Pelicans,Brooklyn Nets,102,108,0
2023-01-06,nba,Milwaukee Bucks,Charlotte Hornets,109,138,0
2023-01-06,nba,Oklahoma City Thunder,Washington Wizards,127,110,1
2023-01-06,nba,San Antonio Spurs,Detroit Pistons,121,109,1
2023-01-06,nba,Minnesota Timberwolves,LA Clippers,128,115,1
2023-01-06,nba,Denver Nuggets,Cleveland Cavaliers,121,108,1
2023-01-06,nba,Phoenix Suns,Miami Heat,96,104,0
2023-01-06,nba,Los Angeles Lakers,Atlanta Hawks,130,114,1
2023-01-07,nba,San Antonio Spurs,Boston Celtics,116,121,0
2023-01-07,nba,Chicago Bulls,Utah Jazz,126,118,1
2023-01-07,nba,Dallas Mavericks,New Orleans Pelicans,127,117,1
2023-01-07,nba,Golden State Warriors,Orlando Magic,101,115,0
2023-01-07,nba,Sacramento Kings,Los Angeles Lakers,134,136,0
2023-01-08,nba,Detroit Pistons,Philadelphia 76ers,111,123,0
2023-01-08,nba,Toronto Raptors,Portland Trail Blazers,117,105,1
2023-01-08,nba,Indiana Pacers,Charlotte Hornets,116,111,1
2023-01-08,nba,Miami Heat,Brooklyn Nets,101,102,0
2023-01-08,nba,Memphis Grizzlies,Utah Jazz,123,118,1
2023-01-08,nba,Houston Rockets,Minnesota Timberwolves,96,104,0
2023-01-08,nba,Oklahoma City Thunder,Dallas Mavericks,120,109,1
2023-01-08,nba,Phoenix Suns,Cleveland Cavaliers,98,112,0
2023-01-08,nba,LA Clippers,Atlanta Hawks,108,112,0
2023-01-09,nba,Washington Wizards,New Orleans Pelicans,112,132,0
2023-01-09,nba,Boston Celtics,Chicago Bulls,107,99,1
2023-01-09,nba,New York Knicks,Milwaukee Bucks,107,111,0
2023-01-09,nba,Memphis Grizzlies,San Antonio Spurs,121,113,1
2023-01-09,nba,Denver Nuggets,Los Angeles Lakers,122,109,1
2023-01-09,nba,Sacramento Kings,Orlando Magic,136,111,1
2023-01-10,nba,Philadelphia 76ers,Detroit Pistons,147,116,1
2023-01-10,nba,Miami Heat,Oklahoma City Thunder,112,111,1
2023-01-10,nba,Toronto Raptors,Charlotte Hornets,132,120,1
2023-01-10,nba,Utah Jazz,Cleveland Cavaliers,116,114,1
2023-01-10,nba,Golden State Warriors,Phoenix Suns,113,125,0
2023-01-10,nba,Portland Trail Blazers,Orlando Magic,106,109,0
2023-01-10,nba,LA Clippers,Dallas Mavericks,113,101,1
2023-01-11,nba,Detroit Pistons,Minnesota Timberwolves,135,118,1
2023-01-11,nba,Washington Wizards,Chicago Bulls,100,97,1
2023-01-11,nba,Atlanta Hawks,Milwaukee Bucks,105,114,0
2023-01-11,nba,Boston Celtics,New Orleans Pelicans,125,114,1
2023-01-11,nba,New York Knicks,Indiana Pacers,119,113,1
2023-01-11,nba,Memphis Grizzlies,San Antonio Spurs,135,129,1
2023-01-11,nba,Denver Nuggets,Phoenix Suns,126,97,1
2023-01-11,nba,Sacramento Kings,Houston Rockets,135,115,1
2023-01-12,nba,Philadelphia 76ers,Oklahoma City Thunder,114,133,0
2023-01-12,nba,Brooklyn Nets,Boston Celtics,98,109,0
2023-01-12,nba,Miami Heat,Milwaukee Bucks,108,102,1
2023-01-12,nba,Toronto Raptors,Charlotte Hornets,124,114,1
2023-01-12,nba,Los Angeles Lakers,Dallas Mavericks,115,119,0
2023-01-12,nba,Portland Trail Blazers,Cleveland Cavaliers,113,119,0
2023-01-13,nba,Detroit Pistons,New Orleans Pelicans,110,116,0
2023-01-13,nba,Indiana Pacers,Atlanta Hawks,111,113,0
2023-01-13,nba,Washington Wizards,New York Knicks,108,112,0
2023-01-13,nba,San Antonio Spurs,Golden State Warriors,113,144,0
2023-01-13,nba,Chicago Bulls,Oklahoma City Thunder,110,124,0
2023-01-13,nba,Minnesota Timberwolves,Phoenix Suns,121,116,1
2023-01-13,nba,Utah Jazz,Orlando Magic,112,108,1
2023-01-13,nba,LA Clippers,Denver Nuggets,103,115,0
2023-01-13,nba,Sacramento Kings,Houston Rockets,139,114,1
2023-01-14,nba,Miami Heat,Milwaukee Bucks,111,95,1
2023-01-14,nba,Charlotte Hornets,Boston Celtics,106,122,0
2023-01-14,nba,Indiana Pacers,Memphis Grizzlies,112,130,0
2023-01-14,nba,Toronto Raptors,Atlanta Hawks,103,114,0
2023-01-14,nba,Minnesota Timberwolves,Cleveland Cavaliers,110,102,1
2023-01-14,nba,Utah Jazz,Philadelphia 76ers,117,118,0
2023-01-14,nba,Portland Trail Blazers,Dallas Mavericks,136,119,1
2023-01-15,nba,Detroit Pistons,New York Knicks,104,117,0
2023-01-15,nba,LA Clippers,Houston Rockets,121,100,1
2023-01-15,nba,Chicago Bulls,Golden State Warriors,132,118,1
2023-01-15,nba,Brooklyn Nets,Oklahoma City Thunder,102,112,0
2023-01-15,nba,San Antonio Spurs,Sacramento Kings,119,132,0
2023-01-15,nba,Denver Nuggets,Orlando Magic,119,116,1
2023-01-15,nba,Portland Trail Blazers,Dallas Mavericks,140,123,1
2023-01-15,nba,Los Angeles Lakers,Philadelphia 76ers,112,113,0
2023-01-16,nba,Charlotte Hornets,Boston Celtics,118,130,0
2023-01-16,nba,Milwaukee Bucks,Indiana Pacers,132,119,1
2023-01-16,nba,Cleveland Cavaliers,New Orleans Pelicans,113,103,1
2023-01-16,nba,New York Knicks,Toronto Raptors,121,123,0
2023-01-16,nba,Washington Wizards,Golden State Warriors,118,127,0
2023-01-16,nba,Atlanta Hawks,Miami Heat,121,113,1
2023-01-16,nba,Minnesota Timberwolves,Utah Jazz,125,126,0
2023-01-16,nba,Memphis Grizzlies,Phoenix Suns,136,106,1
2023-01-16,nba,Los Angeles Lakers,Houston Rockets,140,132,1
2023-01-17,nba,Milwaukee Bucks,Toronto Raptors,130,122,1
2023-01-17,nba,San Antonio Spurs,Brooklyn Nets,106,98,1
2023-01-17,nba,Denver Nuggets,Portland Trail Blazers,122,113,1
2023-01-17,nba,LA Clippers,Philadelphia 76ers,110,120,0
2023-01-18,nba,New York Knicks,Washington Wizards,105,116,0
2023-01-18,nba,Dallas Mavericks,Atlanta Hawks,122,130,0
2023-01-18,nba,Houston Rockets,Charlotte Hornets,117,122,0
2023-01-18,nba,Memphis Grizzlies,Cleveland Cavaliers,115,114,1
2023-01-18,nba,New Orleans Pelicans,Miami Heat,98,124,0
2023-01-18,nba,Oklahoma City Thunder,Indiana Pacers,126,106,1
2023-01-18,nba,Utah Jazz,LA Clippers,126,103,1
2023-01-18,nba,Denver Nuggets,Minnesota Timberwolves,122,118,1
2023-01-18,nba,Los Angeles Lakers,Sacramento Kings,111,116,0
2023-01-19,nba,Detroit Pistons,Chicago Bulls,108,126,0
2023-01-19,nba,Boston Celtics,Golden State Warriors,121,118,1
2023-01-19,nba,Minnesota Timberwolves,Toronto Raptors,128,126,1
2023-01-19,nba,Phoenix Suns,Brooklyn Nets,117,112,1
2023-01-19,nba,Portland Trail Blazers,Philadelphia 76ers,95,105,0
2023-01-20,nba,Orlando Magic,New Orleans Pelicans,123,110,1
2023-01-20,nba,Atlanta Hawks,New York Knicks,139,124,1
2023-01-20,nba,Cleveland Cavaliers,Golden State Warriors,114,120,0
2023-01-20,nba,Dallas Mavericks,Miami Heat,115,90,1
2023-01-20,nba,San Antonio Spurs,LA Clippers,126,131,0
2023-01-20,nba,Denver Nuggets,Indiana Pacers,134,111,1
2023-01-20,nba,Utah Jazz,Brooklyn Nets,106,117,0
2023-01-20,nba,Los Angeles Lakers,Memphis Grizzlies,122,121,1
2023-01-20,nba,Sacramento Kings,Oklahoma City Thunder,118,113,1
2023-01-21,nba,Toronto Raptors,Boston Celtics,104,106,0
2023-01-21,nba,Washington Wizards,Orlando Magic,138,118,1
2023-01-21,nba,Atlanta Hawks,Charlotte Hornets,118,122,0
2023-01-21,nba,Cleveland Cavaliers,Milwaukee Bucks,114,102,1
2023-01-21,nba,Minnesota Timberwolves,Houston Rockets,113,104,1
2023-01-21,nba,Phoenix Suns,Indiana Pacers,112,107,1
2023-01-21,nba,Sacramento Kings,Philadelphia 76ers,127,129,0
2023-01-22,nba,Dallas Mavericks,LA Clippers,98,112,0
2023-01-22,nba,Miami Heat,New Orleans Pelicans,100,96,1
2023-01-22,nba,Toronto Raptors,New York Knicks,125,116,1
2023-01-22,nba,Denver Nuggets,Oklahoma City Thunder,99,101,0
2023-01-22,nba,Phoenix Suns,Memphis Grizzlies,112,110,1
2023-01-22,nba,Golden State Warriors,Brooklyn Nets,116,120,0
2023-01-22,nba,Portland Trail Blazers,Los Angeles Lakers,112,121,0
2023-01-23,nba,Detroit Pistons,Milwaukee Bucks,130,150,0
2023-01-23,nba,Orlando Magic,Boston Celtics,113,98,1
2023-01-23,nba,Chicago Bulls,Atlanta Hawks,111,100,1
2023-01-23,nba,Houston Rockets,Minnesota Timberwolves,119,114,1
2023-01-23,nba,Utah Jazz,Charlotte Hornets,120,102,1
2023-01-23,nba,Portland Trail Blazers,San Antonio Spurs,147,127,1
2023-01-23,nba,Sacramento Kings,Memphis Grizzlies,133,100,1
2023-01-24,nba,Indiana Pacers,Chicago Bulls,116,110,1
2023-01-24,nba,Miami Heat,Boston Celtics,98,95,1
2023-01-24,nba,New York Knicks,Cleveland Cavaliers,105,103,1
2023-01-24,nba,New Orleans Pelicans,Denver Nuggets,98,99,0
2023-01-24,nba,Dallas Mavericks,Washington Wizards,126,127,0
2023-01-24,nba,Phoenix Suns,Charlotte Hornets,128,97,1
2023-01-24,nba,Los Angeles Lakers,LA Clippers,115,133,0
2023-01-25,nba,Orlando Magic,Indiana Pacers,126,120,1
2023-01-25,nba,Philadelphia 76ers,Brooklyn Nets,137,133,1
2023-01-25,nba,Houston Rockets,Washington Wizards,103,108,0
2023-01-25,nba,Milwaukee Bucks,Denver Nuggets,107,99,1
2023-01-25,nba,New Orleans Pelicans,Minnesota Timberwolves,102,111,0
2023-01-25,nba,Oklahoma City Thunder,Atlanta Hawks,132,137,0
2023-01-25,nba,Golden State Warriors,Memphis Grizzlies,122,120,1
2023-01-25,nba,Portland Trail Blazers,Utah Jazz,134,124,1
2023-01-25,nba,Sacramento Kings,Toronto Raptors,95,113,0
2023-01-25,nba,Los Angeles Lakers,San Antonio Spurs,113,104,1
2023-01-26,nba,Boston Celtics,New York Knicks,117,120,0
2023-01-26,nba,Brooklyn Nets,Detroit Pistons,122,130,0
2023-01-26,nba,Charlotte Hornets,Chicago Bulls,111,96,1
2023-01-26,nba,Houston Rockets,Cleveland Cavaliers,95,113,0
2023-01-26,nba,Phoenix Suns,Dallas Mavericks,95,99,0
2023-01-26,nba,LA Clippers,San Antonio Spurs,138,100,1
2023-01-27,nba,Indiana Pacers,Milwaukee Bucks,131,141,0
2023-01-27,nba,Minnesota Timberwolves,Memphis Grizzlies,111,100,1
2023-01-27,nba,Miami Heat,Orlando Magic,110,105,1
2023-01-27,nba,Oklahoma City Thunder,Cleveland Cavaliers,112,100,1
2023-01-27,nba,Golden State Warriors,Toronto Raptors,129,117,1
2023-01-28,nba,Philadelphia 76ers,Denver Nuggets,126,119,1
2023-01-28,nba,Brooklyn Nets,New York Knicks,122,115,1
2023-01-28,nba,Detroit Pistons,Houston Rockets,114,117,0
2023-01-28,nba,Orlando Magic,Chicago Bulls,109,128,0
2023-01-28,nba,Atlanta Hawks,LA Clippers,113,120,0
2023-01-28,nba,Minnesota Timberwolves,Sacramento Kings,117,110,1
2023-01-28,nba,New Orleans Pelicans,Washington Wizards,103,113,0
2023-01-28,nba,San Antonio Spurs,Phoenix Suns,118,128,0
2023-01-28,nba,Boston Celtics,Los Angeles Lakers,125,121,1
2023-01-28,nba,Utah Jazz,Dallas Mavericks,108,100,1
2023-01-28,nba,Portland Trail Blazers,Toronto Raptors,105,123,0
2023-01-29,nba,Charlotte Hornets,Miami Heat,122,117,1
2023-01-29,nba,Memphis Grizzlies,Indiana Pacers,112,100,1
2023-01-29,nba,Cleveland Cavaliers,LA Clippers,122,99,1
2023-01-29,nba,Milwaukee Bucks,New Orleans Pelicans,135,110,1
2023-01-30,nba,Philadelphia 76ers,Orlando Magic,109,119,0
2023-01-30,nba,Brooklyn Nets,Los Angeles Lakers,121,104,1
2023-01-30,nba,Minnesota Timberwolves,Sacramento Kings,111,118,0
2023-01-30,nba,Oklahoma City Thunder,Golden State Warriors,120,128,0
2023-01-30,nba,San Antonio Spurs,Washington Wizards,106,127,0
2023-01-30,nba,Dallas Mavericks,Detroit Pistons,111,105,1
2023-01-30,nba,Phoenix Suns,Toronto Raptors,114,106,1
2023-01-30,nba,Portland Trail Blazers,Atlanta Hawks,129,125,1
2023-01-31,nba,Cleveland Cavaliers,Miami Heat,97,100,0
2023-01-31,nba,New York Knicks,Los Angeles Lakers,123,129,0
2023-01-31,nba,Chicago Bulls,LA Clippers,103,108,0
2023-01-31,nba,Milwaukee Bucks,Charlotte Hornets,124,115,1
2023-01-31,nba,Denver Nuggets,New Orleans Pelicans,122,113,1
2023-02-01,nba,Philadelphia 76ers,Orlando Magic,105,94,1
2023-02-01,nba,Memphis Grizzlies,Portland Trail Blazers,112,122,0
2023-02-01,nba,Boston Celtics,Brooklyn Nets,139,96,1
2023-02-01,nba,Houston Rockets,Oklahoma City Thunder,112,106,1
2023-02-01,nba,Minnesota Timberwolves,Golden State Warriors,119,114,1
2023-02-01,nba,San Antonio Spurs,Sacramento Kings,109,119,0
2023-02-01,nba,Utah Jazz,Toronto Raptors,131,128,1
2023-02-01,nba,Phoenix Suns,Atlanta Hawks,100,132,0
2023-02-02,nba,Indiana Pacers,Los Angeles Lakers,111,112,0
2023-02-02,nba,Cleveland Cavaliers,Memphis Grizzlies,128,113,1
2023-02-02,nba,New York Knicks,Miami Heat,106,104,1
2023-02-02,nba,Chicago Bulls,Charlotte Hornets,114,98,1
2023-02-02,nba,Dallas Mavericks,New Orleans Pelicans,111,106,1
2023-02-02,nba,Denver Nuggets,Golden State Warriors,134,117,1
2023-02-02,nba,Milwaukee Bucks,LA Clippers,106,105,1
2023-02-03,nba,Detroit Pistons,Charlotte Hornets,118,112,1
2023-02-03,nba,Indiana Pacers,Sacramento Kings,107,104,1
2023-02-03,nba,Washington Wizards,Portland Trail Blazers,116,124,0
2023-02-03,nba,Boston Celtics,Phoenix Suns,94,106,0
2023-02-03,nba,Houston Rockets,Toronto Raptors,111,117,0
2023-02-03,nba,Minnesota Timberwolves,Orlando Magic,120,127,0
2023-02-03,nba,San Antonio Spurs,Philadelphia 76ers,125,137,0
2023-02-03,nba,Utah Jazz,Atlanta Hawks,108,115,0
2023-02-04,nba,Brooklyn Nets,Washington Wizards,125,123,1
2023-02-04,nba,New Orleans Pelicans,Los Angeles Lakers,131,126,1
2023-02-04,nba,Detroit Pistons,Phoenix Suns,100,116,0
2023-02-04,nba,New York Knicks,LA Clippers,128,134,0
2023-02-04,nba,Chicago Bulls,Portland Trail Blazers,129,121,1
2023-02-04,nba,Milwaukee Bucks,Miami Heat,123,115,1
2023-02-04,nba,Oklahoma City Thunder,Houston Rockets,153,121,1
2023-02-04,nba,Golden State Warriors,Dallas Mavericks,119,113,1
2023-02-04,nba,Denver Nuggets,Atlanta Hawks,128,108,1
2023-02-05,nba,Charlotte Hornets,Orlando Magic,113,119,0
2023-02-05,nba,Indiana Pacers,Cleveland Cavaliers,103,122,0
2023-02-05,nba,New York Knicks,Philadelphia 76ers,108,97,1
2023-02-05,nba,Memphis Grizzlies,Toronto Raptors,103,106,0
2023-02-05,nba,Minnesota Timberwolves,Denver Nuggets,128,98,1
2023-02-05,nba,New Orleans Pelicans,Sacramento Kings,136,104,1
2023-02-06,nba,Detroit Pistons,Boston Celtics,99,111,0
2023-02-06,nba,Washington Wizards,Cleveland Cavaliers,91,114,0
2023-02-06,nba,Brooklyn Nets,LA Clippers,116,124,0
2023-02-06,nba,Chicago Bulls,San Antonio Spurs,128,104,1
2023-02-06,nba,Houston Rockets,Sacramento Kings,120,140,0
2023-02-06,nba,Utah Jazz,Dallas Mavericks,111,124,0
2023-02-06,nba,Golden State Warriors,Oklahoma City Thunder,141,114,1
2023-02-06,nba,Portland Trail Blazers,Milwaukee Bucks,108,127,0
2023-02-07,nba,Orlando Magic,New York Knicks,98,102,0
2023-02-07,nba,Brooklyn Nets,Phoenix Suns,112,116,0
2023-02-07,nba,New Orleans Pelicans,Atlanta Hawks,116,107,1
2023-02-07,nba,Memphis Grizzlies,Chicago Bulls,104,89,1
2023-02-07,nba,Denver Nuggets,Minnesota Timberwolves,146,112,1
2023-02-07,nba,Los Angeles Lakers,Oklahoma City Thunder,130,133,0
2023-02-08,nba,Cleveland Cavaliers,Detroit Pistons,113,85,1
2023-02-08,nba,Washington Wizards,Charlotte Hornets,118,104,1
2023-02-08,nba,Boston Celtics,Philadelphia 76ers,106,99,1
2023-02-08,nba,Miami Heat,Indiana Pacers,116,111,1
2023-02-08,nba,Toronto Raptors,San Antonio Spurs,112,98,1
2023-02-08,nba,Houston Rockets,Sacramento Kings,128,130,0
2023-02-08,nba,Utah Jazz,Minnesota Timberwolves,118,143,0
2023-02-08,nba,LA Clippers,Dallas Mavericks,104,110,0
2023-02-08,nba,Portland Trail Blazers,Golden State Warriors,125,122,1
2023-02-09,nba,Orlando Magic,Denver Nuggets,115,104,1
2023-02-09,nba,Atlanta Hawks,Phoenix Suns,116,107,1
2023-02-09,nba,Brooklyn Nets,Chicago Bulls,116,105,1
2023-02-09,nba,Los Angeles Lakers,Milwaukee Bucks,106,115,0
2023-02-10,nba,Detroit Pistons,San Antonio Spurs,138,131,1
2023-02-10,nba,Indiana Pacers,Phoenix Suns,104,117,0
2023-02-10,nba,Philadelphia 76ers,New York Knicks,119,108,1
2023-02-10,nba,Boston Celtics,Charlotte Hornets,127,116,1
2023-02-10,nba,Toronto Raptors,Utah Jazz,116,122,0
2023-02-10,nba,Miami Heat,Houston Rockets,97,95,1
2023-02-10,nba,Memphis Grizzlies,Minnesota Timberwolves,128,107,1
2023-02-10,nba,New Orleans Pelicans,Cleveland Cavaliers,107,118,0
2023-02-10,nba,Portland Trail Blazers,Oklahoma City Thunder,129,138,0
2023-02-10,nba,Sacramento Kings,Dallas Mavericks,114,122,0
2023-02-10,nba,LA Clippers,Milwaukee Bucks,106,119,0
2023-02-11,nba,Brooklyn Nets,Philadelphia 76ers,98,101,0
2023-02-11,nba,Charlotte Hornets,Denver Nuggets,105,119,0
2023-02-11,nba,Orlando Magic,Miami Heat,103,107,0
2023-02-11,nba,Washington Wizards,Indiana Pacers,127,113,1
2023-02-11,nba,Atlanta Hawks,San Antonio Spurs,125,106,1
2023-02-11,nba,New York Knicks,Utah Jazz,126,120,1
2023-02-11,nba,Cleveland Cavaliers,Chicago Bulls,97,89,1
2023-02-11,nba,Golden State Warriors,Los Angeles Lakers,103,109,0
2023-02-11,nba,Sacramento Kings,Dallas Mavericks,133,128,1
2023-02-12,nba,Boston Celtics,Memphis Grizzlies,119,109,1
2023-02-12,nba,Toronto Raptors,Detroit Pistons,119,118,1
2023-02-13,nba,Charlotte Hornets,Atlanta Hawks,144,138,1
2023-02-13,nba,Cleveland Cavaliers,San Antonio Spurs,117,109,1
2023-02-13,nba,Indiana Pacers,Utah Jazz,117,123,0
2023-02-13,nba,Philadelphia 76ers,Houston Rockets,123,104,1
2023-02-13,nba,Miami Heat,Denver Nuggets,108,112,0
2023-02-13,nba,New York Knicks,Brooklyn Nets,124,106,1
2023-02-13,nba,Chicago Bulls,Orlando Magic,91,100,0
2023-02-13,nba,Oklahoma City Thunder,New Orleans Pelicans,100,103,0
2023-02-13,nba,Dallas Mavericks,Minnesota Timberwolves,121,124,0
2023-02-13,nba,Golden State Warriors,Washington Wizards,135,126,1
2023-02-13,nba,Portland Trail Blazers,Los Angeles Lakers,127,115,1
2023-02-14,nba,Toronto Raptors,Orlando Magic,123,113,1
2023-02-14,nba,Milwaukee Bucks,Boston Celtics,131,125,1
2023-02-14,nba,Phoenix Suns,Sacramento Kings,120,109,1
2023-02-14,nba,LA Clippers,Golden State Warriors,134,124,1
2023-02-14,nba,Portland Trail Blazers,Washington Wizards,101,126,0
2023-02-15,nba,Charlotte Hornets,San Antonio Spurs,120,110,1
2023-02-15,nba,Indiana Pacers,Chicago Bulls,117,113,1
2023-02-15,nba,Philadelphia 76ers,Cleveland Cavaliers,118,112,1
2023-02-15,nba,Atlanta Hawks,New York Knicks,101,122,0
2023-02-15,nba,Boston Celtics,Detroit Pistons,127,109,1
2023-02-15,nba,Brooklyn Nets,Miami Heat,116,105,1
2023-02-15,nba,Memphis Grizzlies,Utah Jazz,117,111,1
2023-02-15,nba,Oklahoma City Thunder,Houston Rockets,133,96,1
2023-02-15,nba,Denver Nuggets,Dallas Mavericks,118,109,1
2023-02-15,nba,Los Angeles Lakers,New Orleans Pelicans,120,102,1
2023-02-16,nba,Chicago Bulls,Milwaukee Bucks,100,112,0
2023-02-16,nba,Minnesota Timberwolves,Washington Wizards,106,114,0
2023-02-16,nba,Phoenix Suns,LA Clippers,107,116,0
2023-02-19,nba,Team LeBron,Team Giannis,175,184,0
2023-02-23,nba,Cleveland Cavaliers,Denver Nuggets,109,115,0
2023-02-23,nba,Indiana Pacers,Boston Celtics,138,142,0
2023-02-23,nba,Orlando Magic,Detroit Pistons,108,106,1
2023-02-23,nba,Philadelphia 76ers,Memphis Grizzlies,110,105,1
2023-02-23,nba,Toronto Raptors,New Orleans Pelicans,115,110,1
2023-02-23,nba,Dallas Mavericks,San Antonio Spurs,142,116,1
2023-02-23,nba,Utah Jazz,Oklahoma City Thunder,120,119,1
2023-02-23,nba,Los Angeles Lakers,Golden State Warriors,124,111,1
2023-02-23,nba,Sacramento Kings,Portland Trail Blazers,133,116,1
2023-02-24,nba,Washington Wizards,New York Knicks,109,115,0
2023-02-24,nba,Atlanta Hawks,Cleveland Cavaliers,136,119,1
2023-02-24,nba,Milwaukee Bucks,Miami Heat,128,99,1
2023-02-24,nba,Minnesota Timberwolves,Charlotte Hornets,113,121,0
2023-02-24,nba,Chicago Bulls,Brooklyn Nets,131,87,1
2023-02-24,nba,Phoenix Suns,Oklahoma City Thunder,124,115,1
2023-02-24,nba,Golden State Warriors,Houston Rockets,116,101,1
2023-02-24,nba,LA Clippers,Sacramento Kings,175,176,0
2023-02-25,nba,Detroit Pistons,Toronto Raptors,91,95,0
2023-02-25,nba,Charlotte Hornets,Miami Heat,108,103,1
2023-02-25,nba,Orlando Magic,Indiana Pacers,108,121,0
2023-02-25,nba,New York Knicks,New Orleans Pelicans,128,106,1
2023-02-25,nba,Memphis Grizzlies,Denver Nuggets,112,94,1
2023-02-25,nba,Philadelphia 76ers,Boston Celtics,107,110,0
2023-02-25,nba,Utah Jazz,San Antonio Spurs,118,102,1
2023-02-26,nba,Milwaukee Bucks,Phoenix Suns,104,101,1
2023-02-26,nba,Atlanta Hawks,Brooklyn Nets,129,127,1
2023-02-26,nba,Chicago Bulls,Washington Wizards,102,82,1
2023-02-26,nba,Dallas Mavericks,Los Angeles Lakers,108,111,0
2023-02-26,nba,Cleveland Cavaliers,Toronto Raptors,118,93,1
2023-02-26,nba,Oklahoma City Thunder,Sacramento Kings,115,124,0
2023-02-26,nba,Golden State Warriors,Minnesota Timberwolves,109,104,1
2023-02-26,nba,Portland Trail Blazers,Houston Rockets,131,114,1
2023-02-26,nba,Denver Nuggets,LA Clippers,134,124,1
2023-02-27,nba,Charlotte Hornets,Detroit Pistons,117,106,1
2023-02-27,nba,Philadelphia 76ers,Miami Heat,99,101,0
2023-02-27,nba,New York Knicks,Boston Celtics,109,94,1
2023-02-27,nba,New Orleans Pelicans,Orlando Magic,93,101,0
2023-02-28,nba,Atlanta Hawks,Washington Wizards,116,119,0
2023-02-28,nba,Brooklyn Nets,Milwaukee Bucks,104,118,0
2023-02-28,nba,Toronto Raptors,Chicago Bulls,104,98,1
2023-02-28,nba,Memphis Grizzlies,Los Angeles Lakers,121,109,1
2023-02-28,nba,Houston Rockets,Denver Nuggets,112,133,0
2023-02-28,nba,Oklahoma City Thunder,Sacramento Kings,117,123,0
2023-02-28,nba,Dallas Mavericks,Indiana Pacers,122,124,0
2023-02-28,nba,Utah Jazz,San Antonio Spurs,94,102,0
2023-02-28,nba,Golden State Warriors,Portland Trail Blazers,123,105,1
2023-02-28,nba,LA Clippers,Minnesota Timberwolves,101,108,0
2023-03-01,nba,Charlotte Hornets,Phoenix Suns,91,105,0
2023-03-01,nba,Detroit Pistons,Chicago Bulls,115,117,0
2023-03-01,nba,Boston Celtics,Cleveland Cavaliers,117,113,1
2023-03-01,nba,Miami Heat,Philadelphia 76ers,96,119,0
2023-03-01,nba,New York Knicks,Brooklyn Nets,142,118,1
2023-03-01,nba,Houston Rockets,Memphis Grizzlies,99,113,0
2023-03-01,nba,Milwaukee Bucks,Orlando Magic,139,117,1
2023-03-01,nba,Oklahoma City Thunder,Los Angeles Lakers,117,123,0
2023-03-01,nba,Portland Trail Blazers,New Orleans Pelicans,110,121,0
2023-03-02,nba,Washington Wizards,Toronto Raptors,119,108,1
2023-03-02,nba,Dallas Mavericks,Philadelphia 76ers,133,126,1
2023-03-02,nba,San Antonio Spurs,Indiana Pacers,110,99,1
2023-03-02,nba,Golden State Warriors,LA Clippers,115,91,1
2023-03-03,nba,Charlotte Hornets,Orlando Magic,106,117,0
2023-03-03,nba,Atlanta Hawks,Portland Trail Blazers,129,111,1
2023-03-03,nba,Boston Celtics,Brooklyn Nets,105,115,0
2023-03-03,nba,Miami Heat,New York Knicks,120,122,0
2023-03-03,nba,Chicago Bulls,Phoenix Suns,104,125,0
2023-03-03,nba,Oklahoma City Thunder,Utah Jazz,130,103,1
2023-03-03,nba,Denver Nuggets,Memphis Grizzlies,113,97,1
2023-03-03,nba,Golden State Warriors,New Orleans Pelicans,108,99,1
2023-03-03,nba,Sacramento Kings,LA Clippers,128,127,1
2023-03-03,nba,Los Angeles Lakers,Minnesota Timberwolves,102,110,0
2023-03-04,nba,Washington Wizards,Toronto Raptors,109,116,0
2023-03-04,nba,Cleveland Cavaliers,Detroit Pistons,114,90,1
2023-03-04,nba,Miami Heat,Atlanta Hawks,117,109,1
2023-03-04,nba,San Antonio Spurs,Houston Rockets,110,122,0
2023-03-04,nba,Milwaukee Bucks,Philadelphia 76ers,130,133,0
2023-03-04,nba,Sacramento Kings,Minnesota Timberwolves,134,138,0
2023-03-05,nba,Dallas Mavericks,Phoenix Suns,126,130,0
2023-03-05,nba,Chicago Bulls,Indiana Pacers,122,125,0
2023-03-05,nba,Los Angeles Lakers,Golden State Warriors,113,105,1
2023-03-05,nba,Brooklyn Nets,Charlotte Hornets,102,86,1
2023-03-05,nba,Orlando Magic,Portland Trail Blazers,119,122,0
2023-03-05,nba,Houston Rockets,San Antonio Spurs,142,110,1
2023-03-05,nba,Oklahoma City Thunder,Utah Jazz,129,119,1
2023-03-05,nba,Boston Celtics,New York Knicks,129,131,0
2023-03-05,nba,Washington Wizards,Milwaukee Bucks,111,117,0
2023-03-05,nba,LA Clippers,Memphis Grizzlies,135,129,1
2023-03-06,nba,Cleveland Cavaliers,Boston Celtics,118,114,1
2023-03-06,nba,Indiana Pacers,Philadelphia 76ers,143,147,0
2023-03-06,nba,Detroit Pistons,Portland Trail Blazers,104,110,0
2023-03-06,nba,Miami Heat,Atlanta Hawks,130,128,1
2023-03-06,nba,Denver Nuggets,Toronto Raptors,118,113,1
2023-03-06,nba,Sacramento Kings,New Orleans Pelicans,123,108,1
2023-03-07,nba,Orlando Magic,Milwaukee Bucks,123,134,0
2023-03-07,nba,Detroit Pistons,Washington Wizards,117,119,0
2023-03-07,nba,New York Knicks,Charlotte Hornets,105,112,0
2023-03-07,nba,Minnesota Timberwolves,Philadelphia 76ers,94,117,0
2023-03-07,nba,Houston Rockets,Brooklyn Nets,96,118,0
2023-03-07,nba,Oklahoma City Thunder,Golden State Warriors,137,128,1
2023-03-07,nba,Dallas Mavericks,Utah Jazz,120,116,1
2023-03-07,nba,Los Angeles Lakers,Memphis Grizzlies,112,103,1
2023-03-08,nba,Washington Wizards,Atlanta Hawks,120,122,0
2023-03-08,nba,Boston Celtics,Portland Trail Blazers,115,93,1
2023-03-08,nba,Miami Heat,Cleveland Cavaliers,100,104,0
2023-03-08,nba,New Orleans Pelicans,Dallas Mavericks,113,106,1
2023-03-08,nba,Denver Nuggets,Chicago Bulls,96,117,0
2023-03-08,nba,Phoenix Suns,Oklahoma City Thunder,132,101,1
2023-03-08,nba,LA Clippers,Toronto Raptors,108,100,1
2023-03-09,nba,Detroit Pistons,Charlotte Hornets,103,113,0
2023-03-09,nba,Indiana Pacers,Houston Rockets,134,125,1
2023-03-09,nba,Orlando Magic,Utah Jazz,124,131,0
2023-03-09,nba,Memphis Grizzlies,Golden State Warriors,131,110,1
2023-03-09,nba,Milwaukee Bucks,Brooklyn Nets,118,113,1
2023-03-09,nba,Sacramento Kings,New York Knicks,122,117,1
2023-03-10,nba,Philadelphia 76ers,Portland Trail Blazers,120,119,1
2023-03-10,nba,Washington Wizards,Atlanta Hawks,107,114,0
2023-03-10,nba,Miami Heat,Cleveland Cavaliers,119,115,1
2023-03-10,nba,Minnesota Timberwolves,Brooklyn Nets,123,124,0
2023-03-10,nba,San Antonio Spurs,Denver Nuggets,128,120,1
2023-03-10,nba,Los Angeles Lakers,Toronto Raptors,122,112,1
2023-03-11,nba,LA Clippers,New York Knicks,106,95,1
2023-03-11,nba,Charlotte Hornets,Utah Jazz,111,119,0
2023-03-11,nba,Detroit Pistons,Indiana Pacers,115,121,0
2023-03-11,nba,Orlando Magic,Miami Heat,126,114,1
2023-03-11,nba,Atlanta Hawks,Boston Celtics,125,134,0
2023-03-11,nba,Houston Rockets,Chicago Bulls,111,119,0
2023-03-11,nba,Memphis Grizzlies,Dallas Mavericks,112,108,1
2023-03-11,nba,New Orleans Pelicans,Oklahoma City Thunder,96,110,0
2023-03-11,nba,Golden State Warriors,Milwaukee Bucks,125,116,1
2023-03-11,nba,Phoenix Suns,Sacramento Kings,119,128,0
2023-03-12,nba,Denver Nuggets,Brooklyn Nets,120,122,0
2023-03-12,nba,Charlotte Hornets,Cleveland Cavaliers,108,114,0
2023-03-12,nba,Philadelphia 76ers,Washington Wizards,112,93,1
2023-03-12,nba,New Orleans Pelicans,Portland Trail Blazers,127,110,1
2023-03-12,nba,San Antonio Spurs,Oklahoma City Thunder,90,102,0
2023-03-12,nba,Los Angeles Lakers,New York Knicks,108,112,0
2023-03-13,nba,Detroit Pistons,Indiana Pacers,117,97,1
2023-03-13,nba,Atlanta Hawks,Minnesota Timberwolves,115,136,0
2023-03-13,nba,Miami Heat,Utah Jazz,119,115,1
2023-03-13,nba,Dallas Mavericks,Memphis Grizzlies,88,104,0
2023-03-13,nba,Houston Rockets,Boston Celtics,111,109,1
2023-03-13,nba,Golden State Warriors,Phoenix Suns,123,112,1
2023-03-13,nba,Sacramento Kings,Milwaukee Bucks,124,133,0
2023-03-14,nba,Charlotte Hornets,Cleveland Cavaliers,104,120,0
2023-03-14,nba,Washington Wizards,Detroit Pistons,117,97,1
2023-03-14,nba,Toronto Raptors,Denver Nuggets,125,110,1
2023-03-14,nba,New Orleans Pelicans,Los Angeles Lakers,108,123,0
2023-03-14,nba,Oklahoma City Thunder,Brooklyn Nets,121,107,1
2023-03-14,nba,San Antonio Spurs,Orlando Magic,132,114,1
2023-03-14,nba,Phoenix Suns,Milwaukee Bucks,104,116,0
2023-03-14,nba,Portland Trail Blazers,New York Knicks,107,123,0
2023-03-15,nba,Cleveland Cavaliers,Philadelphia 76ers,109,118,0
2023-03-15,nba,Miami Heat,Memphis Grizzlies,138,119,1
2023-03-15,nba,Chicago Bulls,Sacramento Kings,114,117,0
2023-03-15,nba,Houston Rockets,Los Angeles Lakers,114,110,1
2023-03-15,nba,Minnesota Timberwolves,Boston Celtics,102,104,0
2023-03-15,nba,San Antonio Spurs,Dallas Mavericks,128,137,0
2023-03-15,nba,LA Clippers,Golden State Warriors,134,126,1
2023-03-16,nba,Detroit Pistons,Denver Nuggets,100,119,0
2023-03-16,nba,Brooklyn Nets,Sacramento Kings,96,101,0
2023-03-16,nba,Toronto Raptors,Oklahoma City Thunder,128,111,1
2023-03-16,nba,Milwaukee Bucks,Indiana Pacers,123,139,0
2023-03-16,nba,Phoenix Suns,Orlando Magic,116,113,1
2023-03-17,nba,Charlotte Hornets,Philadelphia 76ers,82,121,0
2023-03-17,nba,Atlanta Hawks,Golden State Warriors,127,119,1
2023-03-17,nba,Cleveland Cavaliers,Washington Wizards,117,94,1
2023-03-17,nba,Chicago Bulls,Minnesota Timberwolves,139,131,1
2023-03-17,nba,Houston Rockets,New Orleans Pelicans,114,112,1
2023-03-17,nba,San Antonio Spurs,Memphis Grizzlies,120,126,0
2023-03-17,nba,Portland Trail Blazers,Boston Celtics,112,126,0
2023-03-17,nba,Los Angeles Lakers,Dallas Mavericks,110,111,0
2023-03-18,nba,New York Knicks,Denver Nuggets,116,110,1
2023-03-18,nba,LA Clippers,Orlando Magic,108,113,0
2023-03-18,nba,Indiana Pacers,Philadelphia 76ers,121,141,0
2023-03-18,nba,Toronto Raptors,Minnesota Timberwolves,122,107,1
2023-03-18,nba,Washington Wizards,Sacramento Kings,118,132,0
2023-03-18,nba,Chicago Bulls,Miami Heat,113,99,1
2023-03-18,nba,Memphis Grizzlies,Golden State Warriors,133,119,1
2023-03-18,nba,Utah Jazz,Boston Celtics,118,117,1
2023-03-19,nba,Brooklyn Nets,Denver Nuggets,102,108,0
2023-03-19,nba,Oklahoma City Thunder,Phoenix Suns,124,120,1
2023-03-19,nba,San Antonio Spurs,Atlanta Hawks,126,118,1
2023-03-19,nba,Detroit Pistons,Miami Heat,100,112,0
2023-03-19,nba,Houston Rockets,New Orleans Pelicans,107,117,0
2023-03-19,nba,Milwaukee Bucks,Toronto Raptors,118,111,1
2023-03-19,nba,Portland Trail Blazers,LA Clippers,102,117,0
2023-03-19,nba,Los Angeles Lakers,Orlando Magic,111,105,1
2023-03-20,nba,Charlotte Hornets,Indiana Pacers,115,109,1
2023-03-20,nba,Philadelphia 76ers,Chicago Bulls,105,109,0
2023-03-20,nba,New York Knicks,Minnesota Timberwolves,134,140,0
2023-03-20,nba,Houston Rockets,Golden State Warriors,108,121,0
2023-03-20,nba,Memphis Grizzlies,Dallas Mavericks,112,108,1
2023-03-20,nba,Utah Jazz,Sacramento Kings,128,120,1
2023-03-21,nba,Orlando Magic,Washington Wizards,122,112,1
2023-03-21,nba,Atlanta Hawks,Detroit Pistons,129,107,1
2023-03-21,nba,Brooklyn Nets,Cleveland Cavaliers,109,115,0
2023-03-21,nba,New Orleans Pelicans,San Antonio Spurs,119,84,1
2023-03-21,nba,Sacramento Kings,Boston Celtics,109,132,0
2023-03-21,nba,LA Clippers,Oklahoma City Thunder,100,101,0
2023-03-22,nba,Washington Wizards,Denver Nuggets,104,118,0
2023-03-22,nba,Miami Heat,New York Knicks,127,120,1
2023-03-22,nba,Toronto Raptors,Indiana Pacers,114,118,0
2023-03-22,nba,Dallas Mavericks,Golden State Warriors,125,127,0
2023-03-22,nba,Chicago Bulls,Philadelphia 76ers,91,116,0
2023-03-22,nba,Memphis Grizzlies,Houston Rockets,130,125,1
2023-03-22,nba,Milwaukee Bucks,San Antonio Spurs,130,94,1
2023-03-22,nba,Minnesota Timberwolves,Atlanta Hawks,125,124,1
2023-03-22,nba,Utah Jazz,Portland Trail Blazers,115,127,0
2023-03-22,nba,Los Angeles Lakers,Phoenix Suns,122,111,1
2023-03-23,nba,Orlando Magic,New York Knicks,111,106,1
2023-03-23,nba,Brooklyn Nets,Cleveland Cavaliers,114,116,0
2023-03-23,nba,New Orleans Pelicans,Charlotte Hornets,115,96,1
2023-03-23,nba,LA Clippers,Oklahoma City Thunder,127,105,1
2023-03-24,nba,Boston Celtics,Indiana Pacers,120,95,1
2023-03-24,nba,Washington Wizards,San Antonio Spurs,136,124,1
2023-03-24,nba,Toronto Raptors,Detroit Pistons,118,97,1
2023-03-24,nba,Memphis Grizzlies,Houston Rockets,151,114,1
2023-03-24,nba,Dallas Mavericks,Charlotte Hornets,109,117,0
2023-03-24,nba,Utah Jazz,Milwaukee Bucks,116,144,0
2023-03-24,nba,Golden State Warriors,Philadelphia 76ers,120,112,1
2023-03-24,nba,Portland Trail Blazers,Chicago Bulls,96,124,0
2023-03-24,nba,Sacramento Kings,Phoenix Suns,135,127,1
2023-03-24,nba,Los Angeles Lakers,Oklahoma City Thunder,116,111,1
2023-03-25,nba,Atlanta Hawks,Indiana Pacers,143,130,1
2023-03-25,nba,Miami Heat,Brooklyn Nets,100,129,0
2023-03-25,nba,Denver Nuggets,Milwaukee Bucks,129,106,1
2023-03-25,nba,Phoenix Suns,Philadelphia 76ers,125,105,1
2023-03-25,nba,Sacramento Kings,Utah Jazz,121,113,1
2023-03-25,nba,LA Clippers,New Orleans Pelicans,110,131,0
2023-03-26,nba,Charlotte Hornets,Dallas Mavericks,110,104,1
2023-03-26,nba,Los Angeles Lakers,Chicago Bulls,108,118,0
2023-03-26,nba,Atlanta Hawks,Memphis Grizzlies,119,123,0
2023-03-26,nba,Boston Celtics,San Antonio Spurs,137,93,1
2023-03-26,nba,Cleveland Cavaliers,Houston Rockets,108,91,1
2023-03-26,nba,Orlando Magic,Brooklyn Nets,119,106,1
2023-03-26,nba,Toronto Raptors,Washington Wizards,114,104,1
2023-03-26,nba,Portland Trail Blazers,Oklahoma City Thunder,112,118,0
2023-03-26,nba,Golden State Warriors,Minnesota Timberwolves,96,99,0
2023-03-27,nba,Detroit Pistons,Milwaukee Bucks,117,126,0
2023-03-27,nba,Indiana Pacers,Dallas Mavericks,104,127,0
2023-03-27,nba,New York Knicks,Houston Rockets,137,115,1
2023-03-27,nba,Utah Jazz,Phoenix Suns,103,117,0
2023-03-27,nba,Denver Nuggets,Philadelphia 76ers,116,111,1
2023-03-27,nba,Portland Trail Blazers,New Orleans Pelicans,90,124,0
2023-03-27,nba,Sacramento Kings,Minnesota Timberwolves,115,119,0
2023-03-27,nba,LA Clippers,Chicago Bulls,124,112,1
2023-03-28,nba,Washington Wizards,Boston Celtics,130,111,1
2023-03-28,nba,Atlanta Hawks,Cleveland Cavaliers,120,118,1
2023-03-28,nba,Toronto Raptors,Miami Heat,106,92,1
2023-03-28,nba,Memphis Grizzlies,Orlando Magic,113,108,1
2023-03-28,nba,Oklahoma City Thunder,Charlotte Hornets,134,137,0
2023-03-28,nba,Golden State Warriors,New Orleans Pelicans,120,109,1
2023-03-29,nba,Indiana Pacers,Milwaukee Bucks,136,149,0
2023-03-29,nba,Brooklyn Nets,Houston Rockets,123,114,1
2023-03-29,nba,New York Knicks,Miami Heat,101,92,1
2023-03-29,nba,Philadelphia 76ers,Dallas Mavericks,116,108,1
2023-03-29,nba,Chicago Bulls,Los Angeles Lakers,110,121,0
2023-03-29,nba,Memphis Grizzlies,LA Clippers,132,141,0
2023-03-29,nba,Oklahoma City Thunder,Detroit Pistons,107,106,1
2023-03-29,nba,San Antonio Spurs,Utah Jazz,117,128,0
2023-03-29,nba,Portland Trail Blazers,Sacramento Kings,80,120,0
2023-03-29,nba,Phoenix Suns,Minnesota Timberwolves,107,100,1
2023-03-30,nba,Milwaukee Bucks,Boston Celtics,99,140,0
2023-03-30,nba,Denver Nuggets,New Orleans Pelicans,88,107,0
2023-03-31,nba,Charlotte Hornets,Chicago Bulls,91,121,0
2023-03-31,nba,Indiana Pacers,Oklahoma City Thunder,121,117,1
2023-03-31,nba,Philadelphia 76ers,Toronto Raptors,117,110,1
2023-03-31,nba,Washington Wizards,Orlando Magic,109,116,0
2023-03-31,nba,Boston Celtics,Utah Jazz,122,114,1
2023-03-31,nba,Brooklyn Nets,Atlanta Hawks,124,107,1
2023-03-31,nba,Cleveland Cavaliers,New York Knicks,116,130,0
2023-03-31,nba,Houston Rockets,Detroit Pistons,121,115,1
2023-03-31,nba,Memphis Grizzlies,LA Clippers,108,94,1
2023-03-31,nba,Minnesota Timberwolves,Los Angeles Lakers,111,123,0
2023-03-31,nba,Golden State Warriors,San Antonio Spurs,130,115,1
2023-03-31,nba,Portland Trail Blazers,Sacramento Kings,114,138,0
2023-03-31,nba,Phoenix Suns,Denver Nuggets,100,93,1
2023-04-01,nba,Miami Heat,Dallas Mavericks,129,122,1
2023-04-01,nba,New Orleans Pelicans,LA Clippers,122,114,1
2023-04-02,nba,Charlotte Hornets,Toronto Raptors,108,128,0
2023-04-02,nba,Brooklyn Nets,Utah Jazz,111,110,1
2023-04-02,nba,Chicago Bulls,Memphis Grizzlies,128,107,1
2023-04-02,nba,Minnesota Timberwolves,Portland Trail Blazers,105,107,0
2023-04-02,nba,Atlanta Hawks,Dallas Mavericks,132,130,1
2023-04-02,nba,New York Knicks,Washington Wizards,118,109,1
2023-04-02,nba,Orlando Magic,Detroit Pistons,128,102,1
2023-04-02,nba,Sacramento Kings,San Antonio Spurs,134,142,0
2023-04-02,nba,Houston Rockets,Los Angeles Lakers,109,134,0
2023-04-02,nba,Oklahoma City Thunder,Phoenix Suns,118,128,0
2023-04-02,nba,Cleveland Cavaliers,Indiana Pacers,115,105,1
2023-04-02,nba,Milwaukee Bucks,Philadelphia 76ers,117,104,1
2023-04-02,nba,Denver Nuggets,Golden State Warriors,112,110,1
2023-04-04,nba,Charlotte Hornets,Toronto Raptors,100,120,0
2023-04-04,nba,Detroit Pistons,Miami Heat,105,118,0
2023-04-04,nba,Orlando Magic,Cleveland Cavaliers,113,117,0
2023-04-04,nba,Washington Wizards,Milwaukee Bucks,128,140,0
2023-04-04,nba,Brooklyn Nets,Minnesota Timberwolves,102,107,0
2023-04-04,nba,Philadelphia 76ers,Boston Celtics,103,101,1
2023-04-04,nba,Chicago Bulls,Atlanta Hawks,105,123,0
2023-04-04,nba,Houston Rockets,Denver Nuggets,124,103,1
2023-04-04,nba,Memphis Grizzlies,Portland Trail Blazers,119,109,1
2023-04-04,nba,New Orleans Pelicans,Sacramento Kings,103,121,0
2023-04-04,nba,Utah Jazz,Los Angeles Lakers,133,135,0
2023-04-04,nba,Golden State Warriors,Oklahoma City Thunder,136,125,1
2023-04-04,nba,Phoenix Suns,San Antonio Spurs,115,94,1
2023-04-05,nba,Detroit Pistons,Brooklyn Nets,108,123,0
2023-04-05,nba,Indiana Pacers,New York Knicks,129,138,0
2023-04-05,nba,Atlanta Hawks,Washington Wizards,134,116,1
2023-04-05,nba,Boston Celtics,Toronto Raptors,97,93,1
2023-04-05,nba,Milwaukee Bucks,Chicago Bulls,105,92,1
2023-04-05,nba,New Orleans Pelicans,Memphis Grizzlies,138,131,1
2023-04-05,nba,Dallas Mavericks,Sacramento Kings,123,119,1
2023-04-05,nba,LA Clippers,Los Angeles Lakers,125,118,1
2023-04-06,nba,Orlando Magic,Cleveland Cavaliers,94,118,0
2023-04-06,nba,Philadelphia 76ers,Miami Heat,101,129,0
2023-04-06,nba,San Antonio Spurs,Portland Trail Blazers,129,127,1
2023-04-06,nba,Utah Jazz,Oklahoma City Thunder,98,114,0
2023-04-06,nba,Phoenix Suns,Denver Nuggets,119,115,1
2023-04-07,nba,Charlotte Hornets,Houston Rockets,109,112,0
2023-04-07,nba,Indiana Pacers,Detroit Pistons,115,122,0
2023-04-07,nba,Washington Wizards,Miami Heat,114,108,1
2023-04-07,nba,Atlanta Hawks,Philadelphia 76ers,131,136,0
2023-04-07,nba,Boston Celtics,Toronto Raptors,121,102,1
2023-04-07,nba,Brooklyn Nets,Orlando Magic,101,84,1
2023-04-07,nba,Milwaukee Bucks,Memphis Grizzlies,114,137,0
2023-04-07,nba,New Orleans Pelicans,New York Knicks,113,105,1
2023-04-07,nba,Dallas Mavericks,Chicago Bulls,112,115,0
2023-04-07,nba,Sacramento Kings,Golden State Warriors,97,119,0
2023-04-07,nba,Los Angeles Lakers,Phoenix Suns,121,107,1
2023-04-08,nba,Utah Jazz,Denver Nuggets,118,114,1
2023-04-08,nba,San Antonio Spurs,Minnesota Timberwolves,131,151,0
2023-04-08,nba,LA Clippers,Portland Trail Blazers,136,125,1
2023-04-09,nba,Boston Celtics,Atlanta Hawks,120,114,1
2023-04-09,nba,Brooklyn Nets,Philadelphia 76ers,105,134,0
2023-04-09,nba,Cleveland Cavaliers,Charlotte Hornets,95,106,0
2023-04-09,nba,Miami Heat,Orlando Magic,123,110,1
2023-04-09,nba,New York Knicks,Indiana Pacers,136,141,0
2023-04-09,nba,Toronto Raptors,Milwaukee Bucks,121,105,1
2023-04-09,nba,Washington Wizards,Houston Rockets,109,114,0
2023-04-09,nba,Chicago Bulls,Detroit Pistons,103,81,1
2023-04-09,nba,Dallas Mavericks,San Antonio Spurs,117,138,0
2023-04-09,nba,Minnesota Timberwolves,New Orleans Pelicans,113,108,1
2023-04-09,nba,Oklahoma City Thunder,Memphis Grizzlies,115,100,1
2023-04-09,nba,Denver Nuggets,Sacramento Kings,109,95,1
2023-04-09,nba,Los Angeles Lakers,Utah Jazz,128,117,1
2023-04-09,nba,Phoenix Suns,LA Clippers,114,119,0
2023-04-09,nba,Portland Trail Blazers,Golden State Warriors,101,157,0
2023-04-11,nba,Miami Heat,Atlanta Hawks,105,116,0
2023-04-11,nba,Los Angeles Lakers,Minnesota Timberwolves,108,102,1
2023-04-12,nba,Toronto Raptors,Chicago Bulls,105,109,0
2023-04-12,nba,New Orleans Pelicans,Oklahoma City Thunder,118,123,0
2023-04-14,nba,Miami Heat,Chicago Bulls,102,91,1
2023-04-14,nba,Minnesota Timberwolves,Oklahoma City Thunder,120,95,1
2023-04-15,nba,Philadelphia 76ers,Brooklyn Nets,121,101,1
2023-04-15,nba,Boston Celtics,Atlanta Hawks,112,99,1
2023-04-15,nba,Cleveland Cavaliers,New York Knicks,97,101,0
2023-04-15,nba,Sacramento Kings,Golden State Warriors,126,123,1
2023-04-16,nba,Memphis Grizzlies,Los Angeles Lakers,112,128,0
2023-04-16,nba,Milwaukee Bucks,Miami Heat,117,130,0
2023-04-16,nba,Phoenix Suns,LA Clippers,110,115,0
2023-04-16,nba,Denver Nuggets,Minnesota Timberwolves,109,80,1
2023-04-17,nba,Philadelphia 76ers,Brooklyn Nets,96,84,1
2023-04-17,nba,Sacramento Kings,Golden State Warriors,114,106,1
2023-04-18,nba,Boston Celtics,Atlanta Hawks,119,106,1
2023-04-18,nba,Cleveland Cavaliers,New York Knicks,107,90,1
2023-04-18,nba,Phoenix Suns,LA Clippers,123,109,1
2023-04-19,nba,Memphis Grizzlies,Los Angeles Lakers,103,93,1
2023-04-19,nba,Milwaukee Bucks,Miami Heat,138,122,1
2023-04-19,nba,Denver Nuggets,Minnesota Timberwolves,122,113,1
2023-04-20,nba,Brooklyn Nets,Philadelphia 76ers,97,102,0
2023-04-20,nba,Golden State Warriors,Sacramento Kings,114,97,1
2023-04-20,nba,LA Clippers,Phoenix Suns,124,129,0
2023-04-21,nba,Atlanta Hawks,Boston Celtics,130,122,1
2023-04-21,nba,New York Knicks,Cleveland Cavaliers,99,79,1
2023-04-21,nba,Minnesota Timberwolves,Denver Nuggets,111,120,0
2023-04-22,nba,Brooklyn Nets,Philadelphia 76ers,88,96,0
2023-04-22,nba,LA Clippers,Phoenix Suns,100,112,0
2023-04-22,nba,Miami Heat,Milwaukee Bucks,121,99,1
2023-04-22,nba,Los Angeles Lakers,Memphis Grizzlies,111,101,1
2023-04-23,nba,New York Knicks,Cleveland Cavaliers,102,93,1
2023-04-23,nba,Golden State Warriors,Sacramento Kings,126,125,1
2023-04-23,nba,Atlanta Hawks,Boston Celtics,121,129,0
2023-04-23,nba,Minnesota Timberwolves,Denver Nuggets,114,108,1
2023-04-24,nba,Miami Heat,Milwaukee Bucks,119,114,1
2023-04-24,nba,Los Angeles Lakers,Memphis Grizzlies,117,111,1
2023-04-25,nba,Boston Celtics,Atlanta Hawks,117,119,0
2023-04-25,nba,Denver Nuggets,Minnesota Timberwolves,112,109,1
2023-04-25,nba,Phoenix Suns,LA Clippers,136,130,1
2023-04-26,nba,Cleveland Cavaliers,New York Knicks,95,106,0
2023-04-26,nba,Memphis Grizzlies,Los Angeles Lakers,116,99,1
2023-04-26,nba,Milwaukee Bucks,Miami Heat,126,128,0
2023-04-26,nba,Sacramento Kings,Golden State Warriors,116,123,0
2023-04-27,nba,Atlanta Hawks,Boston Celtics,120,128,0
2023-04-28,nba,Golden State Warriors,Sacramento Kings,99,118,0
2023-04-28,nba,Los Angeles Lakers,Memphis Grizzlies,125,85,1
2023-04-29,nba,Denver Nuggets,Phoenix Suns,125,107,1
2023-04-30,nba,New York Knicks,Miami Heat,101,108,0
2023-04-30,nba,Sacramento Kings,Golden State Warriors,100,120,0
2023-05-01,nba,Boston Celtics,Philadelphia 76ers,115,119,0
2023-05-01,nba,Denver Nuggets,Phoenix Suns,97,87,1
2023-05-02,nba,New York Knicks,Miami Heat,111,105,1
2023-05-02,nba,Golden State Warriors,Los Angeles Lakers,112,117,0
2023-05-03,nba,Boston Celtics,Philadelphia 76ers,121,87,1
2023-05-04,nba,Golden State Warriors,Los Angeles Lakers,127,100,1
2023-05-05,nba,Philadelphia 76ers,Boston Celtics,102,114,0
2023-05-05,nba,Phoenix Suns,Denver Nuggets,121,114,1
2023-05-06,nba,Miami Heat,New York Knicks,105,86,1
2023-05-06,nba,Los Angeles Lakers,Golden State Warriors,127,97,1
2023-05-07,nba,Philadelphia 76ers,Boston Celtics,116,115,1
2023-05-07,nba,Phoenix Suns,Denver Nuggets,129,124,1
2023-05-08,nba,Miami Heat,New York Knicks,109,101,1
2023-05-08,nba,Los Angeles Lakers,Golden State Warriors,104,101,1
2023-05-09,nba,Boston Celtics,Philadelphia 76ers,103,115,0
2023-05-09,nba,Denver Nuggets,Phoenix Suns,118,102,1
2023-05-10,nba,New York Knicks,Miami Heat,112,103,1
2023-05-10,nba,Golden State Warriors,Los Angeles Lakers,121,106,1
2023-05-11,nba,Philadelphia 76ers,Boston Celtics,86,95,0
2023-05-11,nba,Phoenix Suns,Denver Nuggets,100,125,0
2023-05-12,nba,Miami Heat,New York Knicks,96,92,1
2023-05-12,nba,Los Angeles Lakers,Golden State Warriors,122,101,1
2023-05-14,nba,Boston Celtics,Philadelphia 76ers,112,88,1
2023-05-16,nba,Denver Nuggets,Los Angeles Lakers,132,126,1
2023-05-17,nba,Boston Celtics,Miami Heat,116,123,0
2023-05-18,nba,Denver Nuggets,Los Angeles Lakers,108,103,1
2023-05-19,nba,Boston Celtics,Miami Heat,105,111,0
2023-05-20,nba,Los Angeles Lakers,Denver Nuggets,108,119,0
2023-05-21,nba,Miami Heat,Boston Celtics,128,102,1
2023-05-22,nba,Los Angeles Lakers,Denver Nuggets,111,113,0
2023-05-23,nba,Miami Heat,Boston Celtics,99,116,0
2023-05-25,nba,Boston Celtics,Miami Heat,110,97,1
2023-05-27,nba,Miami Heat,Boston Celtics,103,104,0
2023-05-29,nba,Boston Celtics,Miami Heat,84,103,0
2023-06-01,nba,Denver Nuggets,Miami Heat,104,93,1
2023-06-04,nba,Denver Nuggets,Miami Heat,108,111,0
2023-06-07,nba,Miami Heat,Denver Nuggets,94,109,0
2023-06-09,nba,Miami Heat,Denver Nuggets,95,108,0
2023-06-12,nba,Denver Nuggets,Miami Heat,94,89,1
2023-10-05,nba,Minnesota Timberwolves,Dallas Mavericks,111,99,1
2023-10-07,nba,Dallas Mavericks,Minnesota Timberwolves,96,104,0
2023-10-07,nba,Golden State Warriors,Los Angeles Lakers,125,108,1
2023-10-08,nba,Milwaukee Bucks,Chicago Bulls,105,102,1
2023-10-08,nba,Detroit Pistons,Phoenix Suns,126,130,0
2023-10-08,nba,Boston Celtics,Philadelphia 76ers,114,106,1
2023-10-08,nba,Memphis Grizzlies,Indiana Pacers,127,122,1
2023-10-08,nba,Toronto Raptors,Sacramento Kings,112,99,1
2023-10-08,nba,LA Clippers,Utah Jazz,96,101,0
2023-10-09,nba,New York Knicks,Boston Celtics,114,107,1
2023-10-09,nba,Oklahoma City Thunder,San Antonio Spurs,122,121,1
2023-10-09,nba,Los Angeles Lakers,Brooklyn Nets,129,126,1
2023-10-10,nba,Real Madrid,Dallas Mavericks,127,123,1
2023-10-10,nba,Washington Wizards,Cairns Taipans,145,82,1
2023-10-10,nba,Atlanta Hawks,Cleveland Cavaliers,108,107,1
2023-10-10,nba,Miami Heat,Charlotte Hornets,113,109,1
2023-10-10,nba,Houston Rockets,Indiana Pacers,122,103,1
2023-10-10,nba,Memphis Grizzlies,Milwaukee Bucks,108,102,1
2023-10-10,nba,New Orleans Pelicans,Orlando Magic,105,122,0
2023-10-10,nba,LA Clippers,Utah Jazz,103,98,1
2023-10-10,nba,Phoenix Suns,Denver Nuggets,107,115,0
2023-10-10,nba,Portland Trail Blazers,New Zealand Breakers,106,66,1
2023-10-11,nba,Philadelphia 76ers,Boston Celtics,101,112,0
2023-10-11,nba,Los Angeles Lakers,Sacramento Kings,109,101,1
2023-10-12,nba,Cleveland Cavaliers,Orlando Magic,105,108,0
2023-10-12,nba,Oklahoma City Thunder,Detroit Pistons,125,128,0
2023-10-12,nba,Washington Wizards,Charlotte Hornets,98,92,1
2023-10-12,nba,Atlanta Hawks,Memphis Grizzlies,103,102,1
2023-10-12,nba,Brooklyn Nets,Ra'Anana,135,103,1
2023-10-12,nba,Chicago Bulls,Denver Nuggets,133,124,1
2023-10-12,nba,New Orleans Pelicans,Houston Rockets,87,120,0
2023-10-12,nba,Portland Trail Blazers,Phoenix Suns,111,122,0
2023-10-13,nba,San Antonio Spurs,Miami Heat,120,104,1
2023-10-13,nba,Los Angeles Lakers,Golden State Warriors,125,129,0
2023-10-14,nba,Atlanta Hawks,New Orleans Pelicans,110,105,1
2023-10-14,nba,New York Knicks,Minnesota Timberwolves,112,121,0
2023-10-14,nba,Utah Jazz,Portland Trail Blazers,138,133,1
2023-10-15,nba,Charlotte Hornets,Oklahoma City Thunder,117,115,1
2023-10-15,nba,Miami Heat,Memphis Grizzlies,132,124,1
2023-10-15,nba,Toronto Raptors,Cairns Taipans,134,93,1
2023-10-15,nba,Los Angeles Lakers,Milwaukee Bucks,97,108,0
2023-10-15,nba,Denver Nuggets,Chicago Bulls,116,102,1
2023-10-15,nba,Sacramento Kings,Golden State Warriors,115,121,0
2023-10-16,nba,Cleveland Cavaliers,Ra'Anana,120,89,1
2023-10-16,nba,Indiana Pacers,Atlanta Hawks,116,112,1
2023-10-16,nba,Brooklyn Nets,Philadelphia 76ers,119,127,0
2023-10-16,nba,San Antonio Spurs,Houston Rockets,89,99,0
2023-10-16,nba,Utah Jazz,New Zealand Breakers,114,94,1
2023-10-16,nba,Phoenix Suns,Portland Trail Blazers,117,106,1
2023-10-17,nba,Orlando Magic,New Orleans Pelicans,92,104,0
2023-10-17,nba,Boston Celtics,New York Knicks,123,110,1
2023-10-17,nba,Chicago Bulls,Toronto Raptors,102,106,0
2023-10-17,nba,Minnesota Timberwolves,Ra'Anana,138,111,1
2023-10-17,nba,Oklahoma City Thunder,Milwaukee Bucks,124,101,1
2023-10-17,nba,LA Clippers,Denver Nuggets,116,103,1
2023-10-18,nba,Miami Heat,Brooklyn Nets,104,107,0
2023-10-18,nba,New York Knicks,Washington Wizards,106,131,0
2023-10-18,nba,San Antonio Spurs,Houston Rockets,117,103,1
2023-10-18,nba,Golden State Warriors,Sacramento Kings,116,115,1
2023-10-19,nba,Charlotte Hornets,Boston Celtics,99,127,0
2023-10-19,nba,Chicago Bulls,Minnesota Timberwolves,105,114,0
2023-10-19,nba,Oklahoma City Thunder,Detroit Pistons,116,118,0
2023-10-19,nba,Los Angeles Lakers,Phoenix Suns,100,123,0
2023-10-19,nba,LA Clippers,Denver Nuggets,90,103,0
2023-10-19,nba,Sacramento Kings,Utah Jazz,116,113,1
2023-10-20,nba,Indiana Pacers,Cleveland Cavaliers,109,104,1
2023-10-20,nba,Orlando Magic,Flamengo,109,76,1
2023-10-20,nba,Philadelphia 76ers,Atlanta Hawks,120,106,1
2023-10-20,nba,Toronto Raptors,Washington Wizards,134,98,1
2023-10-20,nba,Dallas Mavericks,Detroit Pistons,114,104,1
2023-10-20,nba,Houston Rockets,Miami Heat,110,104,1
2023-10-20,nba,Milwaukee Bucks,Memphis Grizzlies,124,116,1
2023-10-20,nba,Golden State Warriors,San Antonio Spurs,117,122,0
2023-10-24,nba,Denver Nuggets,Los Angeles Lakers,119,107,1
2023-10-24,nba,Golden State Warriors,Phoenix Suns,104,108,0
2023-10-25,nba,Charlotte Hornets,Atlanta Hawks,116,110,1
2023-10-25,nba,Indiana Pacers,Washington Wizards,143,120,1
2023-10-25,nba,New York Knicks,Boston Celtics,104,108,0
2023-10-25,nba,Orlando Magic,Houston Rockets,116,86,1
2023-10-25,nba,Brooklyn Nets,Cleveland Cavaliers,113,114,0
2023-10-25,nba,Miami Heat,Detroit Pistons,103,102,1
2023-10-25,nba,Toronto Raptors,Minnesota Timberwolves,97,94,1
2023-10-25,nba,Chicago Bulls,Oklahoma City Thunder,104,124,0
2023-10-25,nba,Memphis Grizzlies,New Orleans Pelicans,104,111,0
2023-10-25,nba,Utah Jazz,Sacramento Kings,114,130,0
2023-10-25,nba,San Antonio Spurs,Dallas Mavericks,119,126,0
2023-10-25,nba,LA Clippers,Portland Trail Blazers,123,111,1
2023-10-26,nba,Milwaukee Bucks,Philadelphia 76ers,118,117,1
2023-10-26,nba,Los Angeles Lakers,Phoenix Suns,100,95,1
2023-10-27,nba,Charlotte Hornets,Detroit Pistons,99,111,0
2023-10-27,nba,Memphis Grizzlies,Denver Nuggets,104,108,0
2023-10-27,nba,Atlanta Hawks,New York Knicks,120,126,0
2023-10-27,nba,Boston Celtics,Miami Heat,119,111,1
2023-10-27,nba,Cleveland Cavaliers,Oklahoma City Thunder,105,108,0
2023-10-27,nba,Chicago Bulls,Toronto Raptors,104,103,1
2023-10-27,nba,San Antonio Spurs,Houston Rockets,126,122,1
2023-10-27,nba,Dallas Mavericks,Brooklyn Nets,125,120,1
2023-10-27,nba,Utah Jazz,LA Clippers,120,118,1
2023-10-27,nba,Portland Trail Blazers,Orlando Magic,97,102,0
2023-10-27,nba,Sacramento Kings,Golden State Warriors,114,122,0
2023-10-28,nba,Detroit Pistons,Chicago Bulls,118,102,1
2023-10-28,nba,Washington Wizards,Memphis Grizzlies,113,106,1
2023-10-28,nba,New Orleans Pelicans,New York Knicks,96,87,1
2023-10-28,nba,Cleveland Cavaliers,Indiana Pacers,113,125,0
2023-10-28,nba,Toronto Raptors,Philadelphia 76ers,107,114,0
2023-10-28,nba,Minnesota Timberwolves,Miami Heat,106,90,1
2023-10-28,nba,Phoenix Suns,Utah Jazz,126,104,1
2023-10-29,nba,Oklahoma City Thunder,Denver Nuggets,95,128,0
2023-10-29,nba,Houston Rockets,Golden State Warriors,95,106,0
2023-10-29,nba,Milwaukee Bucks,Atlanta Hawks,110,127,0
2023-10-29,nba,Philadelphia 76ers,Portland Trail Blazers,126,98,1
2023-10-29,nba,LA Clippers,San Antonio Spurs,123,83,1
2023-10-29,nba,Sacramento Kings,Los Angeles Lakers,132,127,1
2023-10-30,nba,Charlotte Hornets,Brooklyn Nets,121,133,0
2023-10-30,nba,Indiana Pacers,Chicago Bulls,105,112,0
2023-10-30,nba,Washington Wizards,Boston Celtics,107,126,0
2023-10-30,nba,Atlanta Hawks,Minnesota Timberwolves,127,113,1
2023-10-30,nba,Toronto Raptors,Portland Trail Blazers,91,99,0
2023-10-30,nba,Memphis Grizzlies,Dallas Mavericks,110,125,0
2023-10-30,nba,Milwaukee Bucks,Miami Heat,122,114,1
2023-10-30,nba,New Orleans Pelicans,Golden State Warriors,102,130,0
2023-10-30,nba,Oklahoma City Thunder,Detroit Pistons,124,112,1
2023-10-30,nba,Denver Nuggets,Utah Jazz,110,102,1
2023-10-30,nba,Los Angeles Lakers,Orlando Magic,106,103,1
2023-10-31,nba,Cleveland Cavaliers,New York Knicks,91,109,0
2023-10-31,nba,Phoenix Suns,San Antonio Spurs,114,115,0
2023-10-31,nba,LA Clippers,Orlando Magic,118,102,1
2023-11-01,nba,Detroit Pistons,Portland Trail Blazers,101,110,0
2023-11-01,nba,Toronto Raptors,Milwaukee Bucks,130,111,1
2023-11-01,nba,Atlanta Hawks,Washington Wizards,130,121,1
2023-11-01,nba,Boston Celtics,Indiana Pacers,155,104,1
2023-11-01,nba,Miami Heat,Brooklyn Nets,105,109,0
2023-11-01,nba,New York Knicks,Cleveland Cavaliers,89,95,0
2023-11-01,nba,Oklahoma City Thunder,New Orleans Pelicans,106,110,0
2023-11-01,nba,Houston Rockets,Charlotte Hornets,128,119,1
2023-11-01,nba,Minnesota Timberwolves,Denver Nuggets,110,89,1
2023-11-01,nba,Dallas Mavericks,Chicago Bulls,114,105,1
2023-11-01,nba,Utah Jazz,Memphis Grizzlies,133,109,1
2023-11-01,nba,Golden State Warriors,Sacramento Kings,102,101,1
2023-11-01,nba,Los Angeles Lakers,LA Clippers,130,125,1
2023-11-02,nba,Philadelphia 76ers,Toronto Raptors,114,99,1
2023-11-02,nba,New Orleans Pelicans,Detroit Pistons,125,116,1
2023-11-02,nba,Utah Jazz,Orlando Magic,113,115,0
2023-11-02,nba,Phoenix Suns,San Antonio Spurs,121,132,0
2023-11-03,nba,Indiana Pacers,Cleveland Cavaliers,121,116,1
2023-11-03,nba,Milwaukee Bucks,New York Knicks,110,105,1
2023-11-03,nba,Miami Heat,Washington Wizards,121,114,1
2023-11-03,nba,Chicago Bulls,Brooklyn Nets,107,109,0
2023-11-03,nba,Oklahoma City Thunder,Golden State Warriors,139,141,0
2023-11-03,nba,Denver Nuggets,Dallas Mavericks,125,114,1
2023-11-03,nba,Portland Trail Blazers,Memphis Grizzlies,115,113,1
2023-11-04,nba,Philadelphia 76ers,Phoenix Suns,112,100,1
2023-11-04,nba,Indiana Pacers,Charlotte Hornets,124,125,0
2023-11-04,nba,Orlando Magic,Los Angeles Lakers,120,101,1
2023-11-04,nba,New Orleans Pelicans,Atlanta Hawks,105,123,0
2023-11-04,nba,Brooklyn Nets,Boston Celtics,114,124,0
2023-11-04,nba,Houston Rockets,Sacramento Kings,107,89,1
2023-11-04,nba,Minnesota Timberwolves,Utah Jazz,123,95,1
2023-11-04,nba,Denver Nuggets,Chicago Bulls,123,101,1
2023-11-05,nba,Detroit Pistons,Phoenix Suns,106,120,0
2023-11-05,nba,San Antonio Spurs,Toronto Raptors,116,123,0
2023-11-05,nba,Cleveland Cavaliers,Golden State Warriors,115,104,1
2023-11-05,nba,Dallas Mavericks,Charlotte Hornets,124,118,1
2023-11-05,nba,Portland Trail Blazers,Memphis Grizzlies,100,112,0
2023-11-06,nba,Detroit Pistons,Golden State Warriors,109,120,0
2023-11-06,nba,Indiana Pacers,San Antonio Spurs,152,111,1
2023-11-06,nba,Orlando Magic,Dallas Mavericks,102,117,0
2023-11-06,nba,Philadelphia 76ers,Washington Wizards,146,128,1
2023-11-06,nba,Brooklyn Nets,Milwaukee Bucks,125,129,0
2023-11-06,nba,Miami Heat,Los Angeles Lakers,108,107,1
2023-11-06,nba,New York Knicks,LA Clippers,111,97,1
2023-11-06,nba,Chicago Bulls,Utah Jazz,130,113,1
2023-11-06,nba,Houston Rockets,Sacramento Kings,122,97,1
2023-11-06,nba,Minnesota Timberwolves,Boston Celtics,114,109,1
2023-11-06,nba,Oklahoma City Thunder,Atlanta Hawks,126,117,1
2023-11-06,nba,Denver Nuggets,New Orleans Pelicans,134,116,1
2023-11-08,nba,Charlotte Hornets,Washington Wizards,116,132,0
2023-11-08,nba,Indiana Pacers,Utah Jazz,134,118,1
2023-11-08,nba,Philadelphia 76ers,Boston Celtics,106,103,1
2023-11-08,nba,Brooklyn Nets,LA Clippers,100,93,1
2023-11-08,nba,New York Knicks,San Antonio Spurs,126,105,1
2023-11-08,nba,Chicago Bulls,Phoenix Suns,115,116,0
2023-11-08,nba,Houston Rockets,Los Angeles Lakers,128,94,1
2023-11-08,nba,Memphis Grizzlies,Miami Heat,102,108,0
2023-11-08,nba,Milwaukee Bucks,Detroit Pistons,120,118,1
2023-11-08,nba,Minnesota Timberwolves,New Orleans Pelicans,122,101,1
2023-11-08,nba,Oklahoma City Thunder,Cleveland Cavaliers,128,120,1
2023-11-08,nba,Dallas Mavericks,Toronto Raptors,116,127,0
2023-11-08,nba,Denver Nuggets,Golden State Warriors,108,105,1
2023-11-08,nba,Sacramento Kings,Portland Trail Blazers,121,118,1
2023-11-09,nba,Indiana Pacers,Milwaukee Bucks,126,124,1
2023-11-09,nba,Orlando Magic,Atlanta Hawks,119,120,0
2023-11-10,nba,Detroit Pistons,Philadelphia 76ers,106,114,0
2023-11-10,nba,Washington Wizards,Charlotte Hornets,117,124,0
2023-11-10,nba,Boston Celtics,Brooklyn Nets,121,107,1
2023-11-10,nba,Houston Rockets,New Orleans Pelicans,104,101,1
2023-11-10,nba,Memphis Grizzlies,Utah Jazz,121,127,0
2023-11-10,nba,San Antonio Spurs,Minnesota Timberwolves,110,117,0
2023-11-10,nba,Dallas Mavericks,LA Clippers,144,126,1
2023-11-10,nba,Phoenix Suns,Los Angeles Lakers,119,122,0
2023-11-10,nba,Sacramento Kings,Oklahoma City Thunder,105,98,1
2023-11-11,nba,Orlando Magic,Milwaukee Bucks,112,97,1
2023-11-11,nba,Boston Celtics,Toronto Raptors,117,94,1
2023-11-11,nba,Atlanta Hawks,Miami Heat,109,117,0
2023-11-11,nba,Golden State Warriors,Cleveland Cavaliers,110,118,0
2023-11-12,nba,New York Knicks,Charlotte Hornets,129,107,1
2023-11-12,nba,Brooklyn Nets,Washington Wizards,102,94,1
2023-11-12,nba,LA Clippers,Memphis Grizzlies,101,105,0
2023-11-12,nba,Philadelphia 76ers,Indiana Pacers,137,126,1
2023-11-12,nba,Chicago Bulls,Detroit Pistons,119,108,1
2023-11-12,nba,Houston Rockets,Denver Nuggets,107,104,1
2023-11-12,nba,New Orleans Pelicans,Dallas Mavericks,124,136,0
2023-11-12,nba,San Antonio Spurs,Miami Heat,113,118,0
2023-11-12,nba,Phoenix Suns,Oklahoma City Thunder,99,111,0
2023-11-12,nba,Golden State Warriors,Minnesota Timberwolves,110,116,0
2023-11-12,nba,Los Angeles Lakers,Portland Trail Blazers,116,110,1
2023-11-13,nba,Boston Celtics,New York Knicks,114,98,1
2023-11-13,nba,Toronto Raptors,Washington Wizards,111,107,1
2023-11-13,nba,Milwaukee Bucks,Chicago Bulls,118,109,1
2023-11-13,nba,Sacramento Kings,Cleveland Cavaliers,132,120,1
2023-11-14,nba,Charlotte Hornets,Miami Heat,105,111,0
2023-11-14,nba,Detroit Pistons,Atlanta Hawks,120,126,0
2023-11-14,nba,Philadelphia 76ers,Indiana Pacers,126,132,0
2023-11-14,nba,Brooklyn Nets,Orlando Magic,124,104,1
2023-11-14,nba,Oklahoma City Thunder,San Antonio Spurs,123,87,1
2023-11-14,nba,New Orleans Pelicans,Dallas Mavericks,131,110,1
2023-11-14,nba,Utah Jazz,Portland Trail Blazers,115,99,1
2023-11-14,nba,Denver Nuggets,LA Clippers,111,108,1
2023-11-14,nba,Golden State Warriors,Minnesota Timberwolves,101,104,0
2023-11-14,nba,Los Angeles Lakers,Memphis Grizzlies,134,107,1
2023-11-15,nba,Washington Wizards,Dallas Mavericks,117,130,0
2023-11-15,nba,Atlanta Hawks,New York Knicks,114,116,0
2023-11-15,nba,Philadelphia 76ers,Boston Celtics,107,117,0
2023-11-15,nba,Toronto Raptors,Milwaukee Bucks,112,128,0
2023-11-15,nba,Chicago Bulls,Orlando Magic,94,96,0
2023-11-15,nba,Phoenix Suns,Minnesota Timberwolves,133,115,1
2023-11-15,nba,Los Angeles Lakers,Sacramento Kings,110,125,0
2023-11-15,nba,Portland Trail Blazers,Cleveland Cavaliers,95,109,0
2023-11-16,nba,Miami Heat,Brooklyn Nets,122,115,1
2023-11-16,nba,Golden State Warriors,Oklahoma City Thunder,109,128,0
2023-11-17,nba,Charlotte Hornets,Milwaukee Bucks,99,130,0
2023-11-17,nba,Washington Wizards,New York Knicks,99,120,0
2023-11-17,nba,Atlanta Hawks,Philadelphia 76ers,116,126,0
2023-11-17,nba,Cleveland Cavaliers,Detroit Pistons,108,100,1
2023-11-17,nba,Toronto Raptors,Boston Celtics,105,108,0
2023-11-17,nba,San Antonio Spurs,Sacramento Kings,120,129,0
2023-11-17,nba,Chicago Bulls,Orlando Magic,97,103,0
2023-11-17,nba,New Orleans Pelicans,Denver Nuggets,115,110,1
2023-11-17,nba,Utah Jazz,Phoenix Suns,128,131,0
2023-11-17,nba,Portland Trail Blazers,Los Angeles Lakers,95,107,0
2023-11-17,nba,LA Clippers,Houston Rockets,106,100,1
2023-11-18,nba,Charlotte Hornets,New York Knicks,108,122,0
2023-11-18,nba,New Orleans Pelicans,Minnesota Timberwolves,120,121,0
2023-11-18,nba,Chicago Bulls,Miami Heat,102,97,1
2023-11-18,nba,Milwaukee Bucks,Dallas Mavericks,132,125,1
2023-11-18,nba,San Antonio Spurs,Memphis Grizzlies,108,120,0
2023-11-18,nba,Golden State Warriors,Oklahoma City Thunder,123,130,0
2023-11-19,nba,Brooklyn Nets,Philadelphia 76ers,99,121,0
2023-11-19,nba,Toronto Raptors,Detroit Pistons,142,113,1
2023-11-19,nba,Indiana Pacers,Orlando Magic,116,128,0
2023-11-19,nba,Cleveland Cavaliers,Denver Nuggets,121,109,1
2023-11-19,nba,Dallas Mavericks,Sacramento Kings,113,129,0
2023-11-19,nba,Memphis Grizzlies,Boston Celtics,100,102,0
2023-11-19,nba,Utah Jazz,Phoenix Suns,137,140,0
2023-11-19,nba,Portland Trail Blazers,Oklahoma City Thunder,91,134,0
2023-11-19,nba,Los Angeles Lakers,Houston Rockets,105,104,1
2023-11-20,nba,Charlotte Hornets,Boston Celtics,121,118,1
2023-11-20,nba,Detroit Pistons,Denver Nuggets,103,107,0
2023-11-20,nba,Washington Wizards,Milwaukee Bucks,129,142,0
2023-11-20,nba,Chicago Bulls,Miami Heat,100,118,0
2023-11-20,nba,Minnesota Timberwolves,New York Knicks,117,100,1
2023-11-20,nba,New Orleans Pelicans,Sacramento Kings,129,93,1
2023-11-20,nba,San Antonio Spurs,LA Clippers,99,124,0
2023-11-20,nba,Golden State Warriors,Houston Rockets,121,116,1
2023-11-21,nba,Orlando Magic,Toronto Raptors,126,107,1
2023-11-21,nba,Atlanta Hawks,Indiana Pacers,152,157,0
2023-11-21,nba,Philadelphia 76ers,Cleveland Cavaliers,119,122,0
2023-11-21,nba,Phoenix Suns,Portland Trail Blazers,120,107,1
2023-11-21,nba,Los Angeles Lakers,Utah Jazz,131,99,1
2023-11-22,nba,Charlotte Hornets,Washington Wizards,117,114,1
2023-11-22,nba,Orlando Magic,Denver Nuggets,124,119,1
2023-11-22,nba,Atlanta Hawks,Brooklyn Nets,147,145,1
2023-11-22,nba,Boston Celtics,Milwaukee Bucks,119,116,1
2023-11-22,nba,Cleveland Cavaliers,Miami Heat,96,129,0
2023-11-22,nba,Indiana Pacers,Toronto Raptors,131,132,0
2023-11-22,nba,Houston Rockets,Memphis Grizzlies,111,91,1
2023-11-22,nba,Minnesota Timberwolves,Philadelphia 76ers,112,99,1
2023-11-22,nba,New Orleans Pelicans,Sacramento Kings,117,112,1
2023-11-22,nba,Oklahoma City Thunder,Chicago Bulls,116,102,1
2023-11-22,nba,San Antonio Spurs,LA Clippers,102,109,0
2023-11-22,nba,Phoenix Suns,Golden State Warriors,123,115,1
2023-11-22,nba,Portland Trail Blazers,Utah Jazz,121,105,1
2023-11-22,nba,Los Angeles Lakers,Dallas Mavericks,101,104,0
2023-11-24,nba,Orlando Magic,Boston Celtics,113,96,1
2023-11-24,nba,Memphis Grizzlies,Phoenix Suns,89,110,0
2023-11-24,nba,New York Knicks,Miami Heat,100,98,1
2023-11-24,nba,Toronto Raptors,Chicago Bulls,121,108,1
2023-11-24,nba,Indiana Pacers,Detroit Pistons,136,113,1
2023-11-24,nba,Houston Rockets,Denver Nuggets,105,86,1
2023-11-24,nba,Milwaukee Bucks,Washington Wizards,131,128,1
2023-11-24,nba,Minnesota Timberwolves,Sacramento Kings,111,124,0
2023-11-24,nba,Golden State Warriors,San Antonio Spurs,118,112,1
2023-11-24,nba,LA Clippers,New Orleans Pelicans,106,116,0
2023-11-25,nba,Oklahoma City Thunder,Philadelphia 76ers,123,127,0
2023-11-25,nba,Brooklyn Nets,Miami Heat,112,97,1
2023-11-25,nba,Washington Wizards,Atlanta Hawks,108,136,0
2023-11-25,nba,Cleveland Cavaliers,Los Angeles Lakers,115,121,0
2023-11-25,nba,Utah Jazz,New Orleans Pelicans,105,100,1
2023-11-25,nba,LA Clippers,Dallas Mavericks,107,88,1
2023-11-26,nba,Milwaukee Bucks,Portland Trail Blazers,108,102,1
2023-11-26,nba,Boston Celtics,Atlanta Hawks,113,103,1
2023-11-26,nba,New York Knicks,Phoenix Suns,113,116,0
2023-11-26,nba,Orlando Magic,Charlotte Hornets,130,117,1
2023-11-26,nba,Memphis Grizzlies,Minnesota Timberwolves,97,119,0
2023-11-26,nba,Brooklyn Nets,Chicago Bulls,118,109,1
2023-11-26,nba,Cleveland Cavaliers,Toronto Raptors,105,102,1
2023-11-26,nba,Denver Nuggets,San Antonio Spurs,132,120,1
2023-11-27,nba,Detroit Pistons,Washington Wizards,107,126,0
2023-11-27,nba,Indiana Pacers,Portland Trail Blazers,110,114,0
2023-11-27,nba,Philadelphia 76ers,Los Angeles Lakers,138,94,1
2023-11-27,nba,Utah Jazz,New Orleans Pelicans,114,112,1
2023-11-27,nba,LA Clippers,Denver Nuggets,104,113,0
2023-11-28,nba,Boston Celtics,Chicago Bulls,124,97,1
2023-11-28,nba,Brooklyn Nets,Toronto Raptors,115,103,1
2023-11-28,nba,Cleveland Cavaliers,Atlanta Hawks,128,105,1
2023-11-28,nba,Miami Heat,Milwaukee Bucks,124,131,0
2023-11-28,nba,New York Knicks,Charlotte Hornets,115,91,1
2023-11-28,nba,Minnesota Timberwolves,Oklahoma City Thunder,106,103,1
2023-11-28,nba,Dallas Mavericks,Houston Rockets,121,115,1
2023-11-28,nba,Sacramento Kings,Golden State Warriors,124,123,1
2023-11-29,nba,Detroit Pistons,Los Angeles Lakers,107,133,0
2023-11-29,nba,Orlando Magic,Washington Wizards,139,120,1
2023-11-29,nba,Toronto Raptors,Phoenix Suns,112,105,1
2023-11-29,nba,Memphis Grizzlies,Utah Jazz,105,91,1
2023-11-29,nba,New Orleans Pelicans,Philadelphia 76ers,124,114,1
2023-11-29,nba,Denver Nuggets,Houston Rockets,134,124,1
2023-11-29,nba,Sacramento Kings,LA Clippers,117,131,0
2023-11-30,nba,Cleveland Cavaliers,Portland Trail Blazers,95,103,0
2023-11-30,nba,Brooklyn Nets,Charlotte Hornets,128,129,0
2023-11-30,nba,Miami Heat,Indiana Pacers,142,132,1
2023-11-30,nba,New York Knicks,Detroit Pistons,118,112,1
2023-11-30,nba,Chicago Bulls,Milwaukee Bucks,120,113,1
2023-11-30,nba,Minnesota Timberwolves,Utah Jazz,101,90,1
2023-11-30,nba,Oklahoma City Thunder,Los Angeles Lakers,133,110,1
2023-11-30,nba,San Antonio Spurs,Atlanta Hawks,135,137,0
2023-11-30,nba,Golden State Warriors,LA Clippers,120,114,1
2023-12-01,nba,Orlando Magic,Washington Wizards,130,125,1
2023-12-01,nba,Boston Celtics,Philadelphia 76ers,125,119,1
2023-12-01,nba,Toronto Raptors,New York Knicks,106,119,0
2023-12-01,nba,Dallas Mavericks,Memphis Grizzlies,94,108,0
2023-12-01,nba,New Orleans Pelicans,San Antonio Spurs,121,106,1
2023-12-01,nba,Phoenix Suns,Denver Nuggets,111,119,0
2023-12-02,nba,LA Clippers,Golden State Warriors,113,112,1
2023-12-02,nba,Charlotte Hornets,Minnesota Timberwolves,117,123,0
2023-12-02,nba,Brooklyn Nets,Orlando Magic,129,101,1
2023-12-02,nba,Detroit Pistons,Cleveland Cavaliers,101,110,0
2023-12-02,nba,Miami Heat,Indiana Pacers,129,144,0
2023-12-02,nba,Chicago Bulls,New Orleans Pelicans,124,118,1
2023-12-02,nba,Milwaukee Bucks,Atlanta Hawks,132,121,1
2023-12-02,nba,Dallas Mavericks,Oklahoma City Thunder,120,126,0
2023-12-02,nba,Phoenix Suns,Memphis Grizzlies,116,109,1
2023-12-02,nba,Utah Jazz,Portland Trail Blazers,118,113,1
2023-12-02,nba,Sacramento Kings,Denver Nuggets,123,117,1
2023-12-02,nba,Los Angeles Lakers,Houston Rockets,107,97,1
2023-12-04,nba,Indiana Pacers,Boston Celtics,122,112,1
2023-12-04,nba,Sacramento Kings,New Orleans Pelicans,117,127,0
2023-12-05,nba,Milwaukee Bucks,New York Knicks,146,122,1
2023-12-05,nba,Los Angeles Lakers,Phoenix Suns,106,103,1
2023-12-06,nba,Cleveland Cavaliers,Orlando Magic,121,111,1
2023-12-06,nba,Detroit Pistons,Memphis Grizzlies,102,116,0
2023-12-06,nba,Washington Wizards,Philadelphia 76ers,126,131,0
2023-12-06,nba,Toronto Raptors,Miami Heat,103,112,0
2023-12-06,nba,Atlanta Hawks,Brooklyn Nets,113,114,0
2023-12-06,nba,Minnesota Timberwolves,San Antonio Spurs,102,94,1
2023-12-06,nba,Chicago Bulls,Charlotte Hornets,111,100,1
2023-12-06,nba,Houston Rockets,Oklahoma City Thunder,110,101,1
2023-12-06,nba,Dallas Mavericks,Utah Jazz,147,97,1
2023-12-06,nba,Golden State Warriors,Portland Trail Blazers,110,106,1
2023-12-06,nba,LA Clippers,Denver Nuggets,111,102,1
2023-12-07,nba,Milwaukee Bucks,Indiana Pacers,119,128,0
2023-12-07,nba,Los Angeles Lakers,New Orleans Pelicans,133,89,1
2023-12-08,nba,Charlotte Hornets,Toronto Raptors,119,116,1
2023-12-08,nba,Orlando Magic,Detroit Pistons,123,91,1
2023-12-08,nba,Philadelphia 76ers,Atlanta Hawks,125,114,1
2023-12-08,nba,Brooklyn Nets,Washington Wizards,124,97,1
2023-12-08,nba,Boston Celtics,New York Knicks,133,123,1
2023-12-08,nba,Miami Heat,Cleveland Cavaliers,99,111,0
2023-12-08,nba,Memphis Grizzlies,Minnesota Timberwolves,103,127,0
2023-12-08,nba,Oklahoma City Thunder,Golden State Warriors,138,136,1
2023-12-08,nba,San Antonio Spurs,Chicago Bulls,112,121,0
2023-12-08,nba,Denver Nuggets,Houston Rockets,106,114,0
2023-12-08,nba,Phoenix Suns,Sacramento Kings,106,114,0
2023-12-08,nba,Utah Jazz,LA Clippers,103,117,0
2023-12-08,nba,Portland Trail Blazers,Dallas Mavericks,112,125,0
2023-12-09,nba,Los Angeles Lakers,Indiana Pacers,123,109,1
2023-12-11,nba,Charlotte Hornets,Miami Heat,114,116,0
2023-12-11,nba,Detroit Pistons,Indiana Pacers,123,131,0
2023-12-11,nba,Orlando Magic,Cleveland Cavaliers,104,94,1
2023-12-11,nba,Philadelphia 76ers,Washington Wizards,146,101,1
2023-12-11,nba,Atlanta Hawks,Denver Nuggets,122,129,0
2023-12-11,nba,New York Knicks,Toronto Raptors,136,130,1
2023-12-11,nba,Houston Rockets,San Antonio Spurs,93,82,1
2023-12-11,nba,Memphis Grizzlies,Dallas Mavericks,113,120,0
2023-12-11,nba,Milwaukee Bucks,Chicago Bulls,133,129,1
2023-12-11,nba,New Orleans Pelicans,Minnesota Timberwolves,121,107,1
2023-12-11,nba,Oklahoma City Thunder,Utah Jazz,134,120,1
2023-12-11,nba,Sacramento Kings,Brooklyn Nets,131,118,1
2023-12-11,nba,LA Clippers,Portland Trail Blazers,132,127,1
2023-12-12,nba,Boston Celtics,Cleveland Cavaliers,120,113,1
2023-12-12,nba,Dallas Mavericks,Los Angeles Lakers,127,125,1
2023-12-12,nba,Chicago Bulls,Denver Nuggets,106,114,0
2023-12-12,nba,Phoenix Suns,Golden State Warriors,119,116,1
2023-12-12,nba,LA Clippers,Sacramento Kings,119,99,1
2023-12-13,nba,Detroit Pistons,Philadelphia 76ers,111,129,0
2023-12-13,nba,Washington Wizards,New Orleans Pelicans,122,142,0
2023-12-13,nba,Miami Heat,Charlotte Hornets,115,104,1
2023-12-13,nba,Toronto Raptors,Atlanta Hawks,135,128,1
2023-12-13,nba,Houston Rockets,Memphis Grizzlies,117,104,1
2023-12-13,nba,Milwaukee Bucks,Indiana Pacers,140,126,1
2023-12-13,nba,San Antonio Spurs,Los Angeles Lakers,119,122,0
2023-12-13,nba,Phoenix Suns,Brooklyn Nets,112,116,0
2023-12-13,nba,Utah Jazz,New York Knicks,117,113,1
2023-12-14,nba,Boston Celtics,Cleveland Cavaliers,116,107,1
2023-12-14,nba,Miami Heat,Chicago Bulls,116,124,0
2023-12-14,nba,Dallas Mavericks,Minnesota Timberwolves,101,119,0
2023-12-14,nba,Denver Nuggets,Brooklyn Nets,124,101,1
2023-12-14,nba,Portland Trail Blazers,Utah Jazz,114,122,0
2023-12-14,nba,Sacramento Kings,Oklahoma City Thunder,128,123,1
2023-12-14,nba,LA Clippers,Golden State Warriors,121,113,1
2023-12-15,nba,Charlotte Hornets,New Orleans Pelicans,107,112,0
2023-12-15,nba,Philadelphia 76ers,Detroit Pistons,124,92,1
2023-12-15,nba,Washington Wizards,Indiana Pacers,137,123,1
2023-12-15,nba,Boston Celtics,Orlando Magic,128,111,1
2023-12-15,nba,Toronto Raptors,Atlanta Hawks,104,125,0
2023-12-15,nba,San Antonio Spurs,Los Angeles Lakers,129,115,1
2023-12-15,nba,Memphis Grizzlies,Houston Rockets,96,103,0
2023-12-15,nba,Phoenix Suns,New York Knicks,122,139,0
2023-12-16,nba,Milwaukee Bucks,Detroit Pistons,146,114,1
2023-12-16,nba,Charlotte Hornets,Philadelphia 76ers,82,135,0
2023-12-16,nba,Cleveland Cavaliers,Atlanta Hawks,127,119,1
2023-12-16,nba,Miami Heat,Chicago Bulls,118,116,1
2023-12-16,nba,Minnesota Timberwolves,Indiana Pacers,127,109,1
2023-12-16,nba,Golden State Warriors,Brooklyn Nets,124,120,1
2023-12-16,nba,Denver Nuggets,Oklahoma City Thunder,117,118,0
2023-12-16,nba,Portland Trail Blazers,Dallas Mavericks,120,131,0
2023-12-16,nba,Sacramento Kings,Utah Jazz,125,104,1
2023-12-16,nba,LA Clippers,New York Knicks,144,122,1
2023-12-17,nba,Boston Celtics,Orlando Magic,114,97,1
2023-12-17,nba,San Antonio Spurs,New Orleans Pelicans,110,146,0
2023-12-17,nba,Milwaukee Bucks,Houston Rockets,128,119,1
2023-12-17,nba,Phoenix Suns,Washington Wizards,112,108,1
2023-12-17,nba,Portland Trail Blazers,Golden State Warriors,114,118,0
2023-12-18,nba,Cleveland Cavaliers,Houston Rockets,135,130,1
2023-12-18,nba,Indiana Pacers,LA Clippers,127,151,0
2023-12-18,nba,Philadelphia 76ers,Chicago Bulls,104,108,0
2023-12-18,nba,Atlanta Hawks,Detroit Pistons,130,124,1
2023-12-18,nba,Miami Heat,Minnesota Timberwolves,108,112,0
2023-12-18,nba,Toronto Raptors,Charlotte Hornets,114,99,1
2023-12-18,nba,Oklahoma City Thunder,Memphis Grizzlies,116,97,1
2023-12-18,nba,Denver Nuggets,Dallas Mavericks,130,104,1
2023-12-18,nba,Utah Jazz,Brooklyn Nets,125,108,1
2023-12-18,nba,Sacramento Kings,Washington Wizards,143,131,1
2023-12-18,nba,Los Angeles Lakers,New York Knicks,109,114,0
2023-12-19,nba,New Orleans Pelicans,Memphis Grizzlies,113,115,0
2023-12-19,nba,Milwaukee Bucks,San Antonio Spurs,132,119,1
2023-12-19,nba,Golden State Warriors,Boston Celtics,132,126,1
2023-12-19,nba,Portland Trail Blazers,Phoenix Suns,109,104,1
2023-12-20,nba,Cleveland Cavaliers,Utah Jazz,124,116,1
2023-12-20,nba,Indiana Pacers,Charlotte Hornets,144,113,1
2023-12-20,nba,Orlando Magic,Miami Heat,106,115,0
2023-12-20,nba,Philadelphia 76ers,Minnesota Timberwolves,127,113,1
2023-12-20,nba,Brooklyn Nets,New York Knicks,102,121,0
2023-12-20,nba,Toronto Raptors,Denver Nuggets,104,113,0
2023-12-20,nba,Chicago Bulls,Los Angeles Lakers,124,108,1
2023-12-20,nba,Houston Rockets,Atlanta Hawks,127,134,0
2023-12-20,nba,Dallas Mavericks,LA Clippers,111,120,0
2023-12-20,nba,Sacramento Kings,Boston Celtics,119,144,0
2023-12-21,nba,Detroit Pistons,Utah Jazz,111,119,0
2023-12-21,nba,Cleveland Cavaliers,New Orleans Pelicans,104,123,0
2023-12-21,nba,Chicago Bulls,San Antonio Spurs,114,95,1
2023-12-21,nba,Memphis Grizzlies,Indiana Pacers,116,103,1
2023-12-21,nba,Milwaukee Bucks,Orlando Magic,118,114,1
2023-12-21,nba,Oklahoma City Thunder,LA Clippers,134,115,1
2023-12-21,nba,Minnesota Timberwolves,Los Angeles Lakers,118,111,1
2023-12-21,nba,Portland Trail Blazers,Washington Wizards,117,118,0
2023-12-22,nba,Philadelphia 76ers,Toronto Raptors,121,111,1
2023-12-22,nba,Brooklyn Nets,Denver Nuggets,117,122,0
2023-12-22,nba,Miami Heat,Atlanta Hawks,122,113,1
2023-12-22,nba,Houston Rockets,Dallas Mavericks,122,96,1
2023-12-22,nba,Sacramento Kings,Phoenix Suns,120,105,1
2023-12-22,nba,Golden State Warriors,Washington Wizards,129,118,1
2023-12-23,nba,New York Knicks,Milwaukee Bucks,111,130,0
2023-12-23,nba,LA Clippers,Boston Celtics,108,145,0
2023-12-23,nba,Charlotte Hornets,Denver Nuggets,95,102,0
2023-12-23,nba,Indiana Pacers,Orlando Magic,110,117,0
2023-12-23,nba,New Orleans Pelicans,Houston Rockets,104,106,0
2023-12-23,nba,Atlanta Hawks,Memphis Grizzlies,119,125,0
2023-12-23,nba,Brooklyn Nets,Detroit Pistons,126,115,1
2023-12-23,nba,Toronto Raptors,Utah Jazz,119,126,0
2023-12-23,nba,Chicago Bulls,Cleveland Cavaliers,95,109,0
2023-12-23,nba,Oklahoma City Thunder,Los Angeles Lakers,120,129,0
2023-12-23,nba,Dallas Mavericks,San Antonio Spurs,144,119,1
2023-12-23,nba,Golden State Warriors,Portland Trail Blazers,126,106,1
2023-12-23,nba,Sacramento Kings,Minnesota Timberwolves,98,110,0
2023-12-25,nba,New York Knicks,Milwaukee Bucks,129,122,1
2023-12-25,nba,Denver Nuggets,Golden State Warriors,120,114,1
2023-12-25,nba,Los Angeles Lakers,Boston Celtics,115,126,0
2023-12-25,nba,Miami Heat,Philadelphia 76ers,119,113,1
2023-12-25,nba,Phoenix Suns,Dallas Mavericks,114,128,0
2023-12-26,nba,Detroit Pistons,Brooklyn Nets,112,118,0
2023-12-26,nba,Washington Wizards,Orlando Magic,119,127,0
2023-12-26,nba,Chicago Bulls,Atlanta Hawks,118,113,1
2023-12-26,nba,Houston Rockets,Indiana Pacers,117,123,0
2023-12-26,nba,New Orleans Pelicans,Memphis Grizzlies,115,116,0
2023-12-26,nba,Oklahoma City Thunder,Minnesota Timberwolves,129,106,1
2023-12-26,nba,San Antonio Spurs,Utah Jazz,118,130,0
2023-12-26,nba,Portland Trail Blazers,Sacramento Kings,130,113,1
2023-12-26,nba,LA Clippers,Charlotte Hornets,113,104,1
2023-12-27,nba,Orlando Magic,Philadelphia 76ers,92,112,0
2023-12-27,nba,Washington Wizards,Toronto Raptors,102,132,0
2023-12-27,nba,Brooklyn Nets,Milwaukee Bucks,122,144,0
2023-12-27,nba,Houston Rockets,Phoenix Suns,113,129,0
2023-12-27,nba,Oklahoma City Thunder,New York Knicks,129,120,1
2023-12-27,nba,Dallas Mavericks,Cleveland Cavaliers,110,113,0
2023-12-28,nba,Boston Celtics,Detroit Pistons,128,122,1
2023-12-28,nba,Chicago Bulls,Indiana Pacers,104,120,0
2023-12-28,nba,Minnesota Timberwolves,Dallas Mavericks,118,110,1
2023-12-28,nba,New Orleans Pelicans,Utah Jazz,112,105,1
2023-12-28,nba,Denver Nuggets,Memphis Grizzlies,142,105,1
2023-12-28,nba,Golden State Warriors,Miami Heat,102,114,0
2023-12-28,nba,Portland Trail Blazers,San Antonio Spurs,105,118,0
2023-12-28,nba,Los Angeles Lakers,Charlotte Hornets,133,112,1
2023-12-29,nba,Orlando Magic,New York Knicks,117,108,1
2023-12-29,nba,Washington Wizards,Brooklyn Nets,110,104,1
2023-12-29,nba,Atlanta Hawks,Sacramento Kings,110,117,0
2023-12-29,nba,Boston Celtics,Toronto Raptors,120,118,1
2023-12-29,nba,Cleveland Cavaliers,Milwaukee Bucks,111,119,0
2023-12-29,nba,Houston Rockets,Philadelphia 76ers,127,131,0
2023-12-29,nba,Denver Nuggets,Oklahoma City Thunder,93,119,0
2023-12-29,nba,Phoenix Suns,Charlotte Hornets,133,119,1
2023-12-29,nba,Portland Trail Blazers,San Antonio Spurs,134,128,1
2023-12-29,nba,LA Clippers,Memphis Grizzlies,117,106,1
2023-12-30,nba,Utah Jazz,Miami Heat,117,109,1
2023-12-30,nba,Detroit Pistons,Toronto Raptors,129,127,1
2023-12-30,nba,Indiana Pacers,New York Knicks,140,126,1
2023-12-30,nba,Chicago Bulls,Philadelphia 76ers,105,92,1
2023-12-30,nba,Minnesota Timberwolves,Los Angeles Lakers,108,106,1
2023-12-30,nba,Golden State Warriors,Dallas Mavericks,122,132,0
2023-12-31,nba,Washington Wizards,Atlanta Hawks,126,130,0
2023-12-31,nba,New Orleans Pelicans,Los Angeles Lakers,129,109,1
2023-12-31,nba,Oklahoma City Thunder,Brooklyn Nets,124,108,1
2023-12-31,nba,San Antonio Spurs,Boston Celtics,101,134,0
2023-12-31,nba,Memphis Grizzlies,Sacramento Kings,92,123,0
2023-12-31,nba,Phoenix Suns,Orlando Magic,112,107,1
2024-01-01,nba,New York Knicks,Minnesota Timberwolves,112,106,1
2024-01-01,nba,Toronto Raptors,Cleveland Cavaliers,124,121,1
2024-01-01,nba,Houston Rockets,Detroit Pistons,136,113,1
2024-01-01,nba,Milwaukee Bucks,Indiana Pacers,113,122,0
2024-01-01,nba,Denver Nuggets,Charlotte Hornets,111,93,1
2024-01-01,nba,Phoenix Suns,Portland Trail Blazers,109,88,1
2024-01-01,nba,Utah Jazz,Dallas Mavericks,127,90,1
2024-01-01,nba,LA Clippers,Miami Heat,121,104,1
2024-01-02,nba,Philadelphia 76ers,Chicago Bulls,110,97,1
2024-01-02,nba,Memphis Grizzlies,San Antonio Spurs,106,98,1
2024-01-02,nba,New Orleans Pelicans,Brooklyn Nets,112,85,1
2024-01-02,nba,Oklahoma City Thunder,Boston Celtics,127,123,1
2024-01-02,nba,Golden State Warriors,Orlando Magic,121,115,1
2024-01-02,nba,Sacramento Kings,Charlotte Hornets,104,111,0
2024-01-03,nba,Cleveland Cavaliers,Washington Wizards,140,101,1
2024-01-03,nba,Indiana Pacers,Milwaukee Bucks,142,130,1
2024-01-03,nba,Atlanta Hawks,Oklahoma City Thunder,141,138,1
2024-01-03,nba,Houston Rockets,Brooklyn Nets,112,101,1
2024-01-03,nba,Memphis Grizzlies,Toronto Raptors,111,116,0
2024-01-03,nba,Minnesota Timberwolves,New Orleans Pelicans,106,117,0
2024-01-03,nba,New York Knicks,Chicago Bulls,116,100,1
2024-01-03,nba,Dallas Mavericks,Portland Trail Blazers,126,97,1
2024-01-03,nba,Phoenix Suns,LA Clippers,122,131,0
2024-01-03,nba,Utah Jazz,Detroit Pistons,154,148,1
2024-01-03,nba,Los Angeles Lakers,Miami Heat,96,110,0
2024-01-03,nba,Sacramento Kings,Orlando Magic,138,135,1
2024-01-04,nba,San Antonio Spurs,Milwaukee Bucks,121,125,0
2024-01-04,nba,Golden State Warriors,Denver Nuggets,127,130,0
2024-01-05,nba,Boston Celtics,Utah Jazz,126,97,1
2024-01-05,nba,Indiana Pacers,Atlanta Hawks,150,116,1
2024-01-05,nba,Brooklyn Nets,Oklahoma City Thunder,124,115,1
2024-01-05,nba,Cleveland Cavaliers,Washington Wizards,114,90,1
2024-01-05,nba,Philadelphia 76ers,New York Knicks,92,128,0
2024-01-05,nba,Chicago Bulls,Charlotte Hornets,104,91,1
2024-01-05,nba,Houston Rockets,Minnesota Timberwolves,95,122,0
2024-01-05,nba,New Orleans Pelicans,LA Clippers,95,111,0
2024-01-05,nba,Dallas Mavericks,Portland Trail Blazers,139,103,1
2024-01-05,nba,Denver Nuggets,Orlando Magic,120,122,0
2024-01-05,nba,Phoenix Suns,Miami Heat,113,97,1
2024-01-05,nba,Golden State Warriors,Detroit Pistons,113,109,1
2024-01-05,nba,Los Angeles Lakers,Memphis Grizzlies,113,127,0
2024-01-05,nba,Sacramento Kings,Toronto Raptors,135,130,1
2024-01-06,nba,Indiana Pacers,Boston Celtics,101,118,0
2024-01-06,nba,Washington Wizards,New York Knicks,105,121,0
2024-01-06,nba,Philadelphia 76ers,Utah Jazz,109,120,0
2024-01-06,nba,Houston Rockets,Milwaukee Bucks,112,108,1
2024-01-07,nba,Cleveland Cavaliers,San Antonio Spurs,117,115,1
2024-01-07,nba,Brooklyn Nets,Portland Trail Blazers,127,134,0
2024-01-07,nba,Orlando Magic,Atlanta Hawks,117,110,1
2024-01-07,nba,Sacramento Kings,New Orleans Pelicans,100,133,0
2024-01-07,nba,Dallas Mavericks,Minnesota Timberwolves,115,108,1
2024-01-07,nba,Denver Nuggets,Detroit Pistons,131,114,1
2024-01-07,nba,Phoenix Suns,Memphis Grizzlies,115,121,0
2024-01-07,nba,Golden State Warriors,Toronto Raptors,118,133,0
2024-01-07,nba,Los Angeles Lakers,LA Clippers,106,103,1
2024-01-08,nba,Charlotte Hornets,Chicago Bulls,112,119,0
2024-01-08,nba,Indiana Pacers,Boston Celtics,133,131,1
2024-01-08,nba,Washington Wizards,Oklahoma City Thunder,128,136,0
2024-01-08,nba,Miami Heat,Houston Rockets,120,113,1
2024-01-08,nba,Milwaukee Bucks,Utah Jazz,116,132,0
2024-01-08,nba,LA Clippers,Phoenix Suns,138,111,1
2024-01-09,nba,Detroit Pistons,Sacramento Kings,110,131,0
2024-01-09,nba,Orlando Magic,Minnesota Timberwolves,92,113,0
2024-01-09,nba,New York Knicks,Portland Trail Blazers,112,84,1
2024-01-09,nba,Dallas Mavericks,Memphis Grizzlies,103,120,0
2024-01-09,nba,Los Angeles Lakers,Toronto Raptors,132,131,1
2024-01-10,nba,Boston Celtics,Minnesota Timberwolves,127,120,1
2024-01-10,nba,Charlotte Hornets,Sacramento Kings,98,123,0
2024-01-10,nba,Detroit Pistons,San Antonio Spurs,108,130,0
2024-01-10,nba,Indiana Pacers,Washington Wizards,112,104,1
2024-01-10,nba,Atlanta Hawks,Philadelphia 76ers,139,132,1
2024-01-10,nba,Miami Heat,Oklahoma City Thunder,120,128,0
2024-01-10,nba,Chicago Bulls,Houston Rockets,124,119,1
2024-01-10,nba,Golden State Warriors,New Orleans Pelicans,105,141,0
2024-01-10,nba,Utah Jazz,Denver Nuggets,124,111,1
2024-01-10,nba,LA Clippers,Toronto Raptors,126,120,1
2024-01-11,nba,Cleveland Cavaliers,Brooklyn Nets,111,102,1
2024-01-11,nba,Milwaukee Bucks,Boston Celtics,135,102,1
2024-01-11,nba,Oklahoma City Thunder,Portland Trail Blazers,139,77,1
2024-01-11,nba,Dallas Mavericks,New York Knicks,128,124,1
2024-01-11,nba,Los Angeles Lakers,Phoenix Suns,109,127,0
2024-01-12,nba,Philadelphia 76ers,Sacramento Kings,112,93,1
2024-01-12,nba,Atlanta Hawks,Indiana Pacers,108,126,0
2024-01-12,nba,Detroit Pistons,Houston Rockets,110,112,0
2024-01-12,nba,Miami Heat,Orlando Magic,99,96,1
2024-01-12,nba,Chicago Bulls,Golden State Warriors,131,140,0
2024-01-12,nba,Memphis Grizzlies,LA Clippers,119,128,0
2024-01-12,nba,Minnesota Timberwolves,Portland Trail Blazers,116,93,1
2024-01-12,nba,San Antonio Spurs,Charlotte Hornets,135,99,1
2024-01-12,nba,Utah Jazz,Toronto Raptors,145,113,1
2024-01-12,nba,Denver Nuggets,New Orleans Pelicans,125,113,1
2024-01-13,nba,Boston Celtics,Houston Rockets,145,113,1
2024-01-13,nba,Atlanta Hawks,Washington Wizards,99,127,0
2024-01-13,nba,Memphis Grizzlies,New York Knicks,94,106,0
2024-01-13,nba,Milwaukee Bucks,Golden State Warriors,129,118,1
2024-01-13,nba,Oklahoma City Thunder,Orlando Magic,112,100,1
2024-01-13,nba,Dallas Mavericks,New Orleans Pelicans,108,118,0
2024-01-13,nba,San Antonio Spurs,Chicago Bulls,116,122,0
2024-01-13,nba,Utah Jazz,Los Angeles Lakers,132,125,1
2024-01-14,nba,Denver Nuggets,Indiana Pacers,117,109,1
2024-01-14,nba,Miami Heat,Charlotte Hornets,104,87,1
2024-01-14,nba,Milwaukee Bucks,Sacramento Kings,143,142,1
2024-01-14,nba,Minnesota Timberwolves,LA Clippers,109,105,1
2024-01-14,nba,Portland Trail Blazers,Phoenix Suns,116,127,0
2024-01-15,nba,Philadelphia 76ers,Houston Rockets,124,115,1
2024-01-15,nba,Dallas Mavericks,New Orleans Pelicans,125,120,1
2024-01-15,nba,New York Knicks,Orlando Magic,94,98,0
2024-01-15,nba,Washington Wizards,Detroit Pistons,117,129,0
2024-01-15,nba,Atlanta Hawks,San Antonio Spurs,109,99,1
2024-01-15,nba,Memphis Grizzlies,Golden State Warriors,116,107,1
2024-01-15,nba,Cleveland Cavaliers,Chicago Bulls,109,91,1
2024-01-15,nba,Brooklyn Nets,Miami Heat,95,96,0
2024-01-15,nba,Toronto Raptors,Boston Celtics,96,105,0
2024-01-15,nba,Utah Jazz,Indiana Pacers,132,105,1
2024-01-15,nba,Los Angeles Lakers,Oklahoma City Thunder,112,105,1
2024-01-16,nba,Philadelphia 76ers,Denver Nuggets,126,121,1
2024-01-16,nba,Phoenix Suns,Sacramento Kings,119,117,1
2024-01-16,nba,LA Clippers,Oklahoma City Thunder,128,117,1
2024-01-17,nba,Detroit Pistons,Minnesota Timberwolves,117,124,0
2024-01-17,nba,Atlanta Hawks,Orlando Magic,106,104,1
2024-01-17,nba,Boston Celtics,San Antonio Spurs,117,98,1
2024-01-17,nba,Cleveland Cavaliers,Milwaukee Bucks,135,95,1
2024-01-17,nba,New York Knicks,Houston Rockets,109,94,1
2024-01-17,nba,Toronto Raptors,Miami Heat,121,97,1
2024-01-17,nba,New Orleans Pelicans,Charlotte Hornets,132,112,1
2024-01-17,nba,Los Angeles Lakers,Dallas Mavericks,127,110,1
2024-01-17,nba,Portland Trail Blazers,Brooklyn Nets,105,103,1
2024-01-18,nba,New York Knicks,Washington Wizards,113,109,1
2024-01-18,nba,Toronto Raptors,Chicago Bulls,110,116,0
2024-01-18,nba,Utah Jazz,Oklahoma City Thunder,129,134,0
2024-01-18,nba,Minnesota Timberwolves,Memphis Grizzlies,118,103,1
2024-01-18,nba,Sacramento Kings,Indiana Pacers,121,126,0
2024-01-19,nba,Charlotte Hornets,San Antonio Spurs,124,120,1
2024-01-19,nba,Orlando Magic,Philadelphia 76ers,109,124,0
2024-01-19,nba,Boston Celtics,Denver Nuggets,100,102,0
2024-01-19,nba,Miami Heat,Atlanta Hawks,108,109,0
2024-01-19,nba,New Orleans Pelicans,Phoenix Suns,109,123,0
2024-01-19,nba,Portland Trail Blazers,Indiana Pacers,118,115,1
2024-01-19,nba,Los Angeles Lakers,Brooklyn Nets,112,130,0
2024-01-20,nba,Detroit Pistons,Milwaukee Bucks,135,141,0
2024-01-20,nba,Charlotte Hornets,Philadelphia 76ers,89,97,0
2024-01-20,nba,Washington Wizards,San Antonio Spurs,127,131,0
2024-01-20,nba,Atlanta Hawks,Cleveland Cavaliers,95,116,0
2024-01-20,nba,New York Knicks,Toronto Raptors,126,100,1
2024-01-20,nba,Chicago Bulls,Memphis Grizzlies,125,96,1
2024-01-20,nba,Houston Rockets,Utah Jazz,127,126,1
2024-01-20,nba,Minnesota Timberwolves,Oklahoma City Thunder,97,102,0
2024-01-21,nba,LA Clippers,Brooklyn Nets,125,114,1
2024-01-21,nba,Orlando Magic,Miami Heat,105,87,1
2024-01-21,nba,Washington Wizards,Denver Nuggets,104,113,0
2024-01-21,nba,Houston Rockets,Boston Celtics,107,116,0
2024-01-21,nba,Phoenix Suns,Indiana Pacers,117,110,1
2024-01-21,nba,Los Angeles Lakers,Portland Trail Blazers,134,110,1
2024-01-22,nba,Detroit Pistons,Milwaukee Bucks,113,122,0
2024-01-22,nba,Orlando Magic,Cleveland Cavaliers,99,126,0
2024-01-22,nba,Philadelphia 76ers,San Antonio Spurs,133,123,1
2024-01-22,nba,Toronto Raptors,Memphis Grizzlies,100,108,0
2024-01-22,nba,Minnesota Timberwolves,Charlotte Hornets,125,128,0
2024-01-22,nba,Dallas Mavericks,Boston Celtics,110,119,0
2024-01-22,nba,Phoenix Suns,Chicago Bulls,115,113,1
2024-01-22,nba,Sacramento Kings,Atlanta Hawks,122,107,1
2024-01-23,nba,Indiana Pacers,Denver Nuggets,109,114,0
2024-01-23,nba,Brooklyn Nets,New York Knicks,103,108,0
2024-01-23,nba,New Orleans Pelicans,Utah Jazz,153,124,1
2024-01-23,nba,Oklahoma City Thunder,Portland Trail Blazers,111,109,1
2024-01-23,nba,LA Clippers,Los Angeles Lakers,127,116,1
2024-01-24,nba,Detroit Pistons,Charlotte Hornets,113,106,1
2024-01-24,nba,Washington Wizards,Minnesota Timberwolves,107,118,0
2024-01-24,nba,Miami Heat,Memphis Grizzlies,96,105,0
2024-01-24,nba,Houston Rockets,Portland Trail Blazers,131,137,0
2024-01-24,nba,Milwaukee Bucks,Cleveland Cavaliers,126,116,1
2024-01-24,nba,Dallas Mavericks,Phoenix Suns,109,132,0
2024-01-24,nba,San Antonio Spurs,Oklahoma City Thunder,114,140,0
2024-01-24,nba,Golden State Warriors,Atlanta Hawks,134,112,1
2024-01-25,nba,Indiana Pacers,Philadelphia 76ers,134,122,1
2024-01-25,nba,Washington Wizards,Utah Jazz,108,123,0
2024-01-25,nba,Brooklyn Nets,Minnesota Timberwolves,94,96,0
2024-01-25,nba,Miami Heat,Boston Celtics,110,143,0
2024-01-25,nba,New York Knicks,Denver Nuggets,122,84,1
2024-01-25,nba,Golden State Warriors,Sacramento Kings,133,134,0
2024-01-25,nba,Los Angeles Lakers,Chicago Bulls,141,132,1
2024-01-26,nba,Atlanta Hawks,Dallas Mavericks,143,148,0
2024-01-26,nba,Charlotte Hornets,Houston Rockets,104,138,0
2024-01-26,nba,Indiana Pacers,Phoenix Suns,133,131,1
2024-01-26,nba,Toronto Raptors,LA Clippers,107,127,0
2024-01-26,nba,Memphis Grizzlies,Orlando Magic,107,106,1
2024-01-26,nba,Milwaukee Bucks,Cleveland Cavaliers,100,112,0
2024-01-26,nba,New Orleans Pelicans,Oklahoma City Thunder,83,107,0
2024-01-26,nba,San Antonio Spurs,Portland Trail Blazers,116,100,1
2024-01-27,nba,Detroit Pistons,Washington Wizards,104,118,0
2024-01-27,nba,New York Knicks,Miami Heat,125,109,1
2024-01-27,nba,Denver Nuggets,Philadelphia 76ers,111,105,1
2024-01-27,nba,Brooklyn Nets,Houston Rockets,106,104,1
2024-01-27,nba,Boston Celtics,LA Clippers,96,115,0
2024-01-27,nba,Charlotte Hornets,Utah Jazz,122,134,0
2024-01-27,nba,Milwaukee Bucks,New Orleans Pelicans,141,117,1
2024-01-27,nba,San Antonio Spurs,Minnesota Timberwolves,113,112,1
2024-01-27,nba,Golden State Warriors,Los Angeles Lakers,144,145,0
2024-01-27,nba,Dallas Mavericks,Sacramento Kings,115,120,0
2024-01-28,nba,Detroit Pistons,Oklahoma City Thunder,120,104,1
2024-01-28,nba,Indiana Pacers,Memphis Grizzlies,116,110,1
2024-01-28,nba,Atlanta Hawks,Toronto Raptors,126,125,1
2024-01-28,nba,Orlando Magic,Phoenix Suns,113,98,1
2024-01-28,nba,Portland Trail Blazers,Chicago Bulls,96,104,0
2024-01-29,nba,Charlotte Hornets,New York Knicks,92,113,0
2024-01-29,nba,Cleveland Cavaliers,LA Clippers,118,108,1
2024-01-29,nba,Boston Celtics,New Orleans Pelicans,118,112,1
2024-01-29,nba,Brooklyn Nets,Utah Jazz,147,114,1
2024-01-29,nba,Miami Heat,Phoenix Suns,105,118,0
2024-01-29,nba,Houston Rockets,Los Angeles Lakers,135,119,1
2024-01-29,nba,Memphis Grizzlies,Sacramento Kings,94,103,0
2024-01-29,nba,Oklahoma City Thunder,Minnesota Timberwolves,101,107,0
2024-01-29,nba,San Antonio Spurs,Washington Wizards,113,118,0
2024-01-29,nba,Dallas Mavericks,Orlando Magic,131,129,1
2024-01-29,nba,Denver Nuggets,Milwaukee Bucks,113,107,1
2024-01-29,nba,Portland Trail Blazers,Philadelphia 76ers,130,104,1
2024-01-30,nba,Atlanta Hawks,Los Angeles Lakers,138,122,1
2024-01-30,nba,Boston Celtics,Indiana Pacers,129,124,1
2024-01-30,nba,New York Knicks,Utah Jazz,118,103,1
2024-01-30,nba,Chicago Bulls,Toronto Raptors,107,118,0
2024-01-30,nba,Golden State Warriors,Philadelphia 76ers,119,107,1
2024-01-31,nba,Charlotte Hornets,Chicago Bulls,110,117,0
2024-01-31,nba,Cleveland Cavaliers,Detroit Pistons,128,121,1
2024-01-31,nba,Washington Wizards,LA Clippers,109,125,0
2024-01-31,nba,Miami Heat,Sacramento Kings,115,106,1
2024-01-31,nba,Houston Rockets,New Orleans Pelicans,99,110,0
2024-01-31,nba,Minnesota Timberwolves,Dallas Mavericks,121,87,1
2024-01-31,nba,San Antonio Spurs,Orlando Magic,98,108,0
2024-01-31,nba,Oklahoma City Thunder,Denver Nuggets,105,100,1
2024-01-31,nba,Brooklyn Nets,Phoenix Suns,120,136,0
2024-01-31,nba,Portland Trail Blazers,Milwaukee Bucks,119,116,1
2024-02-01,nba,Boston Celtics,Los Angeles Lakers,105,114,0
2024-02-01,nba,New York Knicks,Indiana Pacers,109,105,1
2024-02-01,nba,Memphis Grizzlies,Cleveland Cavaliers,101,108,0
2024-02-01,nba,Utah Jazz,Philadelphia 76ers,124,127,0
2024-02-02,nba,Detroit Pistons,LA Clippers,125,136,0
2024-02-02,nba,Washington Wizards,Miami Heat,102,110,0
2024-02-02,nba,Atlanta Hawks,Phoenix Suns,129,120,1
2024-02-02,nba,Indiana Pacers,Sacramento Kings,122,133,0
2024-02-02,nba,Houston Rockets,Toronto Raptors,135,106,1
2024-02-02,nba,Memphis Grizzlies,Golden State Warriors,101,121,0
2024-02-02,nba,Minnesota Timberwolves,Orlando Magic,106,108,0
2024-02-02,nba,Oklahoma City Thunder,Charlotte Hornets,126,106,1
2024-02-02,nba,San Antonio Spurs,New Orleans Pelicans,113,114,0
2024-02-02,nba,Denver Nuggets,Portland Trail Blazers,120,108,1
2024-02-03,nba,Philadelphia 76ers,Brooklyn Nets,121,136,0
2024-02-03,nba,Atlanta Hawks,Golden State Warriors,141,134,1
2024-02-03,nba,Chicago Bulls,Sacramento Kings,115,123,0
2024-02-03,nba,New York Knicks,Los Angeles Lakers,105,113,0
2024-02-03,nba,Dallas Mavericks,Milwaukee Bucks,117,129,0
2024-02-03,nba,San Antonio Spurs,Cleveland Cavaliers,101,117,0
2024-02-04,nba,Detroit Pistons,Orlando Magic,99,111,0
2024-02-04,nba,Washington Wizards,Phoenix Suns,112,140,0
2024-02-04,nba,Boston Celtics,Memphis Grizzlies,131,91,1
2024-02-04,nba,Charlotte Hornets,Indiana Pacers,99,115,0
2024-02-04,nba,Miami Heat,LA Clippers,95,103,0
2024-02-04,nba,Minnesota Timberwolves,Houston Rockets,111,90,1
2024-02-04,nba,Oklahoma City Thunder,Toronto Raptors,135,127,1
2024-02-04,nba,Utah Jazz,Milwaukee Bucks,123,108,1
2024-02-04,nba,Denver Nuggets,Portland Trail Blazers,112,103,1
2024-02-05,nba,Charlotte Hornets,Los Angeles Lakers,118,124,0
2024-02-05,nba,Cleveland Cavaliers,Sacramento Kings,136,110,1
2024-02-05,nba,Philadelphia 76ers,Dallas Mavericks,102,118,0
2024-02-05,nba,Atlanta Hawks,LA Clippers,144,149,0
2024-02-05,nba,Brooklyn Nets,Golden State Warriors,98,109,0
2024-02-05,nba,New Orleans Pelicans,Toronto Raptors,138,100,1
2024-02-06,nba,Indiana Pacers,Houston Rockets,132,129,1
2024-02-06,nba,Brooklyn Nets,Dallas Mavericks,107,119,0
2024-02-06,nba,Miami Heat,Orlando Magic,121,95,1
2024-02-06,nba,New York Knicks,Memphis Grizzlies,123,113,1
2024-02-06,nba,Chicago Bulls,Minnesota Timberwolves,129,123,1
2024-02-06,nba,Utah Jazz,Oklahoma City Thunder,124,117,1
2024-02-06,nba,Phoenix Suns,Milwaukee Bucks,114,106,1
2024-02-07,nba,Charlotte Hornets,Toronto Raptors,117,123,0
2024-02-07,nba,Washington Wizards,Cleveland Cavaliers,106,114,0
2024-02-07,nba,Philadelphia 76ers,Golden State Warriors,104,127,0
2024-02-07,nba,Boston Celtics,Atlanta Hawks,125,117,1
2024-02-07,nba,Miami Heat,San Antonio Spurs,116,104,1
2024-02-07,nba,LA Clippers,New Orleans Pelicans,106,117,0
2024-02-07,nba,Sacramento Kings,Detroit Pistons,120,133,0
2024-02-08,nba,Indiana Pacers,Golden State Warriors,109,131,0
2024-02-08,nba,Orlando Magic,San Antonio Spurs,127,111,1
2024-02-08,nba,Brooklyn Nets,Cleveland Cavaliers,95,118,0
2024-02-08,nba,New York Knicks,Dallas Mavericks,108,122,0
2024-02-08,nba,Memphis Grizzlies,Chicago Bulls,110,118,0
2024-02-08,nba,Milwaukee Bucks,Minnesota Timberwolves,105,129,0
2024-02-08,nba,Phoenix Suns,Utah Jazz,129,115,1
2024-02-08,nba,Los Angeles Lakers,Denver Nuggets,106,114,0
2024-02-08,nba,Portland Trail Blazers,Detroit Pistons,122,128,0
2024-02-09,nba,Philadelphia 76ers,Atlanta Hawks,121,127,0
2024-02-09,nba,Boston Celtics,Washington Wizards,133,129,1
2024-02-09,nba,Toronto Raptors,Houston Rockets,107,104,1
2024-02-09,nba,Milwaukee Bucks,Charlotte Hornets,120,84,1
2024-02-09,nba,Sacramento Kings,Denver Nuggets,135,106,1
2024-02-09,nba,Los Angeles Lakers,New Orleans Pelicans,139,122,1
2024-02-10,nba,Dallas Mavericks,Oklahoma City Thunder,146,111,1
2024-02-10,nba,LA Clippers,Detroit Pistons,112,106,1
2024-02-10,nba,Brooklyn Nets,San Antonio Spurs,123,103,1
2024-02-10,nba,Charlotte Hornets,Memphis Grizzlies,115,106,1
2024-02-10,nba,Orlando Magic,Chicago Bulls,114,108,1
2024-02-10,nba,Washington Wizards,Philadelphia 76ers,113,119,0
2024-02-10,nba,Atlanta Hawks,Houston Rockets,122,113,1
2024-02-10,nba,New York Knicks,Indiana Pacers,111,125,0
2024-02-10,nba,Toronto Raptors,Cleveland Cavaliers,95,119,0
2024-02-10,nba,Golden State Warriors,Phoenix Suns,113,112,1
2024-02-10,nba,Portland Trail Blazers,New Orleans Pelicans,84,93,0
2024-02-11,nba,Miami Heat,Boston Celtics,106,110,0
2024-02-11,nba,Oklahoma City Thunder,Sacramento Kings,127,113,1
2024-02-12,nba,Charlotte Hornets,Indiana Pacers,111,102,1
2024-02-12,nba,Cleveland Cavaliers,Philadelphia 76ers,121,123,0
2024-02-12,nba,Atlanta Hawks,Chicago Bulls,126,136,0
2024-02-12,nba,Toronto Raptors,San Antonio Spurs,99,122,0
2024-02-12,nba,Houston Rockets,New York Knicks,105,103,1
2024-02-12,nba,Memphis Grizzlies,New Orleans Pelicans,87,96,0
2024-02-12,nba,Milwaukee Bucks,Denver Nuggets,112,95,1
2024-02-12,nba,Dallas Mavericks,Washington Wizards,112,104,1
2024-02-12,nba,Utah Jazz,Golden State Warriors,107,129,0
2024-02-12,nba,LA Clippers,Minnesota Timberwolves,100,121,0
2024-02-13,nba,Brooklyn Nets,Boston Celtics,110,118,0
2024-02-13,nba,Orlando Magic,Oklahoma City Thunder,113,127,0
2024-02-13,nba,Milwaukee Bucks,Miami Heat,97,123,0
2024-02-13,nba,Phoenix Suns,Sacramento Kings,130,125,1
2024-02-13,nba,Portland Trail Blazers,Minnesota Timberwolves,109,121,0
2024-02-13,nba,Los Angeles Lakers,Detroit Pistons,125,111,1
2024-02-14,nba,Charlotte Hornets,Atlanta Hawks,122,99,1
2024-02-14,nba,Orlando Magic,New York Knicks,118,100,1
2024-02-14,nba,Philadelphia 76ers,Miami Heat,104,109,0
2024-02-14,nba,Boston Celtics,Brooklyn Nets,136,86,1
2024-02-14,nba,Cleveland Cavaliers,Chicago Bulls,108,105,1
2024-02-14,nba,Toronto Raptors,Indiana Pacers,125,127,0
2024-02-14,nba,Memphis Grizzlies,Houston Rockets,121,113,1
2024-02-14,nba,New Orleans Pelicans,Washington Wizards,133,126,1
2024-02-14,nba,Dallas Mavericks,San Antonio Spurs,116,93,1
2024-02-14,nba,Denver Nuggets,Sacramento Kings,98,102,0
2024-02-14,nba,Phoenix Suns,Detroit Pistons,116,100,1
2024-02-14,nba,Utah Jazz,Los Angeles Lakers,122,138,0
2024-02-14,nba,Golden State Warriors,LA Clippers,125,130,0
2024-02-15,nba,Memphis Grizzlies,Milwaukee Bucks,113,110,1
2024-02-15,nba,Utah Jazz,Golden State Warriors,137,140,0
2024-02-15,nba,Portland Trail Blazers,Minnesota Timberwolves,91,128,0
2024-02-18,nba,Eastern Conf All-Stars,Western Conf All-Stars,211,186,1
2024-02-22,nba,Cleveland Cavaliers,Orlando Magic,109,116,0
2024-02-22,nba,Indiana Pacers,Detroit Pistons,129,115,1
2024-02-22,nba,Philadelphia 76ers,New York Knicks,96,110,0
2024-02-22,nba,Toronto Raptors,Brooklyn Nets,121,93,1
2024-02-22,nba,Dallas Mavericks,Phoenix Suns,123,113,1
2024-02-22,nba,Chicago Bulls,Boston Celtics,112,129,0
2024-02-22,nba,New Orleans Pelicans,Houston Rockets,127,105,1
2024-02-22,nba,Oklahoma City Thunder,LA Clippers,129,107,1
2024-02-22,nba,Denver Nuggets,Washington Wizards,130,110,1
2024-02-22,nba,Utah Jazz,Charlotte Hornets,107,115,0
2024-02-22,nba,Golden State Warriors,Los Angeles Lakers,128,110,1
2024-02-22,nba,Sacramento Kings,San Antonio Spurs,127,122,1
2024-02-23,nba,Atlanta Hawks,Toronto Raptors,121,123,0
2024-02-23,nba,Philadelphia 76ers,Cleveland Cavaliers,104,97,1
2024-02-23,nba,Houston Rockets,Phoenix Suns,114,110,1
2024-02-23,nba,Memphis Grizzlies,LA Clippers,95,101,0
2024-02-23,nba,Oklahoma City Thunder,Washington Wizards,147,106,1
2024-02-23,nba,New Orleans Pelicans,Miami Heat,95,106,0
2024-02-23,nba,Minnesota Timberwolves,Milwaukee Bucks,107,112,0
2024-02-23,nba,Golden State Warriors,Charlotte Hornets,97,84,1
2024-02-23,nba,Portland Trail Blazers,Denver Nuggets,112,127,0
2024-02-23,nba,Los Angeles Lakers,San Antonio Spurs,123,118,1
2024-02-24,nba,Detroit Pistons,Orlando Magic,109,112,0
2024-02-24,nba,New York Knicks,Boston Celtics,102,116,0
2024-02-24,nba,Minnesota Timberwolves,Brooklyn Nets,101,86,1
2024-02-25,nba,Philadelphia 76ers,Milwaukee Bucks,98,119,0
2024-02-25,nba,Phoenix Suns,Los Angeles Lakers,123,113,1
2024-02-25,nba,Indiana Pacers,Dallas Mavericks,133,111,1
2024-02-25,nba,Washington Wizards,Cleveland Cavaliers,105,114,0
2024-02-25,nba,Atlanta Hawks,Orlando Magic,109,92,1
2024-02-25,nba,Houston Rockets,Oklahoma City Thunder,110,123,0
2024-02-25,nba,New Orleans Pelicans,Chicago Bulls,106,114,0
2024-02-25,nba,Golden State Warriors,Denver Nuggets,103,119,0
2024-02-25,nba,Utah Jazz,San Antonio Spurs,128,109,1
2024-02-25,nba,Portland Trail Blazers,Charlotte Hornets,80,93,0
2024-02-25,nba,LA Clippers,Sacramento Kings,107,123,0
2024-02-26,nba,Indiana Pacers,Toronto Raptors,122,130,0
2024-02-26,nba,New York Knicks,Detroit Pistons,113,111,1
2024-02-26,nba,Memphis Grizzlies,Brooklyn Nets,86,111,0
2024-02-26,nba,Sacramento Kings,Miami Heat,110,121,0
2024-02-27,nba,Cleveland Cavaliers,Dallas Mavericks,121,119,1
2024-02-27,nba,Orlando Magic,Brooklyn Nets,108,81,1
2024-02-27,nba,Washington Wizards,Golden State Warriors,112,123,0
2024-02-27,nba,Atlanta Hawks,Utah Jazz,124,97,1
2024-02-27,nba,Boston Celtics,Philadelphia 76ers,117,99,1
2024-02-27,nba,New York Knicks,New Orleans Pelicans,92,115,0
2024-02-27,nba,Minnesota Timberwolves,San Antonio Spurs,114,105,1
2024-02-27,nba,Chicago Bulls,Detroit Pistons,95,105,0
2024-02-27,nba,Milwaukee Bucks,Charlotte Hornets,123,85,1
2024-02-27,nba,Oklahoma City Thunder,Houston Rockets,112,95,1
2024-02-27,nba,Portland Trail Blazers,Miami Heat,96,106,0
2024-02-28,nba,Indiana Pacers,New Orleans Pelicans,123,114,1
2024-02-28,nba,Toronto Raptors,Dallas Mavericks,125,136,0
2024-02-28,nba,Minnesota Timberwolves,Memphis Grizzlies,110,101,1
2024-02-28,nba,Chicago Bulls,Cleveland Cavaliers,132,123,1
2024-02-28,nba,Denver Nuggets,Sacramento Kings,117,96,1
2024-02-28,nba,LA Clippers,Los Angeles Lakers,112,116,0
2024-02-29,nba,Charlotte Hornets,Milwaukee Bucks,99,111,0
2024-02-29,nba,Orlando Magic,Utah Jazz,115,107,1
2024-02-29,nba,Brooklyn Nets,Atlanta Hawks,124,97,1
2024-02-29,nba,New York Knicks,Golden State Warriors,99,110,0
2024-02-29,nba,San Antonio Spurs,Oklahoma City Thunder,132,118,1
2024-02-29,nba,Phoenix Suns,Houston Rockets,110,105,1
2024-02-29,nba,Denver Nuggets,Miami Heat,103,97,1
2024-02-29,nba,Los Angeles Lakers,Washington Wizards,134,131,1
2024-03-01,nba,Detroit Pistons,Cleveland Cavaliers,100,110,0
2024-03-01,nba,Philadelphia 76ers,Charlotte Hornets,121,114,1
2024-03-01,nba,Boston Celtics,Dallas Mavericks,138,110,1
2024-03-01,nba,Toronto Raptors,Golden State Warriors,105,120,0
2024-03-01,nba,Memphis Grizzlies,Portland Trail Blazers,92,122,0
2024-03-01,nba,Minnesota Timberwolves,Sacramento Kings,120,124,0
2024-03-01,nba,New Orleans Pelicans,Indiana Pacers,129,102,1
2024-03-01,nba,Chicago Bulls,Milwaukee Bucks,97,113,0
2024-03-01,nba,LA Clippers,Washington Wizards,140,115,1
2024-03-02,nba,Brooklyn Nets,Atlanta Hawks,114,102,1
2024-03-02,nba,Miami Heat,Utah Jazz,126,120,1
2024-03-02,nba,Memphis Grizzlies,Portland Trail Blazers,100,107,0
2024-03-02,nba,Los Angeles Lakers,Denver Nuggets,114,124,0
2024-03-02,nba,Phoenix Suns,Houston Rockets,109,118,0
2024-03-03,nba,Dallas Mavericks,Philadelphia 76ers,116,120,0
2024-03-03,nba,Boston Celtics,Golden State Warriors,140,88,1
2024-03-03,nba,Minnesota Timberwolves,LA Clippers,88,89,0
2024-03-03,nba,Orlando Magic,Detroit Pistons,113,91,1
2024-03-03,nba,Toronto Raptors,Charlotte Hornets,111,106,1
2024-03-03,nba,Cleveland Cavaliers,New York Knicks,98,107,0
2024-03-03,nba,San Antonio Spurs,Indiana Pacers,117,105,1
2024-03-03,nba,Phoenix Suns,Oklahoma City Thunder,110,118,0
2024-03-04,nba,Brooklyn Nets,Memphis Grizzlies,102,106,0
2024-03-04,nba,Milwaukee Bucks,LA Clippers,113,106,1
2024-03-04,nba,Minnesota Timberwolves,Portland Trail Blazers,119,114,1
2024-03-04,nba,Utah Jazz,Washington Wizards,127,115,1
2024-03-04,nba,Sacramento Kings,Chicago Bulls,109,113,0
2024-03-04,nba,Los Angeles Lakers,Oklahoma City Thunder,116,104,1
2024-03-05,nba,Charlotte Hornets,Orlando Magic,89,101,0
2024-03-05,nba,Cleveland Cavaliers,Boston Celtics,105,104,1
2024-03-05,nba,Brooklyn Nets,Philadelphia 76ers,112,107,1
2024-03-05,nba,Miami Heat,Detroit Pistons,118,110,1
2024-03-05,nba,New York Knicks,Atlanta Hawks,100,116,0
2024-03-05,nba,Toronto Raptors,New Orleans Pelicans,98,139,0
2024-03-05,nba,Houston Rockets,San Antonio Spurs,114,101,1
2024-03-05,nba,Dallas Mavericks,Indiana Pacers,120,137,0
2024-03-05,nba,Denver Nuggets,Phoenix Suns,107,117,0
2024-03-06,nba,Washington Wizards,Orlando Magic,109,119,0
2024-03-06,nba,Atlanta Hawks,Cleveland Cavaliers,112,101,1
2024-03-06,nba,Philadelphia 76ers,Memphis Grizzlies,109,115,0
2024-03-06,nba,Houston Rockets,LA Clippers,116,122,0
2024-03-06,nba,Utah Jazz,Chicago Bulls,117,119,0
2024-03-06,nba,Golden State Warriors,Milwaukee Bucks,125,90,1
2024-03-06,nba,Portland Trail Blazers,Oklahoma City Thunder,120,128,0
2024-03-06,nba,Los Angeles Lakers,Sacramento Kings,120,130,0
2024-03-07,nba,Detroit Pistons,Brooklyn Nets,118,112,1
2024-03-07,nba,Indiana Pacers,Minnesota Timberwolves,111,113,0
2024-03-07,nba,Dallas Mavericks,Miami Heat,114,108,1
2024-03-07,nba,Phoenix Suns,Toronto Raptors,120,113,1
2024-03-07,nba,Denver Nuggets,Boston Celtics,115,109,1
2024-03-07,nba,Golden State Warriors,Chicago Bulls,122,125,0
2024-03-07,nba,Sacramento Kings,San Antonio Spurs,131,129,1
2024-03-08,nba,Philadelphia 76ers,New Orleans Pelicans,95,103,0
2024-03-08,nba,Washington Wizards,Charlotte Hornets,112,100,1
2024-03-08,nba,Cleveland Cavaliers,Minnesota Timberwolves,113,104,1
2024-03-08,nba,New York Knicks,Orlando Magic,98,74,1
2024-03-08,nba,Memphis Grizzlies,Atlanta Hawks,92,99,0
2024-03-08,nba,Oklahoma City Thunder,Miami Heat,107,100,1
2024-03-08,nba,Los Angeles Lakers,Milwaukee Bucks,123,122,1
2024-03-08,nba,Portland Trail Blazers,Houston Rockets,107,123,0
2024-03-09,nba,LA Clippers,Chicago Bulls,112,102,1
2024-03-09,nba,Charlotte Hornets,Brooklyn Nets,110,99,1
2024-03-09,nba,Detroit Pistons,Dallas Mavericks,124,142,0
2024-03-09,nba,Phoenix Suns,Boston Celtics,107,117,0
2024-03-09,nba,Golden State Warriors,San Antonio Spurs,113,126,0
2024-03-09,nba,Denver Nuggets,Utah Jazz,142,121,1
2024-03-09,nba,Portland Trail Blazers,Toronto Raptors,128,118,1
2024-03-10,nba,LA Clippers,Milwaukee Bucks,117,124,0
2024-03-10,nba,Atlanta Hawks,New Orleans Pelicans,103,116,0
2024-03-10,nba,Miami Heat,Washington Wizards,108,110,0
2024-03-10,nba,Orlando Magic,Indiana Pacers,97,111,0
2024-03-10,nba,Sacramento Kings,Houston Rockets,104,112,0
2024-03-10,nba,New York Knicks,Philadelphia 76ers,73,79,0
2024-03-10,nba,Cleveland Cavaliers,Brooklyn Nets,101,120,0
2024-03-10,nba,Oklahoma City Thunder,Memphis Grizzlies,124,93,1
2024-03-10,nba,Los Angeles Lakers,Minnesota Timberwolves,120,109,1
2024-03-11,nba,Detroit Pistons,Charlotte Hornets,114,97,1
2024-03-11,nba,Cleveland Cavaliers,Phoenix Suns,111,117,0
2024-03-11,nba,Chicago Bulls,Dallas Mavericks,92,127,0
2024-03-11,nba,San Antonio Spurs,Golden State Warriors,102,112,0
2024-03-11,nba,Denver Nuggets,Toronto Raptors,125,119,1
2024-03-11,nba,Portland Trail Blazers,Boston Celtics,99,121,0
2024-03-12,nba,New York Knicks,Philadelphia 76ers,106,79,1
2024-03-12,nba,Memphis Grizzlies,Washington Wizards,109,97,1
2024-03-12,nba,Oklahoma City Thunder,Indiana Pacers,111,121,0
2024-03-12,nba,San Antonio Spurs,Houston Rockets,101,103,0
2024-03-12,nba,Utah Jazz,Boston Celtics,107,123,0
2024-03-12,nba,LA Clippers,Minnesota Timberwolves,100,118,0
2024-03-12,nba,Sacramento Kings,Milwaukee Bucks,129,94,1
2024-03-13,nba,Detroit Pistons,Toronto Raptors,113,104,1
2024-03-13,nba,Orlando Magic,Brooklyn Nets,114,106,1
2024-03-13,nba,Indiana Pacers,Chicago Bulls,129,132,0
2024-03-13,nba,Miami Heat,Denver Nuggets,88,100,0
2024-03-13,nba,Memphis Grizzlies,Charlotte Hornets,98,110,0
2024-03-13,nba,New Orleans Pelicans,Cleveland Cavaliers,95,116,0
2024-03-13,nba,Dallas Mavericks,Golden State Warriors,109,99,1
2024-03-13,nba,Portland Trail Blazers,Atlanta Hawks,106,102,1
2024-03-13,nba,Sacramento Kings,Los Angeles Lakers,120,107,1
2024-03-14,nba,Boston Celtics,Phoenix Suns,127,112,1
2024-03-14,nba,Chicago Bulls,LA Clippers,111,126,0
2024-03-14,nba,Houston Rockets,Washington Wizards,135,119,1
2024-03-14,nba,Milwaukee Bucks,Philadelphia 76ers,114,105,1
2024-03-14,nba,Oklahoma City Thunder,Dallas Mavericks,126,119,1
2024-03-14,nba,Portland Trail Blazers,New York Knicks,93,105,0
2024-03-15,nba,Charlotte Hornets,Phoenix Suns,96,107,0
2024-03-15,nba,Detroit Pistons,Miami Heat,95,108,0
2024-03-15,nba,Toronto Raptors,Orlando Magic,103,113,0
2024-03-15,nba,New Orleans Pelicans,LA Clippers,112,104,1
2024-03-15,nba,San Antonio Spurs,Denver Nuggets,106,117,0
2024-03-15,nba,Utah Jazz,Atlanta Hawks,124,122,1
2024-03-16,nba,Houston Rockets,Cleveland Cavaliers,117,103,1
2024-03-16,nba,Indiana Pacers,Brooklyn Nets,121,100,1
2024-03-16,nba,Philadelphia 76ers,Charlotte Hornets,109,98,1
2024-03-16,nba,New Orleans Pelicans,Portland Trail Blazers,126,107,1
2024-03-16,nba,Chicago Bulls,Washington Wizards,127,98,1
2024-03-16,nba,Memphis Grizzlies,Oklahoma City Thunder,112,118,0
2024-03-16,nba,Los Angeles Lakers,Golden State Warriors,121,128,0
2024-03-16,nba,Utah Jazz,Minnesota Timberwolves,100,119,0
2024-03-16,nba,Sacramento Kings,New York Knicks,91,98,0
2024-03-17,nba,Milwaukee Bucks,Phoenix Suns,140,129,1
2024-03-17,nba,Detroit Pistons,Miami Heat,101,104,0
2024-03-17,nba,Dallas Mavericks,Denver Nuggets,107,105,1
2024-03-17,nba,Orlando Magic,Toronto Raptors,111,96,1
2024-03-17,nba,Washington Wizards,Boston Celtics,104,130,0
2024-03-17,nba,San Antonio Spurs,Brooklyn Nets,122,115,1
2024-03-17,nba,LA Clippers,Atlanta Hawks,93,110,0
2024-03-18,nba,Indiana Pacers,Cleveland Cavaliers,103,108,0
2024-03-18,nba,Boston Celtics,Detroit Pistons,119,94,1
2024-03-18,nba,Philadelphia 76ers,Miami Heat,98,91,1
2024-03-18,nba,Chicago Bulls,Portland Trail Blazers,110,107,1
2024-03-18,nba,Utah Jazz,Minnesota Timberwolves,104,114,0
2024-03-18,nba,Golden State Warriors,New York Knicks,112,119,0
2024-03-18,nba,Sacramento Kings,Memphis Grizzlies,121,111,1
2024-03-18,nba,Los Angeles Lakers,Atlanta Hawks,136,105,1
2024-03-19,nba,Orlando Magic,Charlotte Hornets,112,92,1
2024-03-19,nba,Washington Wizards,Houston Rockets,114,137,0
2024-03-19,nba,Brooklyn Nets,New Orleans Pelicans,91,104,0
2024-03-19,nba,San Antonio Spurs,Dallas Mavericks,107,113,0
2024-03-19,nba,Minnesota Timberwolves,Denver Nuggets,112,115,0
2024-03-20,nba,Cleveland Cavaliers,Miami Heat,104,107,0
2024-03-20,nba,Detroit Pistons,Indiana Pacers,103,122,0
2024-03-20,nba,Boston Celtics,Milwaukee Bucks,122,119,1
2024-03-20,nba,Toronto Raptors,Sacramento Kings,89,123,0
2024-03-20,nba,Oklahoma City Thunder,Utah Jazz,119,107,1
2024-03-20,nba,Golden State Warriors,Memphis Grizzlies,137,116,1
2024-03-20,nba,Phoenix Suns,Philadelphia 76ers,115,102,1
2024-03-20,nba,Portland Trail Blazers,LA Clippers,103,116,0
2024-03-21,nba,Orlando Magic,New Orleans Pelicans,121,106,1
2024-03-21,nba,Washington Wizards,Sacramento Kings,109,102,1
2024-03-21,nba,Houston Rockets,Chicago Bulls,127,117,1
2024-03-21,nba,Milwaukee Bucks,Brooklyn Nets,115,108,1
2024-03-21,nba,Dallas Mavericks,Utah Jazz,113,97,1
2024-03-21,nba,Denver Nuggets,New York Knicks,113,100,1
2024-03-21,nba,Phoenix Suns,Atlanta Hawks,128,115,1
2024-03-22,nba,Detroit Pistons,Boston Celtics,102,129,0
2024-03-22,nba,Toronto Raptors,Oklahoma City Thunder,103,123,0
2024-03-22,nba,Miami Heat,New Orleans Pelicans,88,111,0
2024-03-22,nba,Minnesota Timberwolves,Cleveland Cavaliers,104,91,1
2024-03-22,nba,San Antonio Spurs,Memphis Grizzlies,97,99,0
2024-03-22,nba,Golden State Warriors,Indiana Pacers,111,123,0
2024-03-22,nba,Portland Trail Blazers,LA Clippers,117,125,0
2024-03-22,nba,Los Angeles Lakers,Philadelphia 76ers,101,94,1
2024-03-23,nba,New York Knicks,Brooklyn Nets,105,93,1
2024-03-23,nba,Orlando Magic,Sacramento Kings,107,109,0
2024-03-23,nba,Atlanta Hawks,Charlotte Hornets,132,91,1
2024-03-23,nba,Washington Wizards,Toronto Raptors,112,109,1
2024-03-23,nba,Chicago Bulls,Boston Celtics,113,124,0
2024-03-23,nba,Houston Rockets,Utah Jazz,147,119,1
2024-03-23,nba,San Antonio Spurs,Phoenix Suns,106,131,0
2024-03-23,nba,Portland Trail Blazers,Denver Nuggets,111,114,0
2024-03-24,nba,Detroit Pistons,New Orleans Pelicans,101,114,0
2024-03-24,nba,LA Clippers,Philadelphia 76ers,107,121,0
2024-03-24,nba,Miami Heat,Cleveland Cavaliers,121,84,1
2024-03-24,nba,Milwaukee Bucks,Oklahoma City Thunder,118,93,1
2024-03-24,nba,Minnesota Timberwolves,Golden State Warriors,114,110,1
2024-03-24,nba,Los Angeles Lakers,Indiana Pacers,150,145,1
2024-03-25,nba,Cleveland Cavaliers,Charlotte Hornets,115,92,1
2024-03-25,nba,Atlanta Hawks,Boston Celtics,120,118,1
2024-03-25,nba,New York Knicks,Detroit Pistons,124,99,1
2024-03-25,nba,Toronto Raptors,Brooklyn Nets,88,96,0
2024-03-25,nba,Chicago Bulls,Washington Wizards,105,107,0
2024-03-25,nba,Houston Rockets,Portland Trail Blazers,110,92,1
2024-03-25,nba,San Antonio Spurs,Phoenix Suns,104,102,1
2024-03-25,nba,Denver Nuggets,Memphis Grizzlies,128,103,1
2024-03-25,nba,Utah Jazz,Dallas Mavericks,105,115,0
2024-03-25,nba,Sacramento Kings,Philadelphia 76ers,108,96,1
2024-03-25,nba,LA Clippers,Indiana Pacers,116,133,0
2024-03-26,nba,Miami Heat,Golden State Warriors,92,113,0
2024-03-26,nba,Milwaukee Bucks,Los Angeles Lakers,124,128,0
2024-03-26,nba,New Orleans Pelicans,Oklahoma City Thunder,112,119,0
2024-03-26,nba,Sacramento Kings,Dallas Mavericks,96,132,0
2024-03-27,nba,Charlotte Hornets,Cleveland Cavaliers,118,111,1
2024-03-27,nba,Orlando Magic,Golden State Warriors,93,101,0
2024-03-27,nba,Washington Wizards,Brooklyn Nets,119,122,0
2024-03-27,nba,Atlanta Hawks,Portland Trail Blazers,120,106,1
2024-03-27,nba,Philadelphia 76ers,LA Clippers,107,108,0
2024-03-27,nba,Toronto Raptors,New York Knicks,101,145,0
2024-03-27,nba,Chicago Bulls,Indiana Pacers,125,99,1
2024-03-27,nba,Memphis Grizzlies,Los Angeles Lakers,124,136,0
2024-03-27,nba,Minnesota Timberwolves,Detroit Pistons,106,91,1
2024-03-27,nba,Oklahoma City Thunder,Houston Rockets,126,132,0
2024-03-27,nba,Utah Jazz,San Antonio Spurs,111,118,0
2024-03-27,nba,Denver Nuggets,Phoenix Suns,97,104,0
2024-03-28,nba,Atlanta Hawks,Boston Celtics,123,122,1
2024-03-28,nba,New Orleans Pelicans,Milwaukee Bucks,107,100,1
2024-03-29,nba,Charlotte Hornets,Golden State Warriors,97,115,0
2024-03-29,nba,Indiana Pacers,Los Angeles Lakers,109,90,1
2024-03-29,nba,Orlando Magic,LA Clippers,97,100,0
2024-03-29,nba,Washington Wizards,Detroit Pistons,87,96,0
2024-03-29,nba,Brooklyn Nets,Chicago Bulls,125,108,1
2024-03-29,nba,Cleveland Cavaliers,Philadelphia 76ers,117,114,1
2024-03-29,nba,Miami Heat,Portland Trail Blazers,142,82,1
2024-03-29,nba,Oklahoma City Thunder,Phoenix Suns,128,103,1
2024-03-29,nba,San Antonio Spurs,New York Knicks,130,126,1
2024-03-29,nba,Denver Nuggets,Minnesota Timberwolves,98,111,0
2024-03-29,nba,Utah Jazz,Houston Rockets,100,101,0
2024-03-29,nba,Sacramento Kings,Dallas Mavericks,103,107,0
2024-03-30,nba,New Orleans Pelicans,Boston Celtics,92,104,0
2024-03-30,nba,Orlando Magic,Memphis Grizzlies,118,88,1
2024-03-30,nba,Atlanta Hawks,Milwaukee Bucks,113,122,0
2024-03-31,nba,Denver Nuggets,Cleveland Cavaliers,130,101,1
2024-03-31,nba,Brooklyn Nets,Los Angeles Lakers,104,116,0
2024-03-31,nba,Charlotte Hornets,LA Clippers,118,130,0
2024-03-31,nba,Toronto Raptors,Philadelphia 76ers,120,135,0
2024-03-31,nba,Washington Wizards,Miami Heat,107,119,0
2024-03-31,nba,New York Knicks,Oklahoma City Thunder,112,113,0
2024-03-31,nba,Houston Rockets,Dallas Mavericks,107,125,0
2024-03-31,nba,Minnesota Timberwolves,Chicago Bulls,101,109,0
2024-03-31,nba,San Antonio Spurs,Golden State Warriors,113,117,0
2024-03-31,nba,Sacramento Kings,Utah Jazz,127,106,1
2024-04-01,nba,Charlotte Hornets,Boston Celtics,104,118,0
2024-04-01,nba,Detroit Pistons,Memphis Grizzlies,108,110,0
2024-04-01,nba,Indiana Pacers,Brooklyn Nets,133,111,1
2024-04-01,nba,Orlando Magic,Portland Trail Blazers,104,103,1
2024-04-01,nba,Chicago Bulls,Atlanta Hawks,101,113,0
2024-04-01,nba,New Orleans Pelicans,Phoenix Suns,111,124,0
2024-04-02,nba,Toronto Raptors,Los Angeles Lakers,111,128,0
2024-04-02,nba,Washington Wizards,Milwaukee Bucks,117,113,1
2024-04-02,nba,Philadelphia 76ers,Oklahoma City Thunder,109,105,1
2024-04-02,nba,Miami Heat,New York Knicks,109,99,1
2024-04-02,nba,Minnesota Timberwolves,Houston Rockets,113,106,1
2024-04-02,nba,Denver Nuggets,San Antonio Spurs,110,105,1
2024-04-02,nba,Utah Jazz,Cleveland Cavaliers,113,129,0
2024-04-02,nba,Sacramento Kings,LA Clippers,109,95,1
2024-04-02,nba,Golden State Warriors,Dallas Mavericks,104,100,1
2024-04-03,nba,Charlotte Hornets,Portland Trail Blazers,86,89,0
2024-04-03,nba,Washington Wizards,Los Angeles Lakers,120,125,0
2024-04-03,nba,Atlanta Hawks,Detroit Pistons,121,113,1
2024-04-03,nba,Boston Celtics,Oklahoma City Thunder,135,100,1
2024-04-03,nba,Brooklyn Nets,Indiana Pacers,115,111,1
2024-04-03,nba,Milwaukee Bucks,Memphis Grizzlies,101,111,0
2024-04-03,nba,Minnesota Timberwolves,Toronto Raptors,133,85,1
2024-04-03,nba,New Orleans Pelicans,Orlando Magic,108,117,0
2024-04-03,nba,Phoenix Suns,Cleveland Cavaliers,122,101,1
2024-04-04,nba,Miami Heat,Philadelphia 76ers,105,109,0
2024-04-04,nba,New York Knicks,Sacramento Kings,120,109,1
2024-04-04,nba,Dallas Mavericks,Atlanta Hawks,109,95,1
2024-04-04,nba,Houston Rockets,Golden State Warriors,110,133,0
2024-04-04,nba,LA Clippers,Denver Nuggets,102,100,1
2024-04-05,nba,Charlotte Hornets,Orlando Magic,124,115,1
2024-04-05,nba,Indiana Pacers,Oklahoma City Thunder,126,112,1
2024-04-05,nba,Washington Wizards,Portland Trail Blazers,102,108,0
2024-04-05,nba,Boston Celtics,Sacramento Kings,101,100,1
2024-04-05,nba,Chicago Bulls,New York Knicks,108,100,1
2024-04-05,nba,Houston Rockets,Miami Heat,104,119,0
2024-04-05,nba,Memphis Grizzlies,Detroit Pistons,108,90,1
2024-04-05,nba,Milwaukee Bucks,Toronto Raptors,111,117,0
2024-04-05,nba,New Orleans Pelicans,San Antonio Spurs,109,111,0
2024-04-05,nba,Dallas Mavericks,Golden State Warriors,108,106,1
2024-04-05,nba,Phoenix Suns,Minnesota Timberwolves,97,87,1
2024-04-05,nba,LA Clippers,Utah Jazz,131,102,1
2024-04-06,nba,Los Angeles Lakers,Cleveland Cavaliers,116,97,1
2024-04-06,nba,Brooklyn Nets,Detroit Pistons,113,103,1
2024-04-06,nba,Memphis Grizzlies,Philadelphia 76ers,96,116,0
2024-04-06,nba,Denver Nuggets,Atlanta Hawks,142,110,1
2024-04-07,nba,Dallas Mavericks,Houston Rockets,147,136,1
2024-04-07,nba,LA Clippers,Cleveland Cavaliers,120,118,1
2024-04-07,nba,Indiana Pacers,Miami Heat,117,115,1
2024-04-07,nba,Boston Celtics,Portland Trail Blazers,124,107,1
2024-04-07,nba,Charlotte Hornets,Oklahoma City Thunder,118,121,0
2024-04-07,nba,Orlando Magic,Chicago Bulls,113,98,1
2024-04-07,nba,Toronto Raptors,Washington Wizards,130,122,1
2024-04-07,nba,Phoenix Suns,New Orleans Pelicans,105,113,0
2024-04-07,nba,Milwaukee Bucks,New York Knicks,109,122,0
2024-04-07,nba,San Antonio Spurs,Philadelphia 76ers,126,133,0
2024-04-07,nba,Brooklyn Nets,Sacramento Kings,77,107,0
2024-04-07,nba,Golden State Warriors,Utah Jazz,118,110,1
2024-04-07,nba,Los Angeles Lakers,Minnesota Timberwolves,117,127,0
2024-04-09,nba,Charlotte Hornets,Dallas Mavericks,104,130,0
2024-04-09,nba,Philadelphia 76ers,Detroit Pistons,120,102,1
2024-04-09,nba,Toronto Raptors,Indiana Pacers,123,140,0
2024-04-09,nba,Atlanta Hawks,Miami Heat,111,117,0
2024-04-09,nba,Milwaukee Bucks,Boston Celtics,104,91,1
2024-04-09,nba,Chicago Bulls,New York Knicks,117,128,0
2024-04-09,nba,Houston Rockets,Orlando Magic,118,106,1
2024-04-09,nba,Memphis Grizzlies,San Antonio Spurs,87,102,0
2024-04-09,nba,Minnesota Timberwolves,Washington Wizards,130,121,1
2024-04-09,nba,Oklahoma City Thunder,Sacramento Kings,112,105,1
2024-04-09,nba,Utah Jazz,Denver Nuggets,95,111,0
2024-04-09,nba,Los Angeles Lakers,Golden State Warriors,120,134,0
2024-04-09,nba,Phoenix Suns,LA Clippers,92,105,0
2024-04-09,nba,Portland Trail Blazers,New Orleans Pelicans,100,110,0
2024-04-10,nba,Cleveland Cavaliers,Memphis Grizzlies,110,98,1
2024-04-10,nba,Atlanta Hawks,Charlotte Hornets,114,115,0
2024-04-10,nba,Brooklyn Nets,Toronto Raptors,106,102,1
2024-04-10,nba,Miami Heat,Dallas Mavericks,92,111,0
2024-04-10,nba,Milwaukee Bucks,Orlando Magic,117,99,1
2024-04-10,nba,Oklahoma City Thunder,San Antonio Spurs,127,89,1
2024-04-10,nba,Denver Nuggets,Minnesota Timberwolves,116,107,1
2024-04-10,nba,LA Clippers,Phoenix Suns,108,124,0
2024-04-11,nba,Detroit Pistons,Chicago Bulls,105,127,0
2024-04-11,nba,Boston Celtics,New York Knicks,109,118,0
2024-04-11,nba,Utah Jazz,Houston Rockets,124,121,1
2024-04-11,nba,Portland Trail Blazers,Golden State Warriors,92,100,0
2024-04-11,nba,Sacramento Kings,New Orleans Pelicans,123,135,0
2024-04-12,nba,Philadelphia 76ers,Orlando Magic,125,113,1
2024-04-12,nba,Washington Wizards,Chicago Bulls,127,129,0
2024-04-12,nba,Boston Celtics,Charlotte Hornets,131,98,1
2024-04-12,nba,Cleveland Cavaliers,Indiana Pacers,129,120,1
2024-04-12,nba,New York Knicks,Brooklyn Nets,111,107,1
2024-04-12,nba,Miami Heat,Toronto Raptors,125,103,1
2024-04-12,nba,Memphis Grizzlies,Los Angeles Lakers,120,123,0
2024-04-12,nba,Minnesota Timberwolves,Atlanta Hawks,109,106,1
2024-04-12,nba,Oklahoma City Thunder,Milwaukee Bucks,125,107,1
2024-04-12,nba,San Antonio Spurs,Denver Nuggets,121,120,1
2024-04-12,nba,Dallas Mavericks,Detroit Pistons,89,107,0
2024-04-12,nba,Golden State Warriors,New Orleans Pelicans,109,114,0
2024-04-12,nba,Portland Trail Blazers,Houston Rockets,107,116,0
2024-04-12,nba,LA Clippers,Utah Jazz,109,110,0
2024-04-12,nba,Sacramento Kings,Phoenix Suns,107,108,0
2024-04-14,nba,Boston Celtics,Washington Wizards,132,122,1
2024-04-14,nba,Cleveland Cavaliers,Charlotte Hornets,110,120,0
2024-04-14,nba,Indiana Pacers,Atlanta Hawks,157,115,1
2024-04-14,nba,Miami Heat,Toronto Raptors,118,103,1
2024-04-14,nba,New York Knicks,Chicago Bulls,120,119,1
2024-04-14,nba,Orlando Magic,Milwaukee Bucks,113,88,1
2024-04-14,nba,Philadelphia 76ers,Brooklyn Nets,107,86,1
2024-04-14,nba,Memphis Grizzlies,Denver Nuggets,111,126,0
2024-04-14,nba,Minnesota Timberwolves,Phoenix Suns,106,125,0
2024-04-14,nba,New Orleans Pelicans,Los Angeles Lakers,108,124,0
2024-04-14,nba,Oklahoma City Thunder,Dallas Mavericks,135,86,1
2024-04-14,nba,San Antonio Spurs,Detroit Pistons,123,95,1
2024-04-14,nba,Golden State Warriors,Utah Jazz,123,116,1
2024-04-14,nba,LA Clippers,Houston Rockets,105,116,0
2024-04-14,nba,Sacramento Kings,Portland Trail Blazers,121,82,1
2024-04-16,nba,New Orleans Pelicans,Los Angeles Lakers,106,110,0
2024-04-16,nba,Sacramento Kings,Golden State Warriors,118,94,1
2024-04-17,nba,Philadelphia 76ers,Miami Heat,105,104,1
2024-04-17,nba,Chicago Bulls,Atlanta Hawks,131,116,1
2024-04-19,nba,Miami Heat,Chicago Bulls,112,91,1
2024-04-19,nba,New Orleans Pelicans,Sacramento Kings,105,98,1
2024-04-20,nba,Cleveland Cavaliers,Orlando Magic,97,83,1
2024-04-20,nba,Minnesota Timberwolves,Phoenix Suns,120,95,1
2024-04-20,nba,New York Knicks,Philadelphia 76ers,111,104,1
2024-04-20,nba,Denver Nuggets,Los Angeles Lakers,114,103,1
2024-04-21,nba,Boston Celtics,Miami Heat,114,94,1
2024-04-21,nba,LA Clippers,Dallas Mavericks,109,97,1
2024-04-21,nba,Milwaukee Bucks,Indiana Pacers,109,94,1
2024-04-21,nba,Oklahoma City Thunder,New Orleans Pelicans,94,92,1
2024-04-22,nba,Cleveland Cavaliers,Orlando Magic,96,86,1
2024-04-22,nba,New York Knicks,Philadelphia 76ers,104,101,1
2024-04-22,nba,Denver Nuggets,Los Angeles Lakers,101,99,1
2024-04-23,nba,Minnesota Timberwolves,Phoenix Suns,105,93,1
2024-04-23,nba,Milwaukee Bucks,Indiana Pacers,108,125,0
2024-04-23,nba,LA Clippers,Dallas Mavericks,93,96,0
2024-04-24,nba,Boston Celtics,Miami Heat,101,111,0
2024-04-24,nba,Oklahoma City Thunder,New Orleans Pelicans,124,92,1
2024-04-25,nba,Orlando Magic,Cleveland Cavaliers,121,83,1
2024-04-25,nba,Philadelphia 76ers,New York Knicks,125,114,1
2024-04-25,nba,Los Angeles Lakers,Denver Nuggets,105,112,0
2024-04-26,nba,Indiana Pacers,Milwaukee Bucks,121,118,1
2024-04-26,nba,Dallas Mavericks,LA Clippers,101,90,1
2024-04-26,nba,Phoenix Suns,Minnesota Timberwolves,109,126,0
2024-04-27,nba,Orlando Magic,Cleveland Cavaliers,112,89,1
2024-04-27,nba,New Orleans Pelicans,Oklahoma City Thunder,85,106,0
2024-04-27,nba,Miami Heat,Boston Celtics,84,104,0
2024-04-27,nba,Los Angeles Lakers,Denver Nuggets,119,108,1
2024-04-28,nba,Philadelphia 76ers,New York Knicks,92,97,0
2024-04-28,nba,Dallas Mavericks,LA Clippers,111,116,0
2024-04-28,nba,Indiana Pacers,Milwaukee Bucks,126,113,1
2024-04-28,nba,Phoenix Suns,Minnesota Timberwolves,116,122,0
2024-04-29,nba,Miami Heat,Boston Celtics,88,102,0
2024-04-29,nba,New Orleans Pelicans,Oklahoma City Thunder,89,97,0
2024-04-29,nba,Denver Nuggets,Los Angeles Lakers,108,106,1
2024-04-30,nba,New York Knicks,Philadelphia 76ers,106,112,0
2024-04-30,nba,Cleveland Cavaliers,Orlando Magic,104,103,1
2024-04-30,nba,Milwaukee Bucks,Indiana Pacers,115,92,1
2024-05-01,nba,Boston Celtics,Miami Heat,118,84,1
2024-05-01,nba,LA Clippers,Dallas Mavericks,93,123,0
2024-05-02,nba,Indiana Pacers,Milwaukee Bucks,120,98,1
2024-05-02,nba,Philadelphia 76ers,New York Knicks,115,118,0
2024-05-03,nba,Orlando Magic,Cleveland Cavaliers,103,96,1
2024-05-03,nba,Dallas Mavericks,LA Clippers,114,101,1
2024-05-04,nba,Denver Nuggets,Minnesota Timberwolves,99,106,0
2024-05-05,nba,Cleveland Cavaliers,Orlando Magic,106,94,1
2024-05-06,nba,New York Knicks,Indiana Pacers,121,117,1
2024-05-06,nba,Denver Nuggets,Minnesota Timberwolves,80,106,0
2024-05-07,nba,Boston Celtics,Cleveland Cavaliers,120,95,1
2024-05-07,nba,Oklahoma City Thunder,Dallas Mavericks,117,95,1
2024-05-08,nba,New York Knicks,Indiana Pacers,130,121,1
2024-05-09,nba,Boston Celtics,Cleveland Cavaliers,94,118,0
2024-05-09,nba,Oklahoma City Thunder,Dallas Mavericks,110,119,0
2024-05-10,nba,Indiana Pacers,New York Knicks,111,106,1
2024-05-10,nba,Minnesota Timberwolves,Denver Nuggets,90,117,0
2024-05-11,nba,Dallas Mavericks,Oklahoma City Thunder,105,101,1
2024-05-11,nba,Cleveland Cavaliers,Boston Celtics,93,106,0
2024-05-12,nba,Indiana Pacers,New York Knicks,121,89,1
2024-05-12,nba,Minnesota Timberwolves,Denver Nuggets,107,115,0
2024-05-13,nba,Cleveland Cavaliers,Boston Celtics,102,109,0
2024-05-13,nba,Dallas Mavericks,Oklahoma City Thunder,96,100,0
2024-05-14,nba,New York Knicks,Indiana Pacers,121,91,1
2024-05-14,nba,Denver Nuggets,Minnesota Timberwolves,112,97,1
2024-05-15,nba,Boston Celtics,Cleveland Cavaliers,113,98,1
2024-05-15,nba,Oklahoma City Thunder,Dallas Mavericks,92,104,0
2024-05-16,nba,Minnesota Timberwolves,Denver Nuggets,115,70,1
2024-05-17,nba,Indiana Pacers,New York Knicks,116,103,1
2024-05-18,nba,Dallas Mavericks,Oklahoma City Thunder,117,116,1
2024-05-19,nba,New York Knicks,Indiana Pacers,109,130,0
2024-05-19,nba,Denver Nuggets,Minnesota Timberwolves,90,98,0
2024-05-21,nba,Boston Celtics,Indiana Pacers,133,128,1
2024-05-22,nba,Minnesota Timberwolves,Dallas Mavericks,105,108,0
2024-05-23,nba,Boston Celtics,Indiana Pacers,126,110,1
2024-05-24,nba,Minnesota Timberwolves,Dallas Mavericks,108,109,0
2024-05-25,nba,Indiana Pacers,Boston Celtics,111,114,0
2024-05-26,nba,Dallas Mavericks,Minnesota Timberwolves,116,107,1
2024-05-27,nba,Indiana Pacers,Boston Celtics,102,105,0
2024-05-28,nba,Dallas Mavericks,Minnesota Timberwolves,100,105,0
2024-05-30,nba,Minnesota Timberwolves,Dallas Mavericks,103,124,0
2024-06-06,nba,Boston Celtics,Dallas Mavericks,107,89,1
2024-06-09,nba,Boston Celtics,Dallas Mavericks,105,98,1
2024-06-12,nba,Dallas Mavericks,Boston Celtics,99,106,0
2024-06-14,nba,Dallas Mavericks,Boston Celtics,122,84,1
2024-06-17,nba,Boston Celtics,Dallas Mavericks,106,88,1
2024-10-04,nba,Denver Nuggets,Boston Celtics,103,107,0
2024-10-04,nba,Utah Jazz,New Zealand Breakers,116,87,1
2024-10-04,nba,Los Angeles Lakers,Minnesota Timberwolves,107,124,0
2024-10-05,nba,LA Clippers,Golden State Warriors,90,91,0
2024-10-06,nba,Boston Celtics,Denver Nuggets,130,104,1
2024-10-06,nba,Charlotte Hornets,New York Knicks,109,111,0
2024-10-06,nba,Toronto Raptors,Washington Wizards,125,98,1
2024-10-06,nba,Detroit Pistons,Milwaukee Bucks,120,87,1
2024-10-06,nba,Los Angeles Lakers,Phoenix Suns,114,118,0
2024-10-07,nba,New Orleans Pelicans,Orlando Magic,106,104,1
2024-10-07,nba,Philadelphia 76ers,New Zealand Breakers,139,84,1
2024-10-07,nba,Dallas Mavericks,Memphis Grizzlies,116,121,0
2024-10-07,nba,San Antonio Spurs,Oklahoma City Thunder,107,112,0
2024-10-07,nba,Utah Jazz,Houston Rockets,122,113,1
2024-10-08,nba,Charlotte Hornets,Miami Heat,111,108,1
2024-10-08,nba,Cleveland Cavaliers,Chicago Bulls,112,116,0
2024-10-08,nba,Detroit Pistons,Phoenix Suns,97,105,0
2024-10-08,nba,Atlanta Hawks,Indiana Pacers,131,130,1
2024-10-08,nba,LA Clippers,Brooklyn Nets,115,106,1
2024-10-09,nba,New York Knicks,Washington Wizards,117,94,1
2024-10-09,nba,Oklahoma City Thunder,Houston Rockets,113,122,0
2024-10-09,nba,San Antonio Spurs,Orlando Magic,107,97,1
2024-10-09,nba,Sacramento Kings,Golden State Warriors,112,122,0
2024-10-10,nba,Cleveland Cavaliers,Indiana Pacers,117,129,0
2024-10-10,nba,Dallas Mavericks,Utah Jazz,102,107,0
2024-10-10,nba,Memphis Grizzlies,Charlotte Hornets,94,119,0
2024-10-10,nba,Milwaukee Bucks,Los Angeles Lakers,102,107,0
2024-10-10,nba,Oklahoma City Thunder,New Zealand Breakers,117,89,1
2024-10-11,nba,Washington Wizards,Toronto Raptors,113,95,1
2024-10-11,nba,Minnesota Timberwolves,Philadelphia 76ers,121,111,1
2024-10-11,nba,Golden State Warriors,Sacramento Kings,109,106,1
2024-10-11,nba,Phoenix Suns,Detroit Pistons,91,109,0
2024-10-11,nba,LA Clippers,Portland Trail Blazers,101,99,1
2024-10-12,nba,Boston Celtics,Philadelphia 76ers,139,89,1
2024-10-12,nba,Chicago Bulls,Memphis Grizzlies,121,124,0
2024-10-12,nba,San Antonio Spurs,Utah Jazz,126,120,1
2024-10-13,nba,Miami Heat,New Orleans Pelicans,101,99,1
2024-10-13,nba,New York Knicks,Minnesota Timberwolves,115,110,1
2024-10-13,nba,Sacramento Kings,Portland Trail Blazers,85,105,0
2024-10-13,nba,Boston Celtics,Toronto Raptors,115,111,1
2024-10-13,nba,Denver Nuggets,Phoenix Suns,114,118,0
2024-10-13,nba,Golden State Warriors,Detroit Pistons,111,93,1
2024-10-14,nba,Indiana Pacers,Memphis Grizzlies,116,120,0
2024-10-14,nba,Atlanta Hawks,Philadelphia 76ers,89,104,0
2024-10-14,nba,Brooklyn Nets,Washington Wizards,131,92,1
2024-10-14,nba,Milwaukee Bucks,Chicago Bulls,111,107,1
2024-10-14,nba,LA Clippers,Dallas Mavericks,110,96,1
2024-10-15,nba,Toronto Raptors,Boston Celtics,119,118,1
2024-10-15,nba,Miami Heat,San Antonio Spurs,120,117,1
2024-10-15,nba,New York Knicks,Charlotte Hornets,111,105,1
2024-10-15,nba,Houston Rockets,New Orleans Pelicans,118,98,1
2024-10-15,nba,Denver Nuggets,Oklahoma City Thunder,94,124,0
2024-10-15,nba,Utah Jazz,Sacramento Kings,117,114,1
2024-10-15,nba,Los Angeles Lakers,Golden State Warriors,97,111,0
2024-10-16,nba,Detroit Pistons,Cleveland Cavaliers,108,92,1
2024-10-16,nba,Philadelphia 76ers,Brooklyn Nets,117,95,1
2024-10-16,nba,Miami Heat,Atlanta Hawks,120,111,1
2024-10-16,nba,Chicago Bulls,Minnesota Timberwolves,125,123,1
2024-10-16,nba,Portland Trail Blazers,Ulm,111,100,1
2024-10-17,nba,Indiana Pacers,Charlotte Hornets,121,116,1
2024-10-17,nba,Dallas Mavericks,Milwaukee Bucks,109,84,1
2024-10-17,nba,Houston Rockets,San Antonio Spurs,129,107,1
2024-10-17,nba,Oklahoma City Thunder,Atlanta Hawks,104,99,1
2024-10-17,nba,Minnesota Timberwolves,Denver Nuggets,126,132,0
2024-10-17,nba,Phoenix Suns,Los Angeles Lakers,122,128,0
2024-10-17,nba,LA Clippers,Sacramento Kings,113,91,1
2024-10-18,nba,Orlando Magic,Philadelphia 76ers,114,99,1
2024-10-18,nba,Washington Wizards,New York Knicks,118,117,1
2024-10-18,nba,Brooklyn Nets,Toronto Raptors,112,116,0
2024-10-18,nba,Chicago Bulls,Cleveland Cavaliers,139,137,1
2024-10-18,nba,Memphis Grizzlies,Miami Heat,109,114,0
2024-10-18,nba,Portland Trail Blazers,Utah Jazz,124,86,1
2024-10-18,nba,Golden State Warriors,Los Angeles Lakers,132,74,1
2024-10-22,nba,Boston Celtics,New York Knicks,132,109,1
2024-10-22,nba,Los Angeles Lakers,Minnesota Timberwolves,110,103,1
2024-10-23,nba,Detroit Pistons,Indiana Pacers,109,115,0
2024-10-23,nba,Atlanta Hawks,Brooklyn Nets,120,116,1
2024-10-23,nba,Miami Heat,Orlando Magic,97,116,0
2024-10-23,nba,Philadelphia 76ers,Milwaukee Bucks,109,124,0
2024-10-23,nba,Toronto Raptors,Cleveland Cavaliers,106,136,0
2024-10-23,nba,Houston Rockets,Charlotte Hornets,105,110,0
2024-10-23,nba,New Orleans Pelicans,Chicago Bulls,123,111,1
2024-10-23,nba,Utah Jazz,Memphis Grizzlies,124,126,0
2024-10-23,nba,LA Clippers,Phoenix Suns,113,116,0
2024-10-23,nba,Portland Trail Blazers,Golden State Warriors,104,140,0
2024-10-24,nba,Washington Wizards,Boston Celtics,102,122,0
2024-10-24,nba,Dallas Mavericks,San Antonio Spurs,120,109,1
2024-10-24,nba,Denver Nuggets,Oklahoma City Thunder,87,102,0
2024-10-24,nba,Sacramento Kings,Minnesota Timberwolves,115,117,0
2024-10-25,nba,Orlando Magic,Brooklyn Nets,116,101,1
2024-10-25,nba,Toronto Raptors,Philadelphia 76ers,115,107,1
2024-10-25,nba,Atlanta Hawks,Charlotte Hornets,125,120,1
2024-10-25,nba,Cleveland Cavaliers,Detroit Pistons,113,101,1
2024-10-25,nba,New York Knicks,Indiana Pacers,123,98,1
2024-10-25,nba,Houston Rockets,Memphis Grizzlies,128,108,1
2024-10-25,nba,Milwaukee Bucks,Chicago Bulls,122,133,0
2024-10-25,nba,Utah Jazz,Golden State Warriors,86,127,0
2024-10-25,nba,Los Angeles Lakers,Phoenix Suns,123,116,1
2024-10-25,nba,Portland Trail Blazers,New Orleans Pelicans,103,105,0
2024-10-26,nba,Denver Nuggets,LA Clippers,104,109,0
2024-10-26,nba,Charlotte Hornets,Miami Heat,106,114,0
2024-10-26,nba,Detroit Pistons,Boston Celtics,118,124,0
2024-10-26,nba,Washington Wizards,Cleveland Cavaliers,116,135,0
2024-10-26,nba,Chicago Bulls,Oklahoma City Thunder,95,114,0
2024-10-26,nba,Memphis Grizzlies,Orlando Magic,124,111,1
2024-10-26,nba,Minnesota Timberwolves,Toronto Raptors,112,101,1
2024-10-26,nba,San Antonio Spurs,Houston Rockets,109,106,1
2024-10-26,nba,Phoenix Suns,Dallas Mavericks,114,102,1
2024-10-26,nba,Los Angeles Lakers,Sacramento Kings,131,127,1
2024-10-27,nba,Indiana Pacers,Philadelphia 76ers,114,118,0
2024-10-27,nba,Brooklyn Nets,Milwaukee Bucks,115,102,1
2024-10-27,nba,Portland Trail Blazers,New Orleans Pelicans,125,103,1
2024-10-27,nba,Oklahoma City Thunder,Atlanta Hawks,128,104,1
2024-10-27,nba,Golden State Warriors,LA Clippers,104,112,0
2024-10-28,nba,Orlando Magic,Indiana Pacers,119,115,1
2024-10-28,nba,Atlanta Hawks,Washington Wizards,119,121,0
2024-10-28,nba,Boston Celtics,Milwaukee Bucks,119,108,1
2024-10-28,nba,Miami Heat,Detroit Pistons,106,98,1
2024-10-28,nba,New York Knicks,Cleveland Cavaliers,104,110,0
2024-10-28,nba,Toronto Raptors,Denver Nuggets,125,127,0
2024-10-28,nba,Memphis Grizzlies,Chicago Bulls,123,126,0
2024-10-28,nba,San Antonio Spurs,Houston Rockets,101,106,0
2024-10-28,nba,Dallas Mavericks,Utah Jazz,110,102,1
2024-10-28,nba,Phoenix Suns,Los Angeles Lakers,109,105,1
2024-10-28,nba,Sacramento Kings,Portland Trail Blazers,111,98,1
2024-10-29,nba,Brooklyn Nets,Denver Nuggets,139,144,0
2024-10-29,nba,Minnesota Timberwolves,Dallas Mavericks,114,120,0
2024-10-29,nba,Utah Jazz,Sacramento Kings,96,113,0
2024-10-29,nba,Golden State Warriors,New Orleans Pelicans,124,106,1
2024-10-30,nba,Charlotte Hornets,Toronto Raptors,138,133,1
2024-10-30,nba,Cleveland Cavaliers,Los Angeles Lakers,134,110,1
2024-10-30,nba,Indiana Pacers,Boston Celtics,135,132,1
2024-10-30,nba,Philadelphia 76ers,Detroit Pistons,95,105,0
2024-10-30,nba,Washington Wizards,Atlanta Hawks,133,120,1
2024-10-30,nba,Miami Heat,New York Knicks,107,116,0
2024-10-30,nba,Chicago Bulls,Orlando Magic,102,99,1
2024-10-30,nba,Memphis Grizzlies,Brooklyn Nets,106,119,0
2024-10-30,nba,Oklahoma City Thunder,San Antonio Spurs,105,93,1
2024-10-30,nba,Golden State Warriors,New Orleans Pelicans,104,89,1
2024-10-30,nba,LA Clippers,Portland Trail Blazers,105,106,0
2024-10-31,nba,Memphis Grizzlies,Milwaukee Bucks,122,99,1
2024-10-31,nba,Dallas Mavericks,Houston Rockets,102,108,0
2024-10-31,nba,Utah Jazz,San Antonio Spurs,88,106,0
2024-10-31,nba,LA Clippers,Phoenix Suns,119,125,0
2024-11-01,nba,Charlotte Hornets,Boston Celtics,109,124,0
2024-11-01,nba,Cleveland Cavaliers,Orlando Magic,120,109,1
2024-11-01,nba,Detroit Pistons,New York Knicks,98,128,0
2024-11-01,nba,Atlanta Hawks,Sacramento Kings,115,123,0
2024-11-01,nba,Brooklyn Nets,Chicago Bulls,120,112,1
2024-11-01,nba,Toronto Raptors,Los Angeles Lakers,125,131,0
2024-11-01,nba,New Orleans Pelicans,Indiana Pacers,125,118,1
2024-11-01,nba,Minnesota Timberwolves,Denver Nuggets,119,116,1
2024-11-01,nba,Portland Trail Blazers,Oklahoma City Thunder,114,137,0
2024-11-02,nba,Charlotte Hornets,Boston Celtics,103,113,0
2024-11-02,nba,Philadelphia 76ers,Memphis Grizzlies,107,124,0
2024-11-02,nba,Toronto Raptors,Sacramento Kings,131,128,1
2024-11-02,nba,Houston Rockets,Golden State Warriors,121,127,0
2024-11-02,nba,Milwaukee Bucks,Cleveland Cavaliers,113,114,0
2024-11-02,nba,San Antonio Spurs,Minnesota Timberwolves,113,103,1
2024-11-02,nba,Washington Wizards,Miami Heat,98,118,0
2024-11-02,nba,Denver Nuggets,Utah Jazz,129,103,1
2024-11-02,nba,Phoenix Suns,Portland Trail Blazers,103,97,1
2024-11-02,nba,LA Clippers,Oklahoma City Thunder,92,105,0
2024-11-03,nba,Brooklyn Nets,Detroit Pistons,92,106,0
2024-11-03,nba,New Orleans Pelicans,Atlanta Hawks,111,126,0
2024-11-03,nba,Dallas Mavericks,Orlando Magic,108,85,1
2024-11-04,nba,Cleveland Cavaliers,Milwaukee Bucks,116,114,1
2024-11-04,nba,Washington Wizards,Golden State Warriors,112,125,0
2024-11-04,nba,Detroit Pistons,Los Angeles Lakers,115,103,1
2024-11-04,nba,Atlanta Hawks,Boston Celtics,93,123,0
2024-11-04,nba,Brooklyn Nets,Memphis Grizzlies,106,104,1
2024-11-04,nba,Miami Heat,Sacramento Kings,110,111,0
2024-11-04,nba,Chicago Bulls,Utah Jazz,126,135,0
2024-11-04,nba,Houston Rockets,New York Knicks,109,97,1
2024-11-04,nba,Minnesota Timberwolves,Charlotte Hornets,114,93,1
2024-11-04,nba,Oklahoma City Thunder,Orlando Magic,102,86,1
2024-11-04,nba,New Orleans Pelicans,Portland Trail Blazers,100,118,0
2024-11-04,nba,Dallas Mavericks,Indiana Pacers,127,134,0
2024-11-04,nba,Denver Nuggets,Toronto Raptors,121,119,1
2024-11-04,nba,Phoenix Suns,Philadelphia 76ers,118,116,1
2024-11-04,nba,LA Clippers,San Antonio Spurs,113,104,1
2024-11-06,nba,Charlotte Hornets,Detroit Pistons,108,107,1
2024-11-06,nba,Indiana Pacers,Orlando Magic,118,111,1
2024-11-06,nba,Atlanta Hawks,New York Knicks,121,116,1
2024-11-06,nba,Boston Celtics,Golden State Warriors,112,118,0
2024-11-06,nba,Houston Rockets,San Antonio Spurs,127,100,1
2024-11-06,nba,Memphis Grizzlies,Los Angeles Lakers,131,114,1
2024-11-06,nba,New Orleans Pelicans,Cleveland Cavaliers,122,131,0
2024-11-06,nba,Dallas Mavericks,Chicago Bulls,119,99,1
2024-11-06,nba,Denver Nuggets,Oklahoma City Thunder,124,122,1
2024-11-06,nba,Phoenix Suns,Miami Heat,115,112,1
2024-11-06,nba,LA Clippers,Philadelphia 76ers,110,98,1
2024-11-06,nba,Sacramento Kings,Toronto Raptors,122,107,1
2024-11-07,nba,Chicago Bulls,Minnesota Timberwolves,119,135,0
2024-11-07,nba,Milwaukee Bucks,Utah Jazz,123,100,1
2024-11-07,nba,San Antonio Spurs,Portland Trail Blazers,118,105,1
2024-11-08,nba,Charlotte Hornets,Indiana Pacers,103,83,1
2024-11-08,nba,Detroit Pistons,Atlanta Hawks,122,121,1
2024-11-08,nba,Orlando Magic,New Orleans Pelicans,115,88,1
2024-11-08,nba,Boston Celtics,Brooklyn Nets,108,104,1
2024-11-08,nba,Cleveland Cavaliers,Golden State Warriors,136,117,1
2024-11-08,nba,New York Knicks,Milwaukee Bucks,116,94,1
2024-11-08,nba,Dallas Mavericks,Phoenix Suns,113,114,0
2024-11-08,nba,Memphis Grizzlies,Washington Wizards,128,104,1
2024-11-08,nba,Oklahoma City Thunder,Houston Rockets,126,107,1
2024-11-08,nba,Minnesota Timberwolves,Portland Trail Blazers,127,102,1
2024-11-08,nba,Denver Nuggets,Miami Heat,135,122,1
2024-11-08,nba,Los Angeles Lakers,Philadelphia 76ers,116,106,1
2024-11-08,nba,Sacramento Kings,LA Clippers,98,107,0
2024-11-09,nba,San Antonio Spurs,Utah Jazz,110,111,0
2024-11-09,nba,Atlanta Hawks,Chicago Bulls,113,125,0
2024-11-09,nba,Cleveland Cavaliers,Brooklyn Nets,105,100,1
2024-11-09,nba,LA Clippers,Toronto Raptors,105,103,1
2024-11-10,nba,Detroit Pistons,Houston Rockets,99,101,0
2024-11-10,nba,Milwaukee Bucks,Boston Celtics,107,113,0
2024-11-10,nba,Indiana Pacers,New York Knicks,132,121,1
2024-11-10,nba,Orlando Magic,Washington Wizards,121,94,1
2024-11-10,nba,Philadelphia 76ers,Charlotte Hornets,107,105,1
2024-11-10,nba,Minnesota Timberwolves,Miami Heat,94,95,0
2024-11-10,nba,Oklahoma City Thunder,Golden State Warriors,116,127,0
2024-11-10,nba,Denver Nuggets,Dallas Mavericks,122,120,1
2024-11-10,nba,Phoenix Suns,Sacramento Kings,118,127,0
2024-11-10,nba,Portland Trail Blazers,Memphis Grizzlies,89,134,0
2024-11-10,nba,Los Angeles Lakers,Toronto Raptors,123,103,1
2024-11-11,nba,Chicago Bulls,Cleveland Cavaliers,113,119,0
2024-11-11,nba,Houston Rockets,Washington Wizards,107,92,1
2024-11-11,nba,New Orleans Pelicans,Brooklyn Nets,105,107,0
2024-11-11,nba,Oklahoma City Thunder,LA Clippers,134,128,1
2024-11-11,nba,San Antonio Spurs,Sacramento Kings,116,96,1
2024-11-12,nba,Boston Celtics,Atlanta Hawks,116,117,0
2024-11-12,nba,Detroit Pistons,Miami Heat,123,121,1
2024-11-12,nba,Orlando Magic,Charlotte Hornets,114,89,1
2024-11-12,nba,Philadelphia 76ers,New York Knicks,99,111,0
2024-11-12,nba,Milwaukee Bucks,Toronto Raptors,99,85,1
2024-11-12,nba,Utah Jazz,Phoenix Suns,112,120,0
2024-11-12,nba,Golden State Warriors,Dallas Mavericks,120,117,1
2024-11-12,nba,Portland Trail Blazers,Minnesota Timberwolves,122,108,1
2024-11-13,nba,Orlando Magic,Indiana Pacers,94,90,1
2024-11-13,nba,Brooklyn Nets,Boston Celtics,114,139,0
2024-11-13,nba,New York Knicks,Chicago Bulls,123,124,0
2024-11-13,nba,Philadelphia 76ers,Cleveland Cavaliers,106,114,0
2024-11-13,nba,Oklahoma City Thunder,New Orleans Pelicans,106,88,1
2024-11-13,nba,Houston Rockets,LA Clippers,111,103,1
2024-11-13,nba,Milwaukee Bucks,Detroit Pistons,127,120,1
2024-11-13,nba,San Antonio Spurs,Washington Wizards,139,130,1
2024-11-13,nba,Los Angeles Lakers,Memphis Grizzlies,128,123,1
2024-11-13,nba,Portland Trail Blazers,Minnesota Timberwolves,106,98,1
2024-11-13,nba,Sacramento Kings,Phoenix Suns,127,104,1
2024-11-14,nba,Utah Jazz,Dallas Mavericks,115,113,1
2024-11-15,nba,Indiana Pacers,Miami Heat,111,124,0
2024-11-15,nba,Orlando Magic,Philadelphia 76ers,98,86,1
2024-11-15,nba,Toronto Raptors,Detroit Pistons,95,99,0
2024-11-15,nba,Atlanta Hawks,Washington Wizards,129,117,1
2024-11-15,nba,Cleveland Cavaliers,Chicago Bulls,144,126,1
2024-11-15,nba,New York Knicks,Brooklyn Nets,124,122,1
2024-11-15,nba,San Antonio Spurs,Los Angeles Lakers,115,120,0
2024-11-15,nba,Houston Rockets,LA Clippers,125,104,1
2024-11-15,nba,New Orleans Pelicans,Denver Nuggets,101,94,1
2024-11-15,nba,Oklahoma City Thunder,Phoenix Suns,99,83,1
2024-11-15,nba,Golden State Warriors,Memphis Grizzlies,123,118,1
2024-11-15,nba,Sacramento Kings,Minnesota Timberwolves,126,130,0
2024-11-16,nba,Charlotte Hornets,Milwaukee Bucks,115,114,1
2024-11-16,nba,Boston Celtics,Toronto Raptors,126,123,1
2024-11-16,nba,New Orleans Pelicans,Los Angeles Lakers,99,104,0
2024-11-16,nba,Dallas Mavericks,San Antonio Spurs,110,93,1
2024-11-16,nba,Sacramento Kings,Utah Jazz,121,117,1
2024-11-17,nba,Minnesota Timberwolves,Phoenix Suns,120,117,1
2024-11-17,nba,Indiana Pacers,Miami Heat,119,110,1
2024-11-17,nba,Cleveland Cavaliers,Charlotte Hornets,128,114,1
2024-11-17,nba,Washington Wizards,Detroit Pistons,104,124,0
2024-11-17,nba,Memphis Grizzlies,Denver Nuggets,105,90,1
2024-11-17,nba,Portland Trail Blazers,Atlanta Hawks,114,110,1
2024-11-17,nba,New York Knicks,Brooklyn Nets,114,104,1
2024-11-17,nba,Chicago Bulls,Houston Rockets,107,143,0
2024-11-17,nba,Oklahoma City Thunder,Dallas Mavericks,119,121,0
2024-11-17,nba,LA Clippers,Utah Jazz,116,105,1
2024-11-18,nba,Detroit Pistons,Chicago Bulls,112,122,0
2024-11-18,nba,Miami Heat,Philadelphia 76ers,106,89,1
2024-11-18,nba,New York Knicks,Washington Wizards,134,106,1
2024-11-18,nba,Toronto Raptors,Indiana Pacers,130,119,1
2024-11-18,nba,Milwaukee Bucks,Houston Rockets,101,100,1
2024-11-18,nba,Phoenix Suns,Orlando Magic,99,109,0
2024-11-18,nba,Sacramento Kings,Atlanta Hawks,108,109,0
2024-11-18,nba,LA Clippers,Golden State Warriors,102,99,1
2024-11-19,nba,Boston Celtics,Cleveland Cavaliers,120,117,1
2024-11-19,nba,Brooklyn Nets,Charlotte Hornets,116,115,1
2024-11-19,nba,Memphis Grizzlies,Denver Nuggets,110,122,0
2024-11-19,nba,Dallas Mavericks,New Orleans Pelicans,132,91,1
2024-11-19,nba,San Antonio Spurs,Oklahoma City Thunder,110,104,1
2024-11-19,nba,Los Angeles Lakers,Utah Jazz,124,118,1
2024-11-20,nba,Cleveland Cavaliers,New Orleans Pelicans,128,100,1
2024-11-20,nba,Milwaukee Bucks,Chicago Bulls,122,106,1
2024-11-20,nba,Houston Rockets,Indiana Pacers,130,113,1
2024-11-20,nba,Memphis Grizzlies,Philadelphia 76ers,117,111,1
2024-11-20,nba,Oklahoma City Thunder,Portland Trail Blazers,109,99,1
2024-11-20,nba,Phoenix Suns,New York Knicks,122,138,0
2024-11-20,nba,Golden State Warriors,Atlanta Hawks,120,97,1
2024-11-20,nba,LA Clippers,Orlando Magic,104,93,1
2024-11-21,nba,Charlotte Hornets,Detroit Pistons,123,121,1
2024-11-21,nba,Toronto Raptors,Minnesota Timberwolves,110,105,1
2024-11-21,nba,San Antonio Spurs,Utah Jazz,126,118,1
2024-11-21,nba,Los Angeles Lakers,Orlando Magic,118,119,0
2024-11-22,nba,Philadelphia 76ers,Brooklyn Nets,113,98,1
2024-11-22,nba,Washington Wizards,Boston Celtics,96,108,0
2024-11-22,nba,New Orleans Pelicans,Golden State Warriors,108,112,0
2024-11-22,nba,Milwaukee Bucks,Indiana Pacers,129,117,1
2024-11-22,nba,Chicago Bulls,Atlanta Hawks,136,122,1
2024-11-22,nba,Houston Rockets,Portland Trail Blazers,116,88,1
2024-11-22,nba,Denver Nuggets,Dallas Mavericks,120,123,0
2024-11-22,nba,LA Clippers,Sacramento Kings,104,88,1
2024-11-23,nba,Utah Jazz,New York Knicks,121,106,1
2024-11-23,nba,Orlando Magic,Detroit Pistons,111,100,1
2024-11-23,nba,Chicago Bulls,Memphis Grizzlies,131,142,0
2024-11-23,nba,Houston Rockets,Portland Trail Blazers,98,104,0
2024-11-23,nba,Milwaukee Bucks,Charlotte Hornets,125,119,1
2024-11-23,nba,San Antonio Spurs,Golden State Warriors,104,94,1
2024-11-23,nba,Los Angeles Lakers,Denver Nuggets,102,127,0
2024-11-24,nba,Boston Celtics,Minnesota Timberwolves,107,105,1
2024-11-24,nba,Indiana Pacers,Washington Wizards,115,103,1
2024-11-24,nba,Miami Heat,Dallas Mavericks,123,118,1
2024-11-24,nba,Philadelphia 76ers,LA Clippers,99,125,0
2024-11-24,nba,Cleveland Cavaliers,Toronto Raptors,122,108,1
2024-11-24,nba,Sacramento Kings,Brooklyn Nets,103,108,0
2024-11-25,nba,Charlotte Hornets,Orlando Magic,84,95,0
2024-11-25,nba,Detroit Pistons,Toronto Raptors,102,100,1
2024-11-25,nba,Indiana Pacers,New Orleans Pelicans,114,110,1
2024-11-25,nba,Atlanta Hawks,Dallas Mavericks,119,129,0
2024-11-25,nba,Boston Celtics,LA Clippers,126,94,1
2024-11-25,nba,Memphis Grizzlies,Portland Trail Blazers,123,98,1
2024-11-25,nba,Denver Nuggets,New York Knicks,118,145,0
2024-11-25,nba,Golden State Warriors,Brooklyn Nets,120,128,0
2024-11-25,nba,Sacramento Kings,Oklahoma City Thunder,109,130,0
2024-11-26,nba,Washington Wizards,Chicago Bulls,108,127,0
2024-11-26,nba,Miami Heat,Milwaukee Bucks,103,106,0
2024-11-26,nba,Minnesota Timberwolves,Houston Rockets,111,117,0
2024-11-26,nba,Utah Jazz,San Antonio Spurs,115,128,0
2024-11-26,nba,Phoenix Suns,Los Angeles Lakers,127,100,1
2024-11-27,nba,Charlotte Hornets,Miami Heat,94,98,0
2024-11-27,nba,Cleveland Cavaliers,Atlanta Hawks,124,135,0
2024-11-27,nba,Indiana Pacers,Portland Trail Blazers,121,114,1
2024-11-27,nba,Orlando Magic,Chicago Bulls,133,119,1
2024-11-27,nba,Philadelphia 76ers,Houston Rockets,115,122,0
2024-11-27,nba,Washington Wizards,LA Clippers,96,121,0
2024-11-27,nba,Dallas Mavericks,New York Knicks,129,114,1
2024-11-27,nba,Memphis Grizzlies,Detroit Pistons,131,111,1
2024-11-27,nba,Minnesota Timberwolves,Sacramento Kings,104,115,0
2024-11-27,nba,New Orleans Pelicans,Toronto Raptors,93,119,0
2024-11-27,nba,San Antonio Spurs,Los Angeles Lakers,101,119,0
2024-11-27,nba,Phoenix Suns,Brooklyn Nets,117,127,0
2024-11-27,nba,Utah Jazz,Denver Nuggets,103,122,0
2024-11-27,nba,Golden State Warriors,Oklahoma City Thunder,101,105,0
2024-11-29,nba,Charlotte Hornets,New York Knicks,98,99,0
2024-11-29,nba,Atlanta Hawks,Cleveland Cavaliers,117,101,1
2024-11-29,nba,Memphis Grizzlies,New Orleans Pelicans,120,109,1
2024-11-29,nba,Brooklyn Nets,Orlando Magic,100,123,0
2024-11-29,nba,Minnesota Timberwolves,LA Clippers,93,92,1
2024-11-29,nba,Indiana Pacers,Detroit Pistons,106,130,0
2024-11-29,nba,Miami Heat,Toronto Raptors,121,111,1
2024-11-29,nba,Chicago Bulls,Boston Celtics,129,138,0
2024-11-29,nba,Los Angeles Lakers,Oklahoma City Thunder,93,101,0
2024-11-29,nba,Portland Trail Blazers,Sacramento Kings,115,106,1
2024-11-30,nba,Charlotte Hornets,Atlanta Hawks,104,107,0
2024-11-30,nba,Detroit Pistons,Philadelphia 76ers,96,111,0
2024-11-30,nba,Milwaukee Bucks,Washington Wizards,124,114,1
2024-11-30,nba,Phoenix Suns,Golden State Warriors,113,105,1
2024-11-30,nba,Utah Jazz,Dallas Mavericks,94,106,0
2024-12-01,nba,Brooklyn Nets,Orlando Magic,92,100,0
2024-12-01,nba,Memphis Grizzlies,Indiana Pacers,136,121,1
2024-12-01,nba,Cleveland Cavaliers,Boston Celtics,115,111,1
2024-12-01,nba,New York Knicks,New Orleans Pelicans,118,85,1
2024-12-01,nba,Toronto Raptors,Miami Heat,119,116,1
2024-12-01,nba,Houston Rockets,Oklahoma City Thunder,119,116,1
2024-12-01,nba,Utah Jazz,Los Angeles Lakers,104,105,0
2024-12-01,nba,Portland Trail Blazers,Dallas Mavericks,131,137,0
2024-12-01,nba,Sacramento Kings,San Antonio Spurs,125,127,0
2024-12-01,nba,LA Clippers,Denver Nuggets,126,122,1
2024-12-02,nba,Atlanta Hawks,New Orleans Pelicans,124,112,1
2024-12-02,nba,Boston Celtics,Miami Heat,108,89,1
2024-12-02,nba,Chicago Bulls,Brooklyn Nets,128,102,1
2024-12-02,nba,Minnesota Timberwolves,Los Angeles Lakers,109,80,1
2024-12-03,nba,Charlotte Hornets,Philadelphia 76ers,104,110,0
2024-12-03,nba,Cleveland Cavaliers,Washington Wizards,118,87,1
2024-12-03,nba,Detroit Pistons,Milwaukee Bucks,107,128,0
2024-12-03,nba,New York Knicks,Orlando Magic,121,106,1
2024-12-03,nba,Toronto Raptors,Indiana Pacers,122,111,1
2024-12-03,nba,Oklahoma City Thunder,Utah Jazz,133,106,1
2024-12-03,nba,Dallas Mavericks,Memphis Grizzlies,121,116,1
2024-12-03,nba,Phoenix Suns,San Antonio Spurs,104,93,1
2024-12-03,nba,Denver Nuggets,Golden State Warriors,119,115,1
2024-12-03,nba,Sacramento Kings,Houston Rockets,120,111,1
2024-12-03,nba,LA Clippers,Portland Trail Blazers,127,105,1
2024-12-04,nba,Boston Celtics,Detroit Pistons,130,120,1
2024-12-04,nba,Brooklyn Nets,Indiana Pacers,99,90,1
2024-12-04,nba,Miami Heat,Los Angeles Lakers,134,93,1
2024-12-04,nba,Philadelphia 76ers,Orlando Magic,102,106,0
2024-12-04,nba,Milwaukee Bucks,Atlanta Hawks,104,119,0
2024-12-04,nba,LA Clippers,Minnesota Timberwolves,80,108,0
2024-12-05,nba,Cleveland Cavaliers,Denver Nuggets,126,114,1
2024-12-05,nba,Washington Wizards,Dallas Mavericks,101,137,0
2024-12-05,nba,New York Knicks,Charlotte Hornets,125,101,1
2024-12-05,nba,Toronto Raptors,Oklahoma City Thunder,92,129,0
2024-12-05,nba,Memphis Grizzlies,Sacramento Kings,115,110,1
2024-12-05,nba,New Orleans Pelicans,Phoenix Suns,126,124,1
2024-12-05,nba,San Antonio Spurs,Chicago Bulls,124,139,0
2024-12-05,nba,Golden State Warriors,Houston Rockets,99,93,1
2024-12-06,nba,Philadelphia 76ers,Orlando Magic,102,94,1
2024-12-06,nba,Atlanta Hawks,Los Angeles Lakers,134,132,1
2024-12-06,nba,Boston Celtics,Milwaukee Bucks,111,105,1
2024-12-06,nba,Chicago Bulls,Indiana Pacers,123,132,0
2024-12-06,nba,San Antonio Spurs,Sacramento Kings,113,140,0
2024-12-06,nba,Golden State Warriors,Minnesota Timberwolves,90,107,0
2024-12-06,nba,Portland Trail Blazers,Utah Jazz,99,141,0
2024-12-07,nba,Charlotte Hornets,Cleveland Cavaliers,102,116,0
2024-12-07,nba,Washington Wizards,Denver Nuggets,122,113,1
2024-12-07,nba,New Orleans Pelicans,Oklahoma City Thunder,109,119,0
2024-12-07,nba,New York Knicks,Detroit Pistons,111,120,0
2024-12-07,nba,Toronto Raptors,Dallas Mavericks,118,125,0
2024-12-07,nba,Boston Celtics,Memphis Grizzlies,121,127,0
2024-12-07,nba,Miami Heat,Phoenix Suns,121,111,1
2024-12-08,nba,Chicago Bulls,Philadelphia 76ers,100,108,0
2024-12-08,nba,Brooklyn Nets,Milwaukee Bucks,113,118,0
2024-12-08,nba,Indiana Pacers,Charlotte Hornets,109,113,0
2024-12-08,nba,Atlanta Hawks,Denver Nuggets,111,141,0
2024-12-08,nba,Miami Heat,Cleveland Cavaliers,122,113,1
2024-12-08,nba,Orlando Magic,Phoenix Suns,115,110,1
2024-12-08,nba,Washington Wizards,Memphis Grizzlies,112,140,0
2024-12-08,nba,San Antonio Spurs,New Orleans Pelicans,121,116,1
2024-12-08,nba,Golden State Warriors,Minnesota Timberwolves,114,106,1
2024-12-08,nba,LA Clippers,Houston Rockets,106,117,0
2024-12-08,nba,Sacramento Kings,Utah Jazz,141,97,1
2024-12-08,nba,Los Angeles Lakers,Portland Trail Blazers,107,98,1
2024-12-09,nba,Toronto Raptors,New York Knicks,108,113,0
2024-12-10,nba,Milwaukee Bucks,Orlando Magic,114,109,1
2024-12-10,nba,Oklahoma City Thunder,Dallas Mavericks,118,104,1
2024-12-11,nba,New York Knicks,Atlanta Hawks,100,108,0
2024-12-11,nba,Houston Rockets,Golden State Warriors,91,90,1
2024-12-12,nba,Boston Celtics,Detroit Pistons,123,99,1
2024-12-12,nba,Miami Heat,Toronto Raptors,114,104,1
2024-12-12,nba,New Orleans Pelicans,Sacramento Kings,109,111,0
2024-12-13,nba,Cleveland Cavaliers,Washington Wizards,115,105,1
2024-12-13,nba,Philadelphia 76ers,Indiana Pacers,107,121,0
2024-12-13,nba,Minnesota Timberwolves,Los Angeles Lakers,97,87,1
2024-12-13,nba,Memphis Grizzlies,Brooklyn Nets,135,119,1
2024-12-13,nba,Chicago Bulls,Charlotte Hornets,109,95,1
2024-12-13,nba,Denver Nuggets,LA Clippers,120,98,1
2024-12-13,nba,Utah Jazz,Phoenix Suns,126,134,0
2024-12-13,nba,Portland Trail Blazers,San Antonio Spurs,116,118,0
2024-12-14,nba,Milwaukee Bucks,Atlanta Hawks,110,102,1
2024-12-14,nba,Oklahoma City Thunder,Houston Rockets,111,96,1
2024-12-15,nba,Indiana Pacers,New Orleans Pelicans,119,104,1
2024-12-15,nba,Washington Wizards,Boston Celtics,98,112,0
2024-12-15,nba,Orlando Magic,New York Knicks,91,100,0
2024-12-15,nba,San Antonio Spurs,Minnesota Timberwolves,92,106,0
2024-12-15,nba,Phoenix Suns,Portland Trail Blazers,116,109,1
2024-12-15,nba,Golden State Warriors,Dallas Mavericks,133,143,0
2024-12-15,nba,Los Angeles Lakers,Memphis Grizzlies,116,110,1
2024-12-16,nba,Charlotte Hornets,Philadelphia 76ers,108,121,0
2024-12-16,nba,Detroit Pistons,Miami Heat,125,124,1
2024-12-16,nba,Toronto Raptors,Chicago Bulls,121,122,0
2024-12-16,nba,Brooklyn Nets,Cleveland Cavaliers,101,130,0
2024-12-16,nba,Sacramento Kings,Denver Nuggets,129,130,0
2024-12-16,nba,LA Clippers,Utah Jazz,144,107,1
2024-12-17,nba,Oklahoma City Thunder,Milwaukee Bucks,81,97,0
2024-12-19,nba,Detroit Pistons,Utah Jazz,119,126,0
2024-12-19,nba,Orlando Magic,Oklahoma City Thunder,99,105,0
2024-12-19,nba,Washington Wizards,Charlotte Hornets,123,114,1
2024-12-19,nba,Boston Celtics,Chicago Bulls,108,117,0
2024-12-19,nba,Toronto Raptors,Brooklyn Nets,94,101,0
2024-12-19,nba,Houston Rockets,New Orleans Pelicans,133,113,1
2024-12-19,nba,Memphis Grizzlies,Golden State Warriors,144,93,1
2024-12-19,nba,San Antonio Spurs,Atlanta Hawks,133,126,1
2024-12-19,nba,Dallas Mavericks,LA Clippers,95,118,0
2024-12-19,nba,Phoenix Suns,Indiana Pacers,111,120,0
2024-12-19,nba,Minnesota Timberwolves,New York Knicks,107,133,0
2024-12-19,nba,Portland Trail Blazers,Denver Nuggets,126,124,1
2024-12-19,nba,Sacramento Kings,Los Angeles Lakers,100,113,0
2024-12-20,nba,Philadelphia 76ers,Charlotte Hornets,108,98,1
2024-12-20,nba,Cleveland Cavaliers,Milwaukee Bucks,124,101,1
2024-12-20,nba,Miami Heat,Oklahoma City Thunder,97,104,0
2024-12-21,nba,Sacramento Kings,Los Angeles Lakers,99,103,0
2024-12-21,nba,Orlando Magic,Miami Heat,121,114,1
2024-12-21,nba,Atlanta Hawks,Memphis Grizzlies,112,128,0
2024-12-21,nba,Brooklyn Nets,Utah Jazz,94,105,0
2024-12-21,nba,Cleveland Cavaliers,Philadelphia 76ers,126,99,1
2024-12-21,nba,Chicago Bulls,Boston Celtics,98,123,0
2024-12-21,nba,Milwaukee Bucks,Washington Wizards,112,101,1
2024-12-21,nba,Minnesota Timberwolves,Golden State Warriors,103,113,0
2024-12-21,nba,New Orleans Pelicans,New York Knicks,93,104,0
2024-12-21,nba,Dallas Mavericks,LA Clippers,113,97,1
2024-12-21,nba,San Antonio Spurs,Portland Trail Blazers,114,94,1
2024-12-21,nba,Phoenix Suns,Detroit Pistons,125,133,0
2024-12-22,nba,Toronto Raptors,Houston Rockets,110,114,0
2024-12-22,nba,Sacramento Kings,Indiana Pacers,95,122,0
2024-12-22,nba,New Orleans Pelicans,Denver Nuggets,129,132,0
2024-12-23,nba,Charlotte Hornets,Houston Rockets,101,114,0
2024-12-23,nba,Cleveland Cavaliers,Utah Jazz,124,113,1
2024-12-23,nba,Orlando Magic,Boston Celtics,108,104,1
2024-12-23,nba,Philadelphia 76ers,San Antonio Spurs,111,106,1
2024-12-23,nba,Atlanta Hawks,Minnesota Timberwolves,117,104,1
2024-12-23,nba,Miami Heat,Brooklyn Nets,110,95,1
2024-12-23,nba,New York Knicks,Toronto Raptors,139,125,1
2024-12-23,nba,Chicago Bulls,Milwaukee Bucks,91,112,0
2024-12-23,nba,Memphis Grizzlies,LA Clippers,110,114,0
2024-12-23,nba,Oklahoma City Thunder,Washington Wizards,123,105,1
2024-12-23,nba,Dallas Mavericks,Portland Trail Blazers,132,108,1
2024-12-23,nba,Denver Nuggets,Phoenix Suns,117,90,1
2024-12-23,nba,Golden State Warriors,Indiana Pacers,105,111,0
2024-12-23,nba,Los Angeles Lakers,Detroit Pistons,114,117,0
2024-12-25,nba,New York Knicks,San Antonio Spurs,117,114,1
2024-12-25,nba,Dallas Mavericks,Minnesota Timberwolves,99,105,0
2024-12-25,nba,Boston Celtics,Philadelphia 76ers,114,118,0
2024-12-25,nba,Golden State Warriors,Los Angeles Lakers,113,115,0
2024-12-25,nba,Phoenix Suns,Denver Nuggets,110,100,1
2024-12-26,nba,Indiana Pacers,Oklahoma City Thunder,114,120,0
2024-12-26,nba,Orlando Magic,Miami Heat,88,89,0
2024-12-26,nba,Washington Wizards,Charlotte Hornets,113,110,1
2024-12-26,nba,Atlanta Hawks,Chicago Bulls,141,133,1
2024-12-26,nba,Memphis Grizzlies,Toronto Raptors,155,126,1
2024-12-26,nba,Milwaukee Bucks,Brooklyn Nets,105,111,0
2024-12-26,nba,New Orleans Pelicans,Houston Rockets,111,128,0
2024-12-26,nba,Portland Trail Blazers,Utah Jazz,122,120,1
2024-12-26,nba,Sacramento Kings,Detroit Pistons,113,114,0
2024-12-27,nba,Orlando Magic,New York Knicks,85,108,0
2024-12-27,nba,Boston Celtics,Indiana Pacers,142,105,1
2024-12-27,nba,Brooklyn Nets,San Antonio Spurs,87,96,0
2024-12-27,nba,Houston Rockets,Minnesota Timberwolves,112,113,0
2024-12-27,nba,New Orleans Pelicans,Memphis Grizzlies,124,132,0
2024-12-27,nba,Denver Nuggets,Cleveland Cavaliers,135,149,0
2024-12-27,nba,Phoenix Suns,Dallas Mavericks,89,98,0
2024-12-27,nba,LA Clippers,Golden State Warriors,102,92,1
2024-12-28,nba,Atlanta Hawks,Miami Heat,120,110,1
2024-12-28,nba,Charlotte Hornets,Oklahoma City Thunder,94,106,0
2024-12-28,nba,Washington Wizards,New York Knicks,132,136,0
2024-12-28,nba,Chicago Bulls,Milwaukee Bucks,116,111,1
2024-12-28,nba,Golden State Warriors,Phoenix Suns,109,105,1
2024-12-28,nba,Denver Nuggets,Detroit Pistons,134,121,1
2024-12-28,nba,Utah Jazz,Philadelphia 76ers,111,114,0
2024-12-28,nba,Portland Trail Blazers,Dallas Mavericks,126,122,1
2024-12-28,nba,Los Angeles Lakers,Sacramento Kings,132,122,1
2024-12-29,nba,Orlando Magic,Brooklyn Nets,102,101,1
2024-12-29,nba,Boston Celtics,Indiana Pacers,114,123,0
2024-12-29,nba,Toronto Raptors,Atlanta Hawks,107,136,0
2024-12-29,nba,Houston Rockets,Miami Heat,100,104,0
2024-12-29,nba,Oklahoma City Thunder,Memphis Grizzlies,130,106,1
2024-12-29,nba,Minnesota Timberwolves,San Antonio Spurs,112,110,1
2024-12-30,nba,Charlotte Hornets,Chicago Bulls,108,115,0
2024-12-30,nba,Washington Wizards,New York Knicks,106,126,0
2024-12-30,nba,New Orleans Pelicans,LA Clippers,113,116,0
2024-12-30,nba,Utah Jazz,Denver Nuggets,121,132,0
2024-12-30,nba,Golden State Warriors,Cleveland Cavaliers,95,113,0
2024-12-30,nba,Portland Trail Blazers,Philadelphia 76ers,103,125,0
2024-12-30,nba,Sacramento Kings,Dallas Mavericks,110,100,1
2024-12-31,nba,Boston Celtics,Toronto Raptors,125,71,1
2024-12-31,nba,Indiana Pacers,Milwaukee Bucks,112,120,0
2024-12-31,nba,San Antonio Spurs,LA Clippers,122,86,1
2024-12-31,nba,Oklahoma City Thunder,Minnesota Timberwolves,113,105,1
2024-12-31,nba,Phoenix Suns,Memphis Grizzlies,112,117,0
2024-12-31,nba,Los Angeles Lakers,Cleveland Cavaliers,110,122,0
2025-01-01,nba,Detroit Pistons,Orlando Magic,105,96,1
2025-01-01,nba,Washington Wizards,Chicago Bulls,125,107,1
2025-01-01,nba,Miami Heat,New Orleans Pelicans,119,108,1
2025-01-01,nba,New York Knicks,Utah Jazz,119,103,1
2025-01-01,nba,Toronto Raptors,Brooklyn Nets,130,113,1
2025-01-01,nba,Houston Rockets,Dallas Mavericks,110,99,1
2025-01-01,nba,Denver Nuggets,Atlanta Hawks,139,120,1
2025-01-01,nba,Sacramento Kings,Philadelphia 76ers,113,107,1
2025-01-02,nba,Miami Heat,Indiana Pacers,115,128,0
2025-01-02,nba,Minnesota Timberwolves,Boston Celtics,115,118,0
2025-01-02,nba,Milwaukee Bucks,Brooklyn Nets,110,113,0
2025-01-02,nba,Oklahoma City Thunder,LA Clippers,116,98,1
2025-01-02,nba,Golden State Warriors,Philadelphia 76ers,139,105,1
2025-01-02,nba,Los Angeles Lakers,Portland Trail Blazers,114,106,1
2025-01-03,nba,Detroit Pistons,Charlotte Hornets,98,94,1
2025-01-03,nba,Toronto Raptors,Orlando Magic,97,106,0
2025-01-03,nba,Houston Rockets,Boston Celtics,86,109,0
2025-01-03,nba,New Orleans Pelicans,Washington Wizards,132,120,1
2025-01-03,nba,Oklahoma City Thunder,New York Knicks,117,107,1
2025-01-03,nba,Dallas Mavericks,Cleveland Cavaliers,122,134,0
2025-01-03,nba,Denver Nuggets,San Antonio Spurs,110,113,0
2025-01-03,nba,Sacramento Kings,Memphis Grizzlies,138,133,1
2025-01-03,nba,Los Angeles Lakers,Atlanta Hawks,119,102,1
2025-01-04,nba,Brooklyn Nets,Philadelphia 76ers,94,123,0
2025-01-04,nba,Detroit Pistons,Minnesota Timberwolves,119,105,1
2025-01-04,nba,Indiana Pacers,Phoenix Suns,126,108,1
2025-01-04,nba,Miami Heat,Utah Jazz,100,136,0
2025-01-04,nba,Chicago Bulls,New York Knicks,139,126,1
2025-01-04,nba,Milwaukee Bucks,Portland Trail Blazers,102,105,0
2025-01-04,nba,San Antonio Spurs,Denver Nuggets,111,122,0
2025-01-04,nba,Golden State Warriors,Memphis Grizzlies,121,113,1
2025-01-04,nba,LA Clippers,Atlanta Hawks,131,105,1
2025-01-05,nba,Oklahoma City Thunder,Boston Celtics,105,92,1
2025-01-05,nba,Cleveland Cavaliers,Charlotte Hornets,115,105,1
2025-01-05,nba,Washington Wizards,New Orleans Pelicans,98,110,0
2025-01-05,nba,Orlando Magic,Utah Jazz,92,105,0
2025-01-05,nba,Houston Rockets,Los Angeles Lakers,119,115,1
2025-01-05,nba,Golden State Warriors,Sacramento Kings,99,129,0
2025-01-06,nba,Detroit Pistons,Portland Trail Blazers,118,115,1
2025-01-06,nba,Philadelphia 76ers,Phoenix Suns,99,109,0
2025-01-06,nba,Brooklyn Nets,Indiana Pacers,99,113,0
2025-01-06,nba,New York Knicks,Orlando Magic,94,103,0
2025-01-06,nba,Toronto Raptors,Milwaukee Bucks,104,128,0
2025-01-06,nba,Chicago Bulls,San Antonio Spurs,114,110,1
2025-01-06,nba,Memphis Grizzlies,Dallas Mavericks,119,104,1
2025-01-06,nba,Minnesota Timberwolves,LA Clippers,108,106,1
2025-01-06,nba,Sacramento Kings,Miami Heat,123,118,1
2025-01-07,nba,Charlotte Hornets,Phoenix Suns,115,104,1
2025-01-07,nba,Washington Wizards,Houston Rockets,112,135,0
2025-01-07,nba,Dallas Mavericks,Los Angeles Lakers,118,97,1
2025-01-07,nba,New Orleans Pelicans,Minnesota Timberwolves,97,104,0
2025-01-07,nba,Utah Jazz,Atlanta Hawks,121,124,0
2025-01-07,nba,Denver Nuggets,Boston Celtics,106,118,0
2025-01-07,nba,Golden State Warriors,Miami Heat,98,114,0
2025-01-08,nba,Cleveland Cavaliers,Oklahoma City Thunder,129,122,1
2025-01-08,nba,Indiana Pacers,Chicago Bulls,129,113,1
2025-01-08,nba,Philadelphia 76ers,Washington Wizards,109,103,1
2025-01-08,nba,New York Knicks,Toronto Raptors,112,98,1
2025-01-08,nba,Brooklyn Nets,Detroit Pistons,98,113,0
2025-01-08,nba,New Orleans Pelicans,Portland Trail Blazers,100,119,0
2025-01-08,nba,Denver Nuggets,LA Clippers,126,103,1
2025-01-08,nba,Milwaukee Bucks,San Antonio Spurs,121,105,1
2025-01-09,nba,Cleveland Cavaliers,Toronto Raptors,132,126,1
2025-01-09,nba,Detroit Pistons,Golden State Warriors,104,107,0
2025-01-09,nba,Orlando Magic,Minnesota Timberwolves,89,104,0
2025-01-09,nba,Dallas Mavericks,Portland Trail Blazers,117,111,1
2025-01-09,nba,Memphis Grizzlies,Houston Rockets,115,119,0
2025-01-09,nba,Phoenix Suns,Atlanta Hawks,123,115,1
2025-01-09,nba,Utah Jazz,Miami Heat,92,97,0
2025-01-10,nba,Indiana Pacers,Golden State Warriors,108,96,1
2025-01-10,nba,Orlando Magic,Milwaukee Bucks,106,109,0
2025-01-10,nba,Philadelphia 76ers,New Orleans Pelicans,115,123,0
2025-01-10,nba,Boston Celtics,Sacramento Kings,97,114,0
2025-01-10,nba,New York Knicks,Oklahoma City Thunder,101,126,0
2025-01-10,nba,Chicago Bulls,Washington Wizards,138,105,1
2025-01-10,nba,Denver Nuggets,Brooklyn Nets,124,105,1
2025-01-11,nba,Phoenix Suns,Utah Jazz,114,106,1
2025-01-11,nba,Detroit Pistons,Toronto Raptors,123,114,1
2025-01-11,nba,Minnesota Timberwolves,Memphis Grizzlies,125,127,0
2025-01-11,nba,Portland Trail Blazers,Miami Heat,98,119,0
2025-01-12,nba,New York Knicks,Milwaukee Bucks,140,106,1
2025-01-12,nba,Dallas Mavericks,Denver Nuggets,101,112,0
2025-01-12,nba,Chicago Bulls,Sacramento Kings,119,124,0
2025-01-12,nba,Boston Celtics,New Orleans Pelicans,120,119,1
2025-01-12,nba,Cleveland Cavaliers,Indiana Pacers,93,108,0
2025-01-12,nba,Orlando Magic,Philadelphia 76ers,104,99,1
2025-01-12,nba,Washington Wizards,Oklahoma City Thunder,95,136,0
2025-01-12,nba,Utah Jazz,Brooklyn Nets,112,111,1
2025-01-12,nba,Phoenix Suns,Charlotte Hornets,120,113,1
2025-01-13,nba,Washington Wizards,Minnesota Timberwolves,106,120,0
2025-01-13,nba,New York Knicks,Detroit Pistons,119,124,0
2025-01-13,nba,Toronto Raptors,Golden State Warriors,104,101,1
2025-01-13,nba,Houston Rockets,Memphis Grizzlies,120,118,1
2025-01-13,nba,Los Angeles Lakers,San Antonio Spurs,102,126,0
2025-01-13,nba,LA Clippers,Miami Heat,109,98,1
2025-01-14,nba,Indiana Pacers,Cleveland Cavaliers,117,127,0
2025-01-14,nba,Philadelphia 76ers,Oklahoma City Thunder,102,118,0
2025-01-14,nba,Atlanta Hawks,Phoenix Suns,122,117,1
2025-01-14,nba,Chicago Bulls,New Orleans Pelicans,113,119,0
2025-01-14,nba,Milwaukee Bucks,Sacramento Kings,130,115,1
2025-01-14,nba,Dallas Mavericks,Denver Nuggets,99,118,0
2025-01-14,nba,Portland Trail Blazers,Brooklyn Nets,114,132,0
2025-01-15,nba,Philadelphia 76ers,New York Knicks,119,125,0
2025-01-15,nba,Toronto Raptors,Boston Celtics,110,97,1
2025-01-15,nba,Chicago Bulls,Atlanta Hawks,94,110,0
2025-01-15,nba,Milwaukee Bucks,Orlando Magic,122,93,1
2025-01-15,nba,New Orleans Pelicans,Dallas Mavericks,119,116,1
2025-01-15,nba,San Antonio Spurs,Memphis Grizzlies,115,129,0
2025-01-15,nba,Denver Nuggets,Houston Rockets,108,128,0
2025-01-15,nba,Utah Jazz,Charlotte Hornets,112,117,0
2025-01-15,nba,Minnesota Timberwolves,Golden State Warriors,115,116,0
2025-01-15,nba,Los Angeles Lakers,Miami Heat,117,108,1
2025-01-15,nba,LA Clippers,Brooklyn Nets,126,67,1
2025-01-16,nba,Detroit Pistons,Indiana Pacers,100,111,0
2025-01-16,nba,Washington Wizards,Phoenix Suns,123,130,0
2025-01-16,nba,Oklahoma City Thunder,Cleveland Cavaliers,134,114,1
2025-01-16,nba,Portland Trail Blazers,LA Clippers,89,118,0
2025-01-16,nba,Sacramento Kings,Houston Rockets,132,127,1
2025-01-17,nba,Boston Celtics,Orlando Magic,121,94,1
2025-01-17,nba,New York Knicks,Minnesota Timberwolves,99,116,0
2025-01-17,nba,Miami Heat,Denver Nuggets,113,133,0
2025-01-17,nba,Milwaukee Bucks,Toronto Raptors,130,112,1
2025-01-17,nba,New Orleans Pelicans,Utah Jazz,136,123,1
2025-01-17,nba,Chicago Bulls,Charlotte Hornets,123,125,0
2025-01-17,nba,Dallas Mavericks,Oklahoma City Thunder,106,98,1
2025-01-17,nba,San Antonio Spurs,Memphis Grizzlies,112,140,0
2025-01-17,nba,Los Angeles Lakers,Brooklyn Nets,102,101,1
2025-01-18,nba,Detroit Pistons,Phoenix Suns,121,125,0
2025-01-18,nba,Boston Celtics,Atlanta Hawks,115,119,0
2025-01-18,nba,Indiana Pacers,Philadelphia 76ers,115,102,1
2025-01-18,nba,Golden State Warriors,Washington Wizards,122,114,1
2025-01-18,nba,Minnesota Timberwolves,Cleveland Cavaliers,117,124,0
2025-01-18,nba,Portland Trail Blazers,Houston Rockets,103,125,0
2025-01-19,nba,Miami Heat,San Antonio Spurs,128,107,1
2025-01-19,nba,Orlando Magic,Denver Nuggets,100,113,0
2025-01-19,nba,Milwaukee Bucks,Philadelphia 76ers,123,109,1
2025-01-19,nba,Oklahoma City Thunder,Brooklyn Nets,127,101,1
2025-01-19,nba,LA Clippers,Los Angeles Lakers,116,102,1
2025-01-19,nba,Portland Trail Blazers,Chicago Bulls,113,102,1
2025-01-19,nba,Sacramento Kings,Washington Wizards,123,100,1
2025-01-20,nba,Charlotte Hornets,Dallas Mavericks,110,105,1
2025-01-20,nba,Houston Rockets,Detroit Pistons,96,107,0
2025-01-20,nba,Memphis Grizzlies,Minnesota Timberwolves,108,106,1
2025-01-20,nba,New York Knicks,Atlanta Hawks,119,110,1
2025-01-20,nba,Cleveland Cavaliers,Phoenix Suns,118,92,1
2025-01-20,nba,Golden State Warriors,Boston Celtics,85,125,0
2025-01-20,nba,New Orleans Pelicans,Utah Jazz,123,119,1
2025-01-20,nba,LA Clippers,Chicago Bulls,99,112,0
2025-01-21,nba,Brooklyn Nets,New York Knicks,95,99,0
2025-01-21,nba,Miami Heat,Portland Trail Blazers,107,116,0
2025-01-21,nba,Toronto Raptors,Orlando Magic,109,93,1
2025-01-21,nba,Denver Nuggets,Philadelphia 76ers,144,109,1
2025-01-21,nba,Los Angeles Lakers,Washington Wizards,111,88,1
2025-01-22,nba,Atlanta Hawks,Detroit Pistons,104,114,0
2025-01-22,nba,Brooklyn Nets,Phoenix Suns,84,108,0
2025-01-22,nba,Dallas Mavericks,Minnesota Timberwolves,114,115,0
2025-01-22,nba,Houston Rockets,Cleveland Cavaliers,109,108,1
2025-01-22,nba,Memphis Grizzlies,Charlotte Hornets,132,120,1
2025-01-22,nba,Oklahoma City Thunder,Utah Jazz,123,114,1
2025-01-22,nba,Sacramento Kings,Golden State Warriors,123,117,1
2025-01-22,nba,LA Clippers,Boston Celtics,113,117,0
2025-01-23,nba,Indiana Pacers,San Antonio Spurs,110,140,0
2025-01-23,nba,Orlando Magic,Portland Trail Blazers,79,101,0
2025-01-23,nba,Atlanta Hawks,Toronto Raptors,119,122,0
2025-01-23,nba,Oklahoma City Thunder,Dallas Mavericks,115,121,0
2025-01-23,nba,Milwaukee Bucks,Miami Heat,125,96,1
2025-01-23,nba,Denver Nuggets,Sacramento Kings,132,123,1
2025-01-23,nba,Golden State Warriors,Chicago Bulls,131,106,1
2025-01-23,nba,Los Angeles Lakers,Boston Celtics,117,96,1
2025-01-23,nba,LA Clippers,Washington Wizards,110,93,1
2025-01-24,nba,Charlotte Hornets,Portland Trail Blazers,97,102,0
2025-01-24,nba,Philadelphia 76ers,Cleveland Cavaliers,132,129,1
2025-01-24,nba,Memphis Grizzlies,New Orleans Pelicans,139,126,1
2025-01-25,nba,San Antonio Spurs,Indiana Pacers,98,136,0
2025-01-25,nba,Minnesota Timberwolves,Denver Nuggets,133,104,1
2025-01-25,nba,Dallas Mavericks,Boston Celtics,107,122,0
2025-01-25,nba,Brooklyn Nets,Miami Heat,97,106,0
2025-01-25,nba,Charlotte Hornets,New Orleans Pelicans,123,92,1
2025-01-25,nba,Orlando Magic,Detroit Pistons,121,113,1
2025-01-25,nba,Atlanta Hawks,Toronto Raptors,94,117,0
2025-01-25,nba,Cleveland Cavaliers,Houston Rockets,131,135,0
2025-01-25,nba,New York Knicks,Sacramento Kings,143,120,1
2025-01-25,nba,Chicago Bulls,Philadelphia 76ers,97,109,0
2025-01-25,nba,Memphis Grizzlies,Utah Jazz,125,103,1
2025-01-25,nba,Golden State Warriors,Los Angeles Lakers,108,118,0
2025-01-25,nba,Phoenix Suns,Washington Wizards,119,109,1
2025-01-25,nba,LA Clippers,Milwaukee Bucks,127,117,1
2025-01-26,nba,Portland Trail Blazers,Oklahoma City Thunder,108,118,0
2025-01-27,nba,Charlotte Hornets,Los Angeles Lakers,107,112,0
2025-01-27,nba,Cleveland Cavaliers,Detroit Pistons,110,91,1
2025-01-27,nba,Boston Celtics,Houston Rockets,112,114,0
2025-01-27,nba,Brooklyn Nets,Sacramento Kings,96,110,0
2025-01-27,nba,Miami Heat,Orlando Magic,125,119,1
2025-01-27,nba,New York Knicks,Memphis Grizzlies,143,106,1
2025-01-27,nba,Toronto Raptors,New Orleans Pelicans,113,104,1
2025-01-27,nba,Chicago Bulls,Denver Nuggets,129,121,1
2025-01-27,nba,Minnesota Timberwolves,Atlanta Hawks,100,92,1
2025-01-27,nba,Dallas Mavericks,Washington Wizards,130,108,1
2025-01-27,nba,Utah Jazz,Milwaukee Bucks,110,125,0
2025-01-27,nba,Phoenix Suns,LA Clippers,111,109,1
2025-01-28,nba,Philadelphia 76ers,Los Angeles Lakers,118,104,1
2025-01-28,nba,Atlanta Hawks,Houston Rockets,96,100,0
2025-01-28,nba,Golden State Warriors,Utah Jazz,114,103,1
2025-01-28,nba,Portland Trail Blazers,Milwaukee Bucks,125,112,1
2025-01-29,nba,Charlotte Hornets,Brooklyn Nets,83,104,0
2025-01-29,nba,Indiana Pacers,Detroit Pistons,133,119,1
2025-01-29,nba,Washington Wizards,Toronto Raptors,82,106,0
2025-01-29,nba,Boston Celtics,Chicago Bulls,122,100,1
2025-01-29,nba,Miami Heat,Cleveland Cavaliers,106,126,0
2025-01-29,nba,New York Knicks,Denver Nuggets,122,112,1
2025-01-29,nba,Philadelphia 76ers,Sacramento Kings,117,104,1
2025-01-29,nba,New Orleans Pelicans,Dallas Mavericks,136,137,0
2025-01-29,nba,San Antonio Spurs,LA Clippers,116,128,0
2025-01-29,nba,Phoenix Suns,Minnesota Timberwolves,113,121,0
2025-01-29,nba,Golden State Warriors,Oklahoma City Thunder,116,109,1
2025-01-30,nba,Washington Wizards,Los Angeles Lakers,96,134,0
2025-01-30,nba,Cleveland Cavaliers,Atlanta Hawks,137,115,1
2025-01-30,nba,Utah Jazz,Minnesota Timberwolves,113,138,0
2025-01-30,nba,Memphis Grizzlies,Houston Rockets,120,119,1
2025-01-30,nba,Portland Trail Blazers,Orlando Magic,119,90,1
2025-01-31,nba,Charlotte Hornets,LA Clippers,104,112,0
2025-01-31,nba,Detroit Pistons,Dallas Mavericks,117,102,1
2025-01-31,nba,Philadelphia 76ers,Denver Nuggets,134,137,0
2025-01-31,nba,Toronto Raptors,Chicago Bulls,106,122,0
2025-01-31,nba,New Orleans Pelicans,Boston Celtics,116,118,0
2025-01-31,nba,San Antonio Spurs,Milwaukee Bucks,144,118,1
2025-01-31,nba,Golden State Warriors,Phoenix Suns,105,130,0
2025-02-01,nba,Indiana Pacers,Atlanta Hawks,132,127,1
2025-02-01,nba,Utah Jazz,Orlando Magic,113,99,1
2025-02-01,nba,Charlotte Hornets,Denver Nuggets,104,107,0
2025-02-01,nba,Houston Rockets,Brooklyn Nets,98,110,0
2025-02-01,nba,Minnesota Timberwolves,Washington Wizards,103,105,0
2025-02-01,nba,Oklahoma City Thunder,Sacramento Kings,144,110,1
2025-02-01,nba,New York Knicks,Los Angeles Lakers,112,128,0
2025-02-01,nba,San Antonio Spurs,Miami Heat,103,105,0
2025-02-01,nba,Portland Trail Blazers,Phoenix Suns,127,108,1
2025-02-02,nba,Detroit Pistons,Chicago Bulls,127,119,1
2025-02-02,nba,Cleveland Cavaliers,Dallas Mavericks,144,101,1
2025-02-02,nba,Toronto Raptors,LA Clippers,115,108,1
2025-02-02,nba,Philadelphia 76ers,Boston Celtics,110,118,0
2025-02-02,nba,Milwaukee Bucks,Memphis Grizzlies,119,132,0
2025-02-03,nba,Charlotte Hornets,Washington Wizards,114,124,0
2025-02-03,nba,Detroit Pistons,Atlanta Hawks,130,132,0
2025-02-03,nba,New York Knicks,Houston Rockets,124,118,1
2025-02-03,nba,Minnesota Timberwolves,Sacramento Kings,114,116,0
2025-02-03,nba,Oklahoma City Thunder,Milwaukee Bucks,125,96,1
2025-02-03,nba,Memphis Grizzlies,San Antonio Spurs,128,109,1
2025-02-03,nba,Denver Nuggets,New Orleans Pelicans,125,113,1
2025-02-03,nba,Utah Jazz,Indiana Pacers,111,112,0
2025-02-03,nba,Golden State Warriors,Orlando Magic,104,99,1
2025-02-03,nba,Portland Trail Blazers,Phoenix Suns,121,119,1
2025-02-04,nba,Philadelphia 76ers,Dallas Mavericks,118,116,1
2025-02-04,nba,Cleveland Cavaliers,Boston Celtics,105,112,0
2025-02-04,nba,Brooklyn Nets,Houston Rockets,99,97,1
2025-02-04,nba,Toronto Raptors,New York Knicks,115,121,0
2025-02-04,nba,Chicago Bulls,Miami Heat,133,124,1
2025-02-04,nba,LA Clippers,Los Angeles Lakers,97,122,0
2025-02-04,nba,Portland Trail Blazers,Indiana Pacers,112,89,1
2025-02-05,nba,Charlotte Hornets,Milwaukee Bucks,102,112,0
2025-02-05,nba,Detroit Pistons,Cleveland Cavaliers,115,118,0
2025-02-05,nba,Atlanta Hawks,San Antonio Spurs,125,126,0
2025-02-05,nba,Brooklyn Nets,Washington Wizards,102,119,0
2025-02-05,nba,Philadelphia 76ers,Miami Heat,101,108,0
2025-02-05,nba,Toronto Raptors,Memphis Grizzlies,107,138,0
2025-02-05,nba,Minnesota Timberwolves,Chicago Bulls,127,108,1
2025-02-05,nba,Utah Jazz,Golden State Warriors,131,128,1
2025-02-05,nba,Denver Nuggets,New Orleans Pelicans,144,119,1
2025-02-05,nba,Oklahoma City Thunder,Phoenix Suns,140,109,1
2025-02-05,nba,Sacramento Kings,Orlando Magic,111,130,0
2025-02-06,nba,Boston Celtics,Dallas Mavericks,120,127,0
2025-02-06,nba,Minnesota Timberwolves,Houston Rockets,127,114,1
2025-02-06,nba,Denver Nuggets,Orlando Magic,112,90,1
2025-02-06,nba,Los Angeles Lakers,Golden State Warriors,120,112,1
2025-02-06,nba,Portland Trail Blazers,Sacramento Kings,108,102,1
2025-02-06,nba,LA Clippers,Indiana Pacers,112,119,0
2025-02-07,nba,Charlotte Hornets,San Antonio Spurs,117,116,1
2025-02-07,nba,Washington Wizards,Cleveland Cavaliers,124,134,0
2025-02-07,nba,Atlanta Hawks,Milwaukee Bucks,115,110,1
2025-02-07,nba,Brooklyn Nets,Miami Heat,102,86,1
2025-02-07,nba,Detroit Pistons,Philadelphia 76ers,125,112,1
2025-02-07,nba,Oklahoma City Thunder,Toronto Raptors,121,109,1
2025-02-07,nba,Phoenix Suns,Utah Jazz,135,127,1
2025-02-08,nba,Dallas Mavericks,Houston Rockets,116,105,1
2025-02-08,nba,Los Angeles Lakers,Indiana Pacers,124,117,1
2025-02-08,nba,Orlando Magic,San Antonio Spurs,112,111,1
2025-02-08,nba,Washington Wizards,Atlanta Hawks,111,125,0
2025-02-08,nba,Chicago Bulls,Golden State Warriors,111,132,0
2025-02-08,nba,Memphis Grizzlies,Oklahoma City Thunder,112,125,0
2025-02-08,nba,Minnesota Timberwolves,Portland Trail Blazers,114,98,1
2025-02-08,nba,New York Knicks,Boston Celtics,104,131,0
2025-02-08,nba,Phoenix Suns,Denver Nuggets,105,122,0
2025-02-08,nba,Sacramento Kings,New Orleans Pelicans,123,118,1
2025-02-08,nba,LA Clippers,Utah Jazz,130,110,1
2025-02-09,nba,Detroit Pistons,Charlotte Hornets,112,102,1
2025-02-09,nba,Houston Rockets,Toronto Raptors,94,87,1
2025-02-09,nba,Milwaukee Bucks,Philadelphia 76ers,135,127,1
2025-02-10,nba,Cleveland Cavaliers,Minnesota Timberwolves,128,107,1
2025-02-10,nba,Orlando Magic,Atlanta Hawks,106,112,0
2025-02-10,nba,Washington Wizards,San Antonio Spurs,121,131,0
2025-02-10,nba,Brooklyn Nets,Charlotte Hornets,97,89,1
2025-02-10,nba,Miami Heat,Boston Celtics,85,103,0
2025-02-10,nba,Milwaukee Bucks,Golden State Warriors,111,125,0
2025-02-10,nba,Oklahoma City Thunder,New Orleans Pelicans,137,101,1
2025-02-10,nba,Dallas Mavericks,Sacramento Kings,128,129,0
2025-02-10,nba,Denver Nuggets,Portland Trail Blazers,146,117,1
2025-02-10,nba,Los Angeles Lakers,Utah Jazz,132,113,1
2025-02-11,nba,Philadelphia 76ers,Toronto Raptors,103,106,0
2025-02-11,nba,Indiana Pacers,New York Knicks,115,128,0
2025-02-11,nba,Chicago Bulls,Detroit Pistons,92,132,0
2025-02-11,nba,Phoenix Suns,Memphis Grizzlies,112,119,0
2025-02-12,nba,Boston Celtics,San Antonio Spurs,116,103,1
2025-02-12,nba,Orlando Magic,Charlotte Hornets,102,86,1
2025-02-12,nba,Washington Wizards,Indiana Pacers,130,134,0
2025-02-12,nba,Brooklyn Nets,Philadelphia 76ers,100,96,1
2025-02-12,nba,New York Knicks,Atlanta Hawks,149,148,1
2025-02-12,nba,Toronto Raptors,Cleveland Cavaliers,108,131,0
2025-02-12,nba,Chicago Bulls,Detroit Pistons,110,128,0
2025-02-12,nba,Minnesota Timberwolves,Milwaukee Bucks,101,103,0
2025-02-12,nba,New Orleans Pelicans,Sacramento Kings,111,119,0
2025-02-12,nba,Oklahoma City Thunder,Miami Heat,115,101,1
2025-02-12,nba,Houston Rockets,Phoenix Suns,119,111,1
2025-02-12,nba,Denver Nuggets,Portland Trail Blazers,132,121,1
2025-02-12,nba,Utah Jazz,Los Angeles Lakers,131,119,1
2025-02-12,nba,Dallas Mavericks,Golden State Warriors,111,107,1
2025-02-12,nba,LA Clippers,Memphis Grizzlies,128,114,1
2025-02-13,nba,Houston Rockets,Golden State Warriors,98,105,0
2025-02-13,nba,New Orleans Pelicans,Sacramento Kings,140,133,1
2025-02-13,nba,Dallas Mavericks,Miami Heat,118,113,1
2025-02-13,nba,Minnesota Timberwolves,Oklahoma City Thunder,116,101,1
2025-02-13,nba,Utah Jazz,LA Clippers,116,120,0
2025-02-16,nba,Team Chuck,Team Kenny,41,32,1
2025-02-16,nba,Team Shaq,Team Candace,42,35,1
2025-02-16,nba,Team Chuck,Team Shaq,25,41,0
2025-02-19,nba,Los Angeles Lakers,Charlotte Hornets,97,100,0
2025-02-20,nba,Indiana Pacers,Memphis Grizzlies,127,113,1
2025-02-20,nba,Philadelphia 76ers,Boston Celtics,104,124,0
2025-02-20,nba,Atlanta Hawks,Orlando Magic,108,114,0
2025-02-20,nba,Brooklyn Nets,Cleveland Cavaliers,97,110,0
2025-02-20,nba,New York Knicks,Chicago Bulls,113,111,1
2025-02-20,nba,Milwaukee Bucks,LA Clippers,116,110,1
2025-02-20,nba,Denver Nuggets,Charlotte Hornets,129,115,1
2025-02-20,nba,San Antonio Spurs,Phoenix Suns,120,109,1
2025-02-20,nba,Portland Trail Blazers,Los Angeles Lakers,102,110,0
2025-02-21,nba,Cleveland Cavaliers,New York Knicks,142,105,1
2025-02-21,nba,Orlando Magic,Memphis Grizzlies,104,105,0
2025-02-21,nba,Washington Wizards,Milwaukee Bucks,101,104,0
2025-02-21,nba,Toronto Raptors,Miami Heat,111,120,0
2025-02-21,nba,San Antonio Spurs,Detroit Pistons,110,125,0
2025-02-21,nba,Dallas Mavericks,New Orleans Pelicans,111,103,1
2025-02-21,nba,Houston Rockets,Minnesota Timberwolves,121,115,1
2025-02-21,nba,Utah Jazz,Oklahoma City Thunder,107,130,0
2025-02-21,nba,Sacramento Kings,Golden State Warriors,108,132,0
2025-02-22,nba,Chicago Bulls,Phoenix Suns,117,121,0
2025-02-22,nba,Philadelphia 76ers,Brooklyn Nets,103,105,0
2025-02-22,nba,Denver Nuggets,Los Angeles Lakers,100,123,0
2025-02-22,nba,Utah Jazz,Houston Rockets,124,115,1
2025-02-22,nba,Portland Trail Blazers,Charlotte Hornets,141,88,1
2025-02-23,nba,Boston Celtics,New York Knicks,118,105,1
2025-02-23,nba,Golden State Warriors,Dallas Mavericks,126,102,1
2025-02-23,nba,Indiana Pacers,LA Clippers,129,111,1
2025-02-23,nba,Atlanta Hawks,Detroit Pistons,143,148,0
2025-02-23,nba,Orlando Magic,Washington Wizards,110,90,1
2025-02-23,nba,Toronto Raptors,Phoenix Suns,127,109,1
2025-02-23,nba,Milwaukee Bucks,Miami Heat,120,113,1
2025-02-23,nba,New Orleans Pelicans,San Antonio Spurs,114,96,1
2025-02-23,nba,Cleveland Cavaliers,Memphis Grizzlies,129,123,1
2025-02-23,nba,Minnesota Timberwolves,Oklahoma City Thunder,123,130,0
2025-02-24,nba,Detroit Pistons,LA Clippers,106,97,1
2025-02-24,nba,Indiana Pacers,Denver Nuggets,116,125,0
2025-02-24,nba,Philadelphia 76ers,Chicago Bulls,110,142,0
2025-02-24,nba,Washington Wizards,Brooklyn Nets,107,99,1
2025-02-24,nba,Atlanta Hawks,Miami Heat,98,86,1
2025-02-24,nba,Oklahoma City Thunder,Minnesota Timberwolves,128,131,0
2025-02-24,nba,Utah Jazz,Portland Trail Blazers,112,114,0
2025-02-24,nba,Sacramento Kings,Charlotte Hornets,130,88,1
2025-02-25,nba,Toronto Raptors,Boston Celtics,101,111,0
2025-02-25,nba,Orlando Magic,Cleveland Cavaliers,82,122,0
2025-02-25,nba,Houston Rockets,Milwaukee Bucks,100,97,1
2025-02-25,nba,Memphis Grizzlies,Phoenix Suns,151,148,1
2025-02-25,nba,New Orleans Pelicans,San Antonio Spurs,109,103,1
2025-02-25,nba,Golden State Warriors,Charlotte Hornets,128,92,1
2025-02-25,nba,Los Angeles Lakers,Dallas Mavericks,107,99,1
2025-02-26,nba,Detroit Pistons,Boston Celtics,117,97,1
2025-02-26,nba,Indiana Pacers,Toronto Raptors,111,91,1
2025-02-26,nba,New York Knicks,Philadelphia 76ers,110,105,1
2025-02-26,nba,Washington Wizards,Portland Trail Blazers,121,129,0
2025-02-26,nba,Brooklyn Nets,Oklahoma City Thunder,121,129,0
2025-02-26,nba,Miami Heat,Atlanta Hawks,131,109,1
2025-02-26,nba,Chicago Bulls,LA Clippers,117,122,0
2025-02-26,nba,Utah Jazz,Sacramento Kings,101,118,0
2025-02-26,nba,Houston Rockets,San Antonio Spurs,118,106,1
2025-02-27,nba,Orlando Magic,Golden State Warriors,115,121,0
2025-02-27,nba,Milwaukee Bucks,Denver Nuggets,121,112,1
2025-02-27,nba,Dallas Mavericks,Charlotte Hornets,103,96,1
2025-02-27,nba,Phoenix Suns,New Orleans Pelicans,116,124,0
2025-02-27,nba,Los Angeles Lakers,Minnesota Timberwolves,111,102,1
2025-02-28,nba,Detroit Pistons,Denver Nuggets,119,134,0
2025-02-28,nba,Atlanta Hawks,Oklahoma City Thunder,119,135,0
2025-02-28,nba,Boston Celtics,Cleveland Cavaliers,116,123,0
2025-02-28,nba,Brooklyn Nets,Portland Trail Blazers,102,121,0
2025-02-28,nba,Miami Heat,Indiana Pacers,125,120,1
2025-02-28,nba,Chicago Bulls,Toronto Raptors,125,115,1
2025-02-28,nba,Memphis Grizzlies,New York Knicks,113,114,0
2025-02-28,nba,Phoenix Suns,New Orleans Pelicans,125,108,1
2025-02-28,nba,Utah Jazz,Minnesota Timberwolves,117,116,1
2025-02-28,nba,Los Angeles Lakers,LA Clippers,106,102,1
2025-03-01,nba,Charlotte Hornets,Washington Wizards,100,113,0
2025-03-01,nba,Detroit Pistons,Brooklyn Nets,115,94,1
2025-03-01,nba,Houston Rockets,Sacramento Kings,103,113,0
2025-03-01,nba,Memphis Grizzlies,San Antonio Spurs,128,130,0
2025-03-01,nba,Philadelphia 76ers,Golden State Warriors,126,119,1
2025-03-01,nba,Dallas Mavericks,Milwaukee Bucks,117,132,0
2025-03-02,nba,Boston Celtics,Denver Nuggets,110,103,1
2025-03-02,nba,Cleveland Cavaliers,Portland Trail Blazers,133,129,1
2025-03-02,nba,Indiana Pacers,Chicago Bulls,127,112,1
2025-03-02,nba,Miami Heat,New York Knicks,112,116,0
2025-03-02,nba,Orlando Magic,Toronto Raptors,102,104,0
2025-03-02,nba,San Antonio Spurs,Oklahoma City Thunder,132,146,0
2025-03-02,nba,Utah Jazz,New Orleans Pelicans,121,128,0
2025-03-02,nba,Phoenix Suns,Minnesota Timberwolves,98,116,0
2025-03-02,nba,Los Angeles Lakers,LA Clippers,108,102,1
2025-03-03,nba,Charlotte Hornets,Golden State Warriors,101,119,0
2025-03-03,nba,Philadelphia 76ers,Portland Trail Blazers,102,119,0
2025-03-03,nba,Miami Heat,Washington Wizards,106,90,1
2025-03-03,nba,Memphis Grizzlies,Atlanta Hawks,130,132,0
2025-03-03,nba,Oklahoma City Thunder,Houston Rockets,137,128,1
2025-03-03,nba,Dallas Mavericks,Sacramento Kings,98,122,0
2025-03-03,nba,Utah Jazz,Detroit Pistons,106,134,0
2025-03-04,nba,Indiana Pacers,Houston Rockets,115,102,1
2025-03-04,nba,Orlando Magic,Toronto Raptors,113,114,0
2025-03-04,nba,Atlanta Hawks,Milwaukee Bucks,121,127,0
2025-03-04,nba,New York Knicks,Golden State Warriors,102,114,0
2025-03-04,nba,Chicago Bulls,Cleveland Cavaliers,117,139,0
2025-03-04,nba,Minnesota Timberwolves,Philadelphia 76ers,126,112,1
2025-03-04,nba,San Antonio Spurs,Brooklyn Nets,127,113,1
2025-03-04,nba,Phoenix Suns,LA Clippers,119,117,1
2025-03-04,nba,Los Angeles Lakers,New Orleans Pelicans,136,115,1
2025-03-05,nba,Boston Celtics,Portland Trail Blazers,128,118,1
2025-03-05,nba,Charlotte Hornets,Minnesota Timberwolves,110,125,0
2025-03-05,nba,Cleveland Cavaliers,Miami Heat,112,107,1
2025-03-05,nba,Washington Wizards,Utah Jazz,125,122,1
2025-03-05,nba,Milwaukee Bucks,Dallas Mavericks,137,107,1
2025-03-05,nba,Denver Nuggets,Sacramento Kings,116,110,1
2025-03-05,nba,Memphis Grizzlies,Oklahoma City Thunder,103,120,0
2025-03-05,nba,LA Clippers,Detroit Pistons,123,115,1
2025-03-06,nba,Orlando Magic,Chicago Bulls,123,125,0
2025-03-06,nba,Atlanta Hawks,Indiana Pacers,124,118,1
2025-03-06,nba,Boston Celtics,Philadelphia 76ers,123,105,1
2025-03-06,nba,Brooklyn Nets,Golden State Warriors,119,121,0
2025-03-06,nba,New Orleans Pelicans,Houston Rockets,97,109,0
2025-03-06,nba,Los Angeles Lakers,New York Knicks,113,109,1
2025-03-07,nba,Charlotte Hornets,Cleveland Cavaliers,117,118,0
2025-03-07,nba,Toronto Raptors,Utah Jazz,118,109,1
2025-03-07,nba,Dallas Mavericks,Memphis Grizzlies,111,122,0
2025-03-07,nba,Miami Heat,Minnesota Timberwolves,104,106,0
2025-03-07,nba,Oklahoma City Thunder,Portland Trail Blazers,107,89,1
2025-03-07,nba,Denver Nuggets,Phoenix Suns,149,141,1
2025-03-07,nba,Sacramento Kings,San Antonio Spurs,127,109,1
2025-03-07,nba,LA Clippers,New York Knicks,105,95,1
2025-03-08,nba,Charlotte Hornets,Brooklyn Nets,105,102,1
2025-03-08,nba,Houston Rockets,New Orleans Pelicans,146,117,1
2025-03-08,nba,Atlanta Hawks,Indiana Pacers,120,118,1
2025-03-08,nba,Toronto Raptors,Washington Wizards,117,118,0
2025-03-08,nba,Miami Heat,Chicago Bulls,109,114,0
2025-03-08,nba,Milwaukee Bucks,Orlando Magic,109,111,0
2025-03-08,nba,Boston Celtics,Los Angeles Lakers,111,101,1
2025-03-08,nba,Golden State Warriors,Detroit Pistons,115,110,1
2025-03-09,nba,Oklahoma City Thunder,Denver Nuggets,127,103,1
2025-03-09,nba,Dallas Mavericks,Phoenix Suns,116,125,0
2025-03-09,nba,New Orleans Pelicans,Memphis Grizzlies,104,107,0
2025-03-09,nba,Philadelphia 76ers,Utah Jazz,126,122,1
2025-03-09,nba,Milwaukee Bucks,Cleveland Cavaliers,100,112,0
2025-03-09,nba,Minnesota Timberwolves,San Antonio Spurs,141,124,1
2025-03-09,nba,Portland Trail Blazers,Detroit Pistons,112,119,0
2025-03-09,nba,LA Clippers,Sacramento Kings,111,110,1
2025-03-10,nba,Atlanta Hawks,Philadelphia 76ers,132,123,1
2025-03-10,nba,Boston Celtics,Utah Jazz,114,108,1
2025-03-10,nba,Brooklyn Nets,Los Angeles Lakers,111,108,1
2025-03-10,nba,Miami Heat,Charlotte Hornets,102,105,0
2025-03-10,nba,Toronto Raptors,Washington Wizards,119,104,1
2025-03-10,nba,Chicago Bulls,Indiana Pacers,121,103,1
2025-03-10,nba,Houston Rockets,Orlando Magic,97,84,1
2025-03-10,nba,Memphis Grizzlies,Phoenix Suns,120,118,1
2025-03-10,nba,Oklahoma City Thunder,Denver Nuggets,127,140,0
2025-03-10,nba,San Antonio Spurs,Dallas Mavericks,129,133,0
2025-03-10,nba,Golden State Warriors,Portland Trail Blazers,130,120,1
2025-03-10,nba,Sacramento Kings,New York Knicks,104,133,0
2025-03-11,nba,Cleveland Cavaliers,Brooklyn Nets,109,104,1
2025-03-11,nba,Detroit Pistons,Washington Wizards,123,103,1
2025-03-11,nba,Indiana Pacers,Milwaukee Bucks,115,114,1
2025-03-11,nba,New Orleans Pelicans,LA Clippers,127,120,1
2025-03-12,nba,Atlanta Hawks,Charlotte Hornets,123,110,1
2025-03-12,nba,Boston Celtics,Oklahoma City Thunder,112,118,0
2025-03-12,nba,Toronto Raptors,Philadelphia 76ers,118,105,1
2025-03-12,nba,Miami Heat,LA Clippers,104,119,0
2025-03-12,nba,Houston Rockets,Phoenix Suns,111,104,1
2025-03-12,nba,Memphis Grizzlies,Utah Jazz,122,115,1
2025-03-12,nba,San Antonio Spurs,Dallas Mavericks,126,116,1
2025-03-12,nba,Denver Nuggets,Minnesota Timberwolves,95,115,0
2025-03-12,nba,Portland Trail Blazers,New York Knicks,113,114,0
2025-03-13,nba,Detroit Pistons,Washington Wizards,125,129,0
2025-03-13,nba,Milwaukee Bucks,Los Angeles Lakers,126,106,1
2025-03-13,nba,Chicago Bulls,Brooklyn Nets,116,110,1
2025-03-13,nba,New Orleans Pelicans,Orlando Magic,93,113,0
2025-03-13,nba,Golden State Warriors,Sacramento Kings,130,104,1
2025-03-14,nba,Miami Heat,Boston Celtics,91,103,0
2025-03-14,nba,Philadelphia 76ers,Indiana Pacers,100,112,0
2025-03-14,nba,Atlanta Hawks,LA Clippers,98,121,0
2025-03-14,nba,Houston Rockets,Dallas Mavericks,133,96,1
2025-03-14,nba,Memphis Grizzlies,Cleveland Cavaliers,124,133,0
2025-03-14,nba,Minnesota Timberwolves,Orlando Magic,118,111,1
2025-03-14,nba,San Antonio Spurs,Charlotte Hornets,134,145,0
2025-03-14,nba,Denver Nuggets,Los Angeles Lakers,131,126,1
2025-03-14,nba,Utah Jazz,Toronto Raptors,118,126,0
2025-03-14,nba,Phoenix Suns,Sacramento Kings,122,106,1
2025-03-15,nba,Brooklyn Nets,Boston Celtics,113,115,0
2025-03-15,nba,Detroit Pistons,Oklahoma City Thunder,107,113,0
2025-03-15,nba,Houston Rockets,Chicago Bulls,117,114,1
2025-03-15,nba,Memphis Grizzlies,Miami Heat,125,91,1
2025-03-15,nba,Milwaukee Bucks,Indiana Pacers,126,119,1
2025-03-15,nba,San Antonio Spurs,New Orleans Pelicans,119,115,1
2025-03-15,nba,Golden State Warriors,New York Knicks,97,94,1
2025-03-15,nba,Denver Nuggets,Washington Wizards,123,126,0
2025-03-16,nba,Dallas Mavericks,Philadelphia 76ers,125,130,0
2025-03-16,nba,Cleveland Cavaliers,Orlando Magic,103,108,0
2025-03-16,nba,Los Angeles Lakers,Phoenix Suns,107,96,1
2025-03-16,nba,Brooklyn Nets,Atlanta Hawks,122,114,1
2025-03-16,nba,Portland Trail Blazers,Toronto Raptors,105,102,1
2025-03-16,nba,Minnesota Timberwolves,Utah Jazz,128,102,1
2025-03-16,nba,LA Clippers,Charlotte Hornets,123,88,1
2025-03-16,nba,Milwaukee Bucks,Oklahoma City Thunder,105,121,0
2025-03-17,nba,New York Knicks,Miami Heat,116,95,1
2025-03-17,nba,Houston Rockets,Philadelphia 76ers,144,137,1
2025-03-17,nba,Minnesota Timberwolves,Indiana Pacers,130,132,0
2025-03-17,nba,New Orleans Pelicans,Detroit Pistons,81,127,0
2025-03-17,nba,Utah Jazz,Chicago Bulls,97,111,0
2025-03-17,nba,Golden State Warriors,Denver Nuggets,105,114,0
2025-03-17,nba,Phoenix Suns,Toronto Raptors,129,89,1
2025-03-17,nba,Sacramento Kings,Memphis Grizzlies,132,122,1
2025-03-17,nba,Portland Trail Blazers,Washington Wizards,112,97,1
2025-03-17,nba,Los Angeles Lakers,San Antonio Spurs,125,109,1
2025-03-18,nba,Charlotte Hornets,Atlanta Hawks,102,134,0
2025-03-18,nba,Boston Celtics,Brooklyn Nets,104,96,1
2025-03-18,nba,Golden State Warriors,Milwaukee Bucks,104,93,1
2025-03-18,nba,LA Clippers,Cleveland Cavaliers,132,119,1
2025-03-19,nba,Indiana Pacers,Dallas Mavericks,135,131,1
2025-03-19,nba,Orlando Magic,Houston Rockets,108,116,0
2025-03-19,nba,Miami Heat,Detroit Pistons,113,116,0
2025-03-19,nba,Minnesota Timberwolves,New Orleans Pelicans,115,119,0
2025-03-19,nba,Oklahoma City Thunder,Philadelphia 76ers,133,100,1
2025-03-19,nba,San Antonio Spurs,New York Knicks,120,105,1
2025-03-19,nba,Utah Jazz,Washington Wizards,128,112,1
2025-03-19,nba,Los Angeles Lakers,Denver Nuggets,120,108,1
2025-03-19,nba,Phoenix Suns,Chicago Bulls,127,121,1
2025-03-19,nba,Portland Trail Blazers,Memphis Grizzlies,115,99,1
2025-03-19,nba,Sacramento Kings,Cleveland Cavaliers,123,119,1
2025-03-20,nba,Charlotte Hornets,New York Knicks,115,98,1
2025-03-20,nba,Indiana Pacers,Brooklyn Nets,105,99,1
2025-03-20,nba,Golden State Warriors,Toronto Raptors,117,114,1
2025-03-20,nba,Sacramento Kings,Chicago Bulls,116,128,0
2025-03-20,nba,Los Angeles Lakers,Milwaukee Bucks,89,118,0
2025-03-21,nba,Washington Wizards,Orlando Magic,105,120,0
2025-03-21,nba,Miami Heat,Houston Rockets,98,102,0
2025-03-21,nba,Minnesota Timberwolves,New Orleans Pelicans,134,93,1
2025-03-21,nba,Oklahoma City Thunder,Charlotte Hornets,141,106,1
2025-03-21,nba,San Antonio Spurs,Philadelphia 76ers,128,120,1
2025-03-21,nba,Dallas Mavericks,Detroit Pistons,123,117,1
2025-03-21,nba,Utah Jazz,Boston Celtics,99,121,0
2025-03-21,nba,Phoenix Suns,Cleveland Cavaliers,123,112,1
2025-03-21,nba,Portland Trail Blazers,Denver Nuggets,128,109,1
2025-03-21,nba,LA Clippers,Memphis Grizzlies,128,108,1
2025-03-22,nba,Indiana Pacers,Brooklyn Nets,108,103,1
2025-03-22,nba,Atlanta Hawks,Golden State Warriors,124,115,1
2025-03-22,nba,New York Knicks,Washington Wizards,122,103,1
2025-03-22,nba,Sacramento Kings,Milwaukee Bucks,108,114,0
2025-03-22,nba,Los Angeles Lakers,Chicago Bulls,115,146,0
2025-03-23,nba,Detroit Pistons,New Orleans Pelicans,136,130,1
2025-03-23,nba,Utah Jazz,Cleveland Cavaliers,91,120,0
2025-03-23,nba,Atlanta Hawks,Philadelphia 76ers,132,119,1
2025-03-23,nba,Miami Heat,Charlotte Hornets,122,105,1
2025-03-23,nba,Toronto Raptors,San Antonio Spurs,89,123,0
2025-03-23,nba,Portland Trail Blazers,Boston Celtics,116,129,0
2025-03-23,nba,Houston Rockets,Denver Nuggets,111,116,0
2025-03-23,nba,LA Clippers,Oklahoma City Thunder,101,103,0
2025-03-24,nba,Indiana Pacers,Minnesota Timberwolves,119,103,1
2025-03-24,nba,Orlando Magic,Los Angeles Lakers,118,106,1
2025-03-24,nba,Washington Wizards,Toronto Raptors,104,112,0
2025-03-24,nba,Brooklyn Nets,Dallas Mavericks,101,120,0
2025-03-24,nba,New Orleans Pelicans,Philadelphia 76ers,112,99,1
2025-03-24,nba,Denver Nuggets,Chicago Bulls,119,129,0
2025-03-24,nba,Phoenix Suns,Milwaukee Bucks,108,106,1
2025-03-24,nba,Sacramento Kings,Boston Celtics,95,113,0
2025-03-25,nba,Charlotte Hornets,Orlando Magic,104,111,0
2025-03-25,nba,Detroit Pistons,San Antonio Spurs,122,96,1
2025-03-25,nba,Miami Heat,Golden State Warriors,112,86,1
2025-03-25,nba,New York Knicks,Dallas Mavericks,128,113,1
2025-03-25,nba,Houston Rockets,Atlanta Hawks,121,114,1
2025-03-25,nba,Utah Jazz,Memphis Grizzlies,103,140,0
2025-03-25,nba,Portland Trail Blazers,Cleveland Cavaliers,111,122,0
2025-03-25,nba,Sacramento Kings,Oklahoma City Thunder,105,121,0
2025-03-26,nba,Philadelphia 76ers,Washington Wizards,114,119,0
2025-03-26,nba,Brooklyn Nets,Toronto Raptors,86,116,0
2025-03-26,nba,Indiana Pacers,Los Angeles Lakers,119,120,0
2025-03-26,nba,New York Knicks,LA Clippers,113,126,0
2025-03-26,nba,Denver Nuggets,Milwaukee Bucks,127,117,1
2025-03-26,nba,Phoenix Suns,Boston Celtics,102,132,0
2025-03-27,nba,Cleveland Cavaliers,San Antonio Spurs,124,116,1
2025-03-27,nba,Orlando Magic,Dallas Mavericks,92,101,0
2025-03-27,nba,Washington Wizards,Indiana Pacers,109,162,0
2025-03-27,nba,Miami Heat,Atlanta Hawks,122,112,1
2025-03-27,nba,Chicago Bulls,Los Angeles Lakers,119,117,1
2025-03-27,nba,Oklahoma City Thunder,Memphis Grizzlies,125,104,1
2025-03-27,nba,Utah Jazz,Houston Rockets,110,121,0
2025-03-27,nba,Sacramento Kings,Portland Trail Blazers,128,107,1
2025-03-29,nba,Orlando Magic,Sacramento Kings,121,91,1
2025-03-29,nba,Washington Wizards,Brooklyn Nets,112,115,0
2025-03-29,nba,Philadelphia 76ers,Miami Heat,95,118,0
2025-03-29,nba,Chicago Bulls,Dallas Mavericks,119,120,0
2025-03-29,nba,Memphis Grizzlies,Los Angeles Lakers,127,134,0
2025-03-29,nba,Oklahoma City Thunder,Indiana Pacers,132,111,1
2025-03-29,nba,San Antonio Spurs,Boston Celtics,111,121,0
2025-03-30,nba,Cleveland Cavaliers,LA Clippers,127,122,1
2025-03-30,nba,New York Knicks,Portland Trail Blazers,110,93,1
2025-03-30,nba,Milwaukee Bucks,Atlanta Hawks,124,145,0
2025-03-30,nba,Minnesota Timberwolves,Detroit Pistons,123,104,1
2025-03-30,nba,New Orleans Pelicans,Charlotte Hornets,98,94,1
2025-03-30,nba,San Antonio Spurs,Golden State Warriors,106,148,0
2025-03-30,nba,Philadelphia 76ers,Toronto Raptors,109,127,0
2025-03-30,nba,Phoenix Suns,Houston Rockets,109,148,0
2025-03-31,nba,Charlotte Hornets,Utah Jazz,110,106,1
2025-03-31,nba,Indiana Pacers,Sacramento Kings,111,109,1
2025-03-31,nba,Orlando Magic,LA Clippers,87,96,0
2025-03-31,nba,Washington Wizards,Miami Heat,94,120,0
2025-03-31,nba,Memphis Grizzlies,Boston Celtics,103,117,0
2025-03-31,nba,Oklahoma City Thunder,Chicago Bulls,145,117,1
2025-03-31,nba,Dallas Mavericks,Brooklyn Nets,109,113,0
2025-03-31,nba,Los Angeles Lakers,Houston Rockets,104,98,1
2025-04-01,nba,Atlanta Hawks,Portland Trail Blazers,113,127,0
2025-04-01,nba,New York Knicks,Philadelphia 76ers,105,91,1
2025-04-01,nba,Milwaukee Bucks,Phoenix Suns,133,123,1
2025-04-01,nba,San Antonio Spurs,Orlando Magic,105,116,0
2025-04-01,nba,Chicago Bulls,Toronto Raptors,137,118,1
2025-04-01,nba,Memphis Grizzlies,Golden State Warriors,125,134,0
2025-04-01,nba,Denver Nuggets,Minnesota Timberwolves,139,140,0
2025-04-02,nba,Cleveland Cavaliers,New York Knicks,124,105,1
2025-04-02,nba,Indiana Pacers,Charlotte Hornets,119,105,1
2025-04-02,nba,Washington Wizards,Sacramento Kings,116,111,1
2025-04-02,nba,Boston Celtics,Miami Heat,103,124,0
2025-04-02,nba,Houston Rockets,Utah Jazz,143,105,1
2025-04-02,nba,Dallas Mavericks,Atlanta Hawks,120,118,1
2025-04-02,nba,Denver Nuggets,San Antonio Spurs,106,113,0
2025-04-02,nba,Oklahoma City Thunder,Detroit Pistons,119,103,1
2025-04-02,nba,LA Clippers,New Orleans Pelicans,114,98,1
2025-04-03,nba,Washington Wizards,Orlando Magic,97,109,0
2025-04-03,nba,Philadelphia 76ers,Milwaukee Bucks,113,126,0
2025-04-03,nba,Brooklyn Nets,Minnesota Timberwolves,90,105,0
2025-04-03,nba,Miami Heat,Memphis Grizzlies,108,110,0
2025-04-03,nba,Toronto Raptors,Portland Trail Blazers,103,112,0
2025-04-03,nba,Los Angeles Lakers,Golden State Warriors,116,123,0
2025-04-04,nba,Charlotte Hornets,Sacramento Kings,102,125,0
2025-04-04,nba,Indiana Pacers,Utah Jazz,140,112,1
2025-04-04,nba,Boston Celtics,Phoenix Suns,123,103,1
2025-04-04,nba,Toronto Raptors,Detroit Pistons,105,117,0
2025-04-04,nba,Chicago Bulls,Portland Trail Blazers,118,113,1
2025-04-04,nba,Houston Rockets,Oklahoma City Thunder,125,111,1
2025-04-04,nba,San Antonio Spurs,Cleveland Cavaliers,113,114,0
2025-04-04,nba,Golden State Warriors,Denver Nuggets,118,104,1
2025-04-04,nba,Los Angeles Lakers,New Orleans Pelicans,124,108,1
2025-04-04,nba,LA Clippers,Dallas Mavericks,114,91,1
2025-04-05,nba,Atlanta Hawks,New York Knicks,105,121,0
2025-04-05,nba,Detroit Pistons,Memphis Grizzlies,103,109,0
2025-04-05,nba,Philadelphia 76ers,Minnesota Timberwolves,109,114,0
2025-04-05,nba,Miami Heat,Milwaukee Bucks,115,121,0
2025-04-05,nba,LA Clippers,Dallas Mavericks,135,104,1
2025-04-06,nba,Charlotte Hornets,Chicago Bulls,117,131,0
2025-04-06,nba,Brooklyn Nets,Toronto Raptors,109,120,0
2025-04-06,nba,Oklahoma City Thunder,Los Angeles Lakers,99,126,0
2025-04-06,nba,Atlanta Hawks,Utah Jazz,147,134,1
2025-04-06,nba,Boston Celtics,Washington Wizards,124,90,1
2025-04-06,nba,Cleveland Cavaliers,Sacramento Kings,113,120,0
2025-04-06,nba,Portland Trail Blazers,San Antonio Spurs,120,109,1
2025-04-06,nba,New York Knicks,Phoenix Suns,112,98,1
2025-04-06,nba,Denver Nuggets,Indiana Pacers,120,125,0
2025-04-06,nba,Golden State Warriors,Houston Rockets,96,106,0
2025-04-06,nba,New Orleans Pelicans,Milwaukee Bucks,107,111,0
2025-04-07,nba,Detroit Pistons,Sacramento Kings,117,127,0
2025-04-07,nba,Miami Heat,Philadelphia 76ers,117,105,1
2025-04-08,nba,Charlotte Hornets,Memphis Grizzlies,100,124,0
2025-04-08,nba,Cleveland Cavaliers,Chicago Bulls,135,113,1
2025-04-08,nba,Indiana Pacers,Washington Wizards,104,98,1
2025-04-08,nba,Orlando Magic,Atlanta Hawks,119,112,1
2025-04-08,nba,Brooklyn Nets,New Orleans Pelicans,119,114,1
2025-04-08,nba,New York Knicks,Boston Celtics,117,119,0
2025-04-08,nba,Milwaukee Bucks,Minnesota Timberwolves,110,103,1
2025-04-08,nba,Oklahoma City Thunder,Los Angeles Lakers,136,120,1
2025-04-08,nba,Phoenix Suns,Golden State Warriors,95,133,0
2025-04-08,nba,LA Clippers,San Antonio Spurs,122,117,1
2025-04-09,nba,Orlando Magic,Boston Celtics,96,76,1
2025-04-09,nba,Washington Wizards,Philadelphia 76ers,103,122,0
2025-04-09,nba,Toronto Raptors,Charlotte Hornets,126,96,1
2025-04-09,nba,Dallas Mavericks,Los Angeles Lakers,97,112,0
2025-04-09,nba,Chicago Bulls,Miami Heat,119,111,1
2025-04-09,nba,Utah Jazz,Portland Trail Blazers,133,126,1
2025-04-09,nba,Golden State Warriors,San Antonio Spurs,111,114,0
2025-04-09,nba,Phoenix Suns,Oklahoma City Thunder,112,125,0
2025-04-09,nba,Sacramento Kings,Denver Nuggets,116,124,0
2025-04-09,nba,LA Clippers,Houston Rockets,134,117,1
2025-04-10,nba,Detroit Pistons,New York Knicks,115,106,1
2025-04-10,nba,Indiana Pacers,Cleveland Cavaliers,114,112,1
2025-04-10,nba,Brooklyn Nets,Atlanta Hawks,109,133,0
2025-04-10,nba,Milwaukee Bucks,New Orleans Pelicans,136,111,1
2025-04-10,nba,Memphis Grizzlies,Minnesota Timberwolves,125,141,0
2025-04-11,nba,Detroit Pistons,Milwaukee Bucks,119,125,0
2025-04-11,nba,Indiana Pacers,Orlando Magic,115,129,0
2025-04-11,nba,Philadelphia 76ers,Atlanta Hawks,110,124,0
2025-04-11,nba,Boston Celtics,Charlotte Hornets,130,94,1
2025-04-11,nba,New York Knicks,Cleveland Cavaliers,102,108,0
2025-04-11,nba,Chicago Bulls,Washington Wizards,119,89,1
2025-04-11,nba,New Orleans Pelicans,Miami Heat,104,153,0
2025-04-11,nba,Dallas Mavericks,Toronto Raptors,124,102,1
2025-04-11,nba,Minnesota Timberwolves,Brooklyn Nets,117,91,1
2025-04-11,nba,Denver Nuggets,Memphis Grizzlies,117,109,1
2025-04-11,nba,Utah Jazz,Oklahoma City Thunder,111,145,0
2025-04-11,nba,Phoenix Suns,San Antonio Spurs,117,98,1
2025-04-11,nba,Portland Trail Blazers,Golden State Warriors,86,103,0
2025-04-11,nba,Sacramento Kings,LA Clippers,100,101,0
2025-04-11,nba,Los Angeles Lakers,Houston Rockets,140,109,1
2025-04-13,nba,Atlanta Hawks,Orlando Magic,117,105,1
2025-04-13,nba,Boston Celtics,Charlotte Hornets,93,86,1
2025-04-13,nba,Brooklyn Nets,New York Knicks,105,113,0
2025-04-13,nba,Cleveland Cavaliers,Indiana Pacers,118,126,0
2025-04-13,nba,Miami Heat,Washington Wizards,118,119,0
2025-04-13,nba,Philadelphia 76ers,Chicago Bulls,102,122,0
2025-04-13,nba,Milwaukee Bucks,Detroit Pistons,140,133,1
2025-04-13,nba,Houston Rockets,Denver Nuggets,111,126,0
2025-04-13,nba,Memphis Grizzlies,Dallas Mavericks,132,97,1
2025-04-13,nba,Minnesota Timberwolves,Utah Jazz,116,105,1
2025-04-13,nba,New Orleans Pelicans,Oklahoma City Thunder,100,115,0
2025-04-13,nba,San Antonio Spurs,Toronto Raptors,125,118,1
2025-04-13,nba,Golden State Warriors,LA Clippers,119,124,0
2025-04-13,nba,Portland Trail Blazers,Los Angeles Lakers,109,81,1
2025-04-13,nba,Sacramento Kings,Phoenix Suns,109,98,1
2025-04-15,nba,Orlando Magic,Atlanta Hawks,120,95,1
2025-04-15,nba,Golden State Warriors,Memphis Grizzlies,121,116,1
2025-04-16,nba,Chicago Bulls,Miami Heat,90,109,0
2025-04-16,nba,Sacramento Kings,Dallas Mavericks,106,120,0
2025-04-18,nba,Atlanta Hawks,Miami Heat,114,123,0
2025-04-18,nba,Memphis Grizzlies,Dallas Mavericks,120,106,1
2025-04-19,nba,Indiana Pacers,Milwaukee Bucks,117,98,1
2025-04-19,nba,Denver Nuggets,LA Clippers,112,110,1
2025-04-19,nba,New York Knicks,Detroit Pistons,123,112,1
2025-04-19,nba,Los Angeles Lakers,Minnesota Timberwolves,95,117,0
2025-04-20,nba,Oklahoma City Thunder,Memphis Grizzlies,131,80,1
2025-04-20,nba,Boston Celtics,Orlando Magic,103,86,1
2025-04-20,nba,Cleveland Cavaliers,Miami Heat,121,100,1
2025-04-20,nba,Houston Rockets,Golden State Warriors,85,95,0
2025-04-21,nba,New York Knicks,Detroit Pistons,94,100,0
2025-04-21,nba,Denver Nuggets,LA Clippers,102,105,0
2025-04-22,nba,Indiana Pacers,Milwaukee Bucks,123,115,1
2025-04-22,nba,Oklahoma City Thunder,Memphis Grizzlies,118,99,1
2025-04-22,nba,Los Angeles Lakers,Minnesota Timberwolves,94,85,1
2025-04-23,nba,Boston Celtics,Orlando Magic,109,100,1
2025-04-23,nba,Cleveland Cavaliers,Miami Heat,121,112,1
2025-04-23,nba,Houston Rockets,Golden State Warriors,109,94,1
2025-04-24,nba,Detroit Pistons,New York Knicks,116,118,0
2025-04-24,nba,Memphis Grizzlies,Oklahoma City Thunder,108,114,0
2025-04-24,nba,LA Clippers,Denver Nuggets,117,83,1
2025-04-25,nba,Orlando Magic,Boston Celtics,95,93,1
2025-04-25,nba,Milwaukee Bucks,Indiana Pacers,117,101,1
2025-04-25,nba,Minnesota Timberwolves,Los Angeles Lakers,116,104,1
2025-04-26,nba,Miami Heat,Cleveland Cavaliers,87,124,0
2025-04-26,nba,Memphis Grizzlies,Oklahoma City Thunder,115,117,0
2025-04-26,nba,LA Clippers,Denver Nuggets,99,101,0
2025-04-26,nba,Golden State Warriors,Houston Rockets,104,93,1
2025-04-27,nba,Detroit Pistons,New York Knicks,93,94,0
2025-04-27,nba,Minnesota Timberwolves,Los Angeles Lakers,116,113,1
2025-04-27,nba,Orlando Magic,Boston Celtics,98,107,0
2025-04-27,nba,Milwaukee Bucks,Indiana Pacers,103,129,0
2025-04-28,nba,Miami Heat,Cleveland Cavaliers,83,138,0
2025-04-28,nba,Golden State Warriors,Houston Rockets,109,106,1
2025-04-29,nba,Indiana Pacers,Milwaukee Bucks,119,118,1
2025-04-29,nba,New York Knicks,Detroit Pistons,103,106,0
2025-04-29,nba,Boston Celtics,Orlando Magic,120,89,1
2025-04-29,nba,Denver Nuggets,LA Clippers,131,115,1
2025-04-30,nba,Houston Rockets,Golden State Warriors,131,116,1
2025-04-30,nba,Los Angeles Lakers,Minnesota Timberwolves,96,103,0
2025-05-01,nba,Detroit Pistons,New York Knicks,113,116,0
2025-05-01,nba,LA Clippers,Denver Nuggets,111,105,1
2025-05-02,nba,Golden State Warriors,Houston Rockets,107,115,0
2025-05-03,nba,Denver Nuggets,LA Clippers,120,101,1
2025-05-04,nba,Cleveland Cavaliers,Indiana Pacers,112,121,0
2025-05-04,nba,Houston Rockets,Golden State Warriors,89,103,0
2025-05-05,nba,Boston Celtics,New York Knicks,105,108,0
2025-05-05,nba,Oklahoma City Thunder,Denver Nuggets,119,121,0
2025-05-06,nba,Cleveland Cavaliers,Indiana Pacers,119,120,0
2025-05-06,nba,Minnesota Timberwolves,Golden State Warriors,88,99,0
2025-05-07,nba,Boston Celtics,New York Knicks,90,91,0
2025-05-07,nba,Oklahoma City Thunder,Denver Nuggets,149,106,1
2025-05-08,nba,Minnesota Timberwolves,Golden State Warriors,117,93,1
2025-05-09,nba,Indiana Pacers,Cleveland Cavaliers,104,126,0
2025-05-09,nba,Denver Nuggets,Oklahoma City Thunder,113,104,1
2025-05-10,nba,New York Knicks,Boston Celtics,93,115,0
2025-05-10,nba,Golden State Warriors,Minnesota Timberwolves,97,102,0
2025-05-11,nba,Denver Nuggets,Oklahoma City Thunder,87,92,0
2025-05-11,nba,Indiana Pacers,Cleveland Cavaliers,129,109,1
2025-05-12,nba,New York Knicks,Boston Celtics,121,113,1
2025-05-12,nba,Golden State Warriors,Minnesota Timberwolves,110,117,0
2025-05-13,nba,Cleveland Cavaliers,Indiana Pacers,105,114,0
2025-05-13,nba,Oklahoma City Thunder,Denver Nuggets,112,105,1
2025-05-14,nba,Boston Celtics,New York Knicks,127,102,1
2025-05-14,nba,Minnesota Timberwolves,Golden State Warriors,121,110,1
2025-05-15,nba,Denver Nuggets,Oklahoma City Thunder,119,107,1
2025-05-16,nba,New York Knicks,Boston Celtics,119,81,1
2025-05-18,nba,Oklahoma City Thunder,Denver Nuggets,125,93,1
2025-05-20,nba,Oklahoma City Thunder,Minnesota Timberwolves,114,88,1
2025-05-21,nba,New York Knicks,Indiana Pacers,135,138,0
2025-05-22,nba,Oklahoma City Thunder,Minnesota Timberwolves,118,103,1
2025-05-23,nba,New York Knicks,Indiana Pacers,109,114,0
2025-05-24,nba,Minnesota Timberwolves,Oklahoma City Thunder,143,101,1
2025-05-25,nba,Indiana Pacers,New York Knicks,100,106,0
2025-05-26,nba,Minnesota Timberwolves,Oklahoma City Thunder,126,128,0
2025-05-27,nba,Indiana Pacers,New York Knicks,130,121,1
2025-05-28,nba,Oklahoma City Thunder,Minnesota Timberwolves,124,94,1
2025-05-29,nba,New York Knicks,Indiana Pacers,111,94,1
2025-05-31,nba,Indiana Pacers,New York Knicks,125,108,1
2025-06-05,nba,Oklahoma City Thunder,Indiana Pacers,110,111,0
2025-06-08,nba,Oklahoma City Thunder,Indiana Pacers,123,107,1
2025-06-11,nba,Indiana Pacers,Oklahoma City Thunder,116,107,1
2025-06-13,nba,Indiana Pacers,Oklahoma City Thunder,104,111,0
2025-06-16,nba,Oklahoma City Thunder,Indiana Pacers,120,109,1
2025-06-19,nba,Indiana Pacers,Oklahoma City Thunder,108,91,1
2025-06-22,nba,Oklahoma City Thunder,Indiana Pacers,103,91,1
2025-10-02,nba,New York Knicks,Philadelphia 76ers,99,84,1
2025-10-02,nba,New Orleans Pelicans,Melbourne United,107,97,1
2025-10-03,nba,Los Angeles Lakers,Phoenix Suns,81,103,0
2025-10-04,nba,Philadelphia 76ers,New York Knicks,104,113,0
2025-10-04,nba,Brooklyn Nets,Hapoel Jerusalem,123,88,1
2025-10-04,nba,Miami Heat,Orlando Magic,118,126,0
2025-10-04,nba,Denver Nuggets,Minnesota Timberwolves,116,126,0
2025-10-04,nba,New Orleans Pelicans,Melbourne Pnx,127,92,1
2025-10-05,nba,Charlotte Hornets,Oklahoma City Thunder,114,135,0
2025-10-05,nba,Golden State Warriors,Los Angeles Lakers,111,103,1
2025-10-06,nba,Miami Heat,Milwaukee Bucks,93,103,0
2025-10-06,nba,Houston Rockets,Atlanta Hawks,122,113,1
2025-10-06,nba,Memphis Grizzlies,Detroit Pistons,112,128,0
2025-10-06,nba,San Antonio Spurs,Guangzhou Loong-Lions,119,88,1
2025-10-06,nba,Dallas Mavericks,Oklahoma City Thunder,106,89,1
2025-10-06,nba,Toronto Raptors,Denver Nuggets,108,112,0
2025-10-07,nba,Cleveland Cavaliers,Chicago Bulls,117,118,0
2025-10-07,nba,Minnesota Timberwolves,Indiana Pacers,134,135,0
2025-10-08,nba,Miami Heat,San Antonio Spurs,107,112,0
2025-10-08,nba,Houston Rockets,Utah Jazz,140,127,1
2025-10-08,nba,Memphis Grizzlies,Boston Celtics,103,121,0
2025-10-08,nba,Golden State Warriors,Portland Trail Blazers,129,123,1
2025-10-08,nba,Sacramento Kings,Toronto Raptors,122,130,0
2025-10-09,nba,New York Knicks,Minnesota Timberwolves,100,95,1
2025-10-09,nba,Chicago Bulls,Cleveland Cavaliers,119,112,1
2025-10-09,nba,Milwaukee Bucks,Detroit Pistons,117,111,1
2025-10-09,nba,Oklahoma City Thunder,Charlotte Hornets,122,116,1
2025-10-09,nba,LA Clippers,Guangzhou Loong-Lions,142,95,1
2025-10-10,nba,Brooklyn Nets,Phoenix Suns,127,132,0
2025-10-10,nba,Toronto Raptors,Boston Celtics,107,105,1
2025-10-10,nba,Philadelphia 76ers,Orlando Magic,98,128,0
2025-10-10,nba,San Antonio Spurs,Utah Jazz,134,130,1
2025-10-10,nba,Portland Trail Blazers,Sacramento Kings,124,123,1
2025-10-11,nba,Indiana Pacers,Oklahoma City Thunder,116,101,1
2025-10-11,nba,Memphis Grizzlies,Atlanta Hawks,116,122,0
2025-10-11,nba,Dallas Mavericks,Charlotte Hornets,116,120,0
2025-10-12,nba,Phoenix Suns,Brooklyn Nets,109,111,0
2025-10-12,nba,Washington Wizards,Toronto Raptors,112,113,0
2025-10-12,nba,Orlando Magic,Miami Heat,120,104,1
2025-10-12,nba,Boston Celtics,Cleveland Cavaliers,138,107,1
2025-10-12,nba,Chicago Bulls,Milwaukee Bucks,121,127,0
2025-10-12,nba,LA Clippers,Denver Nuggets,94,102,0
2025-10-12,nba,Los Angeles Lakers,Golden State Warriors,126,116,1
2025-10-13,nba,Atlanta Hawks,Miami Heat,119,118,1
2025-10-13,nba,Indiana Pacers,San Antonio Spurs,108,124,0
2025-10-13,nba,New York Knicks,Washington Wizards,103,120,0
2025-10-13,nba,Minnesota Timberwolves,Guangzhou Loong-Lions,134,74,1
2025-10-13,nba,Utah Jazz,Dallas Mavericks,101,114,0
2025-10-14,nba,Cleveland Cavaliers,Detroit Pistons,118,100,1
2025-10-14,nba,New Orleans Pelicans,Houston Rockets,128,130,0
2025-10-14,nba,Milwaukee Bucks,Oklahoma City Thunder,112,116,0
2025-10-14,nba,Denver Nuggets,Chicago Bulls,124,117,1
2025-10-14,nba,Portland Trail Blazers,Golden State Warriors,111,118,0
2025-10-14,nba,Phoenix Suns,Los Angeles Lakers,113,104,1
2025-10-15,nba,Charlotte Hornets,Memphis Grizzlies,145,116,1
2025-10-15,nba,Boston Celtics,Toronto Raptors,110,108,1
2025-10-15,nba,Sacramento Kings,LA Clippers,91,109,0
2025-10-15,nba,Los Angeles Lakers,Dallas Mavericks,94,121,0
2025-10-16,nba,Orlando Magic,New Orleans Pelicans,132,125,1
2025-10-16,nba,Detroit Pistons,Washington Wizards,119,98,1
2025-10-16,nba,Atlanta Hawks,Houston Rockets,115,133,0
2025-10-16,nba,Chicago Bulls,Minnesota Timberwolves,126,120,1
2025-10-16,nba,Utah Jazz,Portland Trail Blazers,132,129,1
2025-10-17,nba,Toronto Raptors,Brooklyn Nets,119,114,1
2025-10-17,nba,Philadelphia 76ers,Minnesota Timberwolves,126,110,1
2025-10-17,nba,New York Knicks,Charlotte Hornets,113,108,1
2025-10-17,nba,Miami Heat,Memphis Grizzlies,125,141,0
2025-10-17,nba,Oklahoma City Thunder,Denver Nuggets,94,91,1
2025-10-17,nba,San Antonio Spurs,Indiana Pacers,133,104,1
2025-10-17,nba,Golden State Warriors,LA Clippers,103,106,0
2025-10-17,nba,Los Angeles Lakers,Sacramento Kings,116,117,0
2025-10-21,nba,Oklahoma City Thunder,Houston Rockets,125,124,1
2025-10-21,nba,Los Angeles Lakers,Golden State Warriors,109,119,0
2025-10-22,nba,New York Knicks,Cleveland Cavaliers,119,111,1
2025-10-22,nba,Charlotte Hornets,Brooklyn Nets,136,117,1
2025-10-22,nba,Orlando Magic,Miami Heat,125,121,1
2025-10-22,nba,Atlanta Hawks,Toronto Raptors,118,138,0
2025-10-22,nba,Boston Celtics,Philadelphia 76ers,116,117,0
2025-10-22,nba,Chicago Bulls,Detroit Pistons,115,111,1
2025-10-22,nba,Memphis Grizzlies,New Orleans Pelicans,128,122,1
2025-10-22,nba,Milwaukee Bucks,Washington Wizards,133,120,1
2025-10-22,nba,Utah Jazz,LA Clippers,129,108,1
2025-10-22,nba,Dallas Mavericks,San Antonio Spurs,92,125,0
2025-10-22,nba,Phoenix Suns,Sacramento Kings,120,116,1
2025-10-22,nba,Portland Trail Blazers,Minnesota Timberwolves,114,118,0
2025-10-23,nba,Indiana Pacers,Oklahoma City Thunder,135,141,0
2025-10-23,nba,Golden State Warriors,Denver Nuggets,137,131,1
2025-10-24,nba,Toronto Raptors,Milwaukee Bucks,116,122,0
2025-10-24,nba,Orlando Magic,Atlanta Hawks,107,111,0
2025-10-24,nba,Brooklyn Nets,Cleveland Cavaliers,124,131,0
2025-10-24,nba,New York Knicks,Boston Celtics,105,95,1
2025-10-24,nba,Houston Rockets,Detroit Pistons,111,115,0
2025-10-24,nba,Memphis Grizzlies,Miami Heat,114,146,0
2025-10-24,nba,New Orleans Pelicans,San Antonio Spurs,116,120,0
2025-10-24,nba,Dallas Mavericks,Washington Wizards,107,117,0
2025-10-24,nba,Los Angeles Lakers,Minnesota Timberwolves,128,110,1
2025-10-24,nba,Portland Trail Blazers,Golden State Warriors,139,119,1
2025-10-24,nba,Sacramento Kings,Utah Jazz,105,104,1
2025-10-24,nba,LA Clippers,Phoenix Suns,129,102,1
2025-10-25,nba,Orlando Magic,Chicago Bulls,98,110,0
2025-10-25,nba,Atlanta Hawks,Oklahoma City Thunder,100,117,0
2025-10-25,nba,Philadelphia 76ers,Charlotte Hornets,125,121,1
2025-10-25,nba,Memphis Grizzlies,Indiana Pacers,128,103,1
2025-10-25,nba,Denver Nuggets,Phoenix Suns,133,111,1
2025-10-26,nba,San Antonio Spurs,Brooklyn Nets,118,107,1
2025-10-26,nba,Detroit Pistons,Boston Celtics,119,113,1
2025-10-26,nba,Cleveland Cavaliers,Milwaukee Bucks,118,113,1
2025-10-26,nba,Miami Heat,New York Knicks,115,107,1
2025-10-26,nba,Washington Wizards,Charlotte Hornets,113,139,0
2025-10-26,nba,Minnesota Timberwolves,Indiana Pacers,114,110,1
2025-10-26,nba,Dallas Mavericks,Toronto Raptors,139,129,1
2025-10-26,nba,LA Clippers,Portland Trail Blazers,114,107,1
2025-10-26,nba,Sacramento Kings,Los Angeles Lakers,120,127,0
2025-10-27,nba,Detroit Pistons,Cleveland Cavaliers,95,116,0
2025-10-27,nba,Philadelphia 76ers,Orlando Magic,136,124,1
2025-10-27,nba,Chicago Bulls,Atlanta Hawks,128,123,1
2025-10-27,nba,Houston Rockets,Brooklyn Nets,137,109,1
2025-10-27,nba,New Orleans Pelicans,Boston Celtics,90,122,0
2025-10-27,nba,San Antonio Spurs,Toronto Raptors,121,103,1
2025-10-27,nba,Dallas Mavericks,Oklahoma City Thunder,94,101,0
2025-10-27,nba,Utah Jazz,Phoenix Suns,138,134,1
2025-10-27,nba,Minnesota Timberwolves,Denver Nuggets,114,127,0
2025-10-27,nba,Golden State Warriors,Memphis Grizzlies,131,118,1
2025-10-27,nba,Los Angeles Lakers,Portland Trail Blazers,108,122,0
2025-10-28,nba,Washington Wizards,Philadelphia 76ers,134,139,0
2025-10-28,nba,Miami Heat,Charlotte Hornets,144,117,1
2025-10-28,nba,Milwaukee Bucks,New York Knicks,121,111,1
2025-10-28,nba,Oklahoma City Thunder,Sacramento Kings,107,101,1
2025-10-28,nba,Golden State Warriors,LA Clippers,98,79,1
2025-10-29,nba,Toronto Raptors,Houston Rockets,121,139,0
2025-10-29,nba,Boston Celtics,Cleveland Cavaliers,125,105,1
2025-10-29,nba,Detroit Pistons,Orlando Magic,135,116,1
2025-10-29,nba,Brooklyn Nets,Atlanta Hawks,112,117,0
2025-10-29,nba,Chicago Bulls,Sacramento Kings,126,113,1
2025-10-29,nba,Dallas Mavericks,Indiana Pacers,107,105,1
2025-10-29,nba,Denver Nuggets,New Orleans Pelicans,122,88,1
2025-10-29,nba,Utah Jazz,Portland Trail Blazers,134,136,0
2025-10-29,nba,Minnesota Timberwolves,Los Angeles Lakers,115,116,0
2025-10-29,nba,Phoenix Suns,Memphis Grizzlies,113,114,0
2025-10-30,nba,Charlotte Hornets,Orlando Magic,107,123,0
2025-10-30,nba,Milwaukee Bucks,Golden State Warriors,120,110,1
2025-10-30,nba,Oklahoma City Thunder,Washington Wizards,127,108,1
2025-10-30,nba,San Antonio Spurs,Miami Heat,107,101,1
2025-10-31,nba,Indiana Pacers,Atlanta Hawks,108,128,0
2025-10-31,nba,Philadelphia 76ers,Boston Celtics,108,109,0
2025-10-31,nba,Cleveland Cavaliers,Toronto Raptors,101,112,0
2025-10-31,nba,Chicago Bulls,New York Knicks,135,125,1
2025-10-31,nba,Memphis Grizzlies,Los Angeles Lakers,112,117,0
2025-10-31,nba,Phoenix Suns,Utah Jazz,118,96,1
2025-10-31,nba,Portland Trail Blazers,Denver Nuggets,109,107,1
2025-10-31,nba,LA Clippers,New Orleans Pelicans,126,124,1
2025-11-01,nba,Milwaukee Bucks,Sacramento Kings,133,135,0
2025-11-01,nba,Charlotte Hornets,Minnesota Timberwolves,105,122,0
2025-11-01,nba,Indiana Pacers,Golden State Warriors,114,109,1
2025-11-01,nba,Washington Wizards,Orlando Magic,94,125,0
2025-11-01,nba,Boston Celtics,Houston Rockets,101,128,0
2025-11-01,nba,Detroit Pistons,Dallas Mavericks,122,110,1
2025-11-02,nba,Oklahoma City Thunder,New Orleans Pelicans,137,106,1
2025-11-02,nba,Brooklyn Nets,Philadelphia 76ers,105,129,0
2025-11-02,nba,Charlotte Hornets,Utah Jazz,126,103,1
2025-11-02,nba,Cleveland Cavaliers,Atlanta Hawks,117,109,1
2025-11-02,nba,Toronto Raptors,Memphis Grizzlies,117,104,1
2025-11-02,nba,New York Knicks,Chicago Bulls,128,116,1
2025-11-02,nba,Phoenix Suns,San Antonio Spurs,130,118,1
2025-11-02,nba,Los Angeles Lakers,Miami Heat,130,120,1
2025-11-03,nba,Brooklyn Nets,Minnesota Timberwolves,109,125,0
2025-11-03,nba,Indiana Pacers,Milwaukee Bucks,115,117,0
2025-11-03,nba,Boston Celtics,Utah Jazz,103,105,0
2025-11-03,nba,New York Knicks,Washington Wizards,119,102,1
2025-11-03,nba,Houston Rockets,Dallas Mavericks,110,102,1
2025-11-03,nba,Memphis Grizzlies,Detroit Pistons,106,114,0
2025-11-03,nba,Denver Nuggets,Sacramento Kings,130,124,1
2025-11-03,nba,Portland Trail Blazers,Los Angeles Lakers,115,123,0
2025-11-03,nba,LA Clippers,Miami Heat,119,120,0
2025-11-04,nba,Toronto Raptors,Milwaukee Bucks,128,100,1
2025-11-04,nba,Atlanta Hawks,Orlando Magic,127,112,1
2025-11-04,nba,Chicago Bulls,Philadelphia 76ers,113,111,1
2025-11-04,nba,New Orleans Pelicans,Charlotte Hornets,116,112,1
2025-11-04,nba,Golden State Warriors,Phoenix Suns,118,107,1
2025-11-04,nba,LA Clippers,Oklahoma City Thunder,107,126,0
2025-11-05,nba,Cleveland Cavaliers,Philadelphia 76ers,132,121,1
2025-11-05,nba,Detroit Pistons,Utah Jazz,114,103,1
2025-11-05,nba,Indiana Pacers,Brooklyn Nets,103,112,0
2025-11-05,nba,Boston Celtics,Washington Wizards,136,107,1
2025-11-05,nba,New York Knicks,Minnesota Timberwolves,137,114,1
2025-11-05,nba,Memphis Grizzlies,Houston Rockets,109,124,0
2025-11-05,nba,Dallas Mavericks,New Orleans Pelicans,99,101,0
2025-11-05,nba,Denver Nuggets,Miami Heat,122,112,1
2025-11-05,nba,Los Angeles Lakers,San Antonio Spurs,118,116,1
2025-11-05,nba,Portland Trail Blazers,Oklahoma City Thunder,121,119,1
2025-11-05,nba,Sacramento Kings,Golden State Warriors,121,116,1
2025-11-06,nba,Phoenix Suns,LA Clippers,115,102,1
2025-11-07,nba,Orlando Magic,Boston Celtics,123,110,1
2025-11-07,nba,Washington Wizards,Cleveland Cavaliers,115,148,0
2025-11-07,nba,Atlanta Hawks,Toronto Raptors,97,109,0
2025-11-07,nba,Brooklyn Nets,Detroit Pistons,107,125,0
2025-11-07,nba,San Antonio Spurs,Houston Rockets,121,110,1
2025-11-07,nba,Miami Heat,Charlotte Hornets,126,108,1
2025-11-07,nba,Memphis Grizzlies,Dallas Mavericks,118,104,1
2025-11-07,nba,Milwaukee Bucks,Chicago Bulls,126,110,1
2025-11-07,nba,Minnesota Timberwolves,Utah Jazz,137,97,1
2025-11-07,nba,Denver Nuggets,Golden State Warriors,129,104,1
2025-11-07,nba,Sacramento Kings,Oklahoma City Thunder,101,132,0
2025-11-08,nba,Washington Wizards,Dallas Mavericks,105,111,0
2025-11-08,nba,Philadelphia 76ers,Toronto Raptors,130,120,1
2025-11-08,nba,Atlanta Hawks,Los Angeles Lakers,122,102,1
2025-11-08,nba,Cleveland Cavaliers,Chicago Bulls,128,122,1
2025-11-08,nba,Miami Heat,Portland Trail Blazers,136,131,1
2025-11-08,nba,San Antonio Spurs,New Orleans Pelicans,126,119,1
2025-11-08,nba,Denver Nuggets,Indiana Pacers,117,100,1
2025-11-08,nba,LA Clippers,Phoenix Suns,103,114,0
2025-11-09,nba,Milwaukee Bucks,Houston Rockets,115,122,0
2025-11-09,nba,New York Knicks,Brooklyn Nets,134,98,1
2025-11-09,nba,Orlando Magic,Boston Celtics,107,111,0
2025-11-09,nba,Memphis Grizzlies,Oklahoma City Thunder,100,114,0
2025-11-09,nba,Philadelphia 76ers,Detroit Pistons,108,111,0
2025-11-09,nba,Golden State Warriors,Indiana Pacers,114,83,1
2025-11-09,nba,Sacramento Kings,Minnesota Timberwolves,117,144,0
2025-11-10,nba,Charlotte Hornets,Los Angeles Lakers,111,121,0
2025-11-10,nba,Detroit Pistons,Washington Wizards,137,135,1
2025-11-10,nba,Orlando Magic,Portland Trail Blazers,115,112,1
2025-11-10,nba,Miami Heat,Cleveland Cavaliers,140,138,1
2025-11-10,nba,Chicago Bulls,San Antonio Spurs,117,121,0
2025-11-10,nba,Dallas Mavericks,Milwaukee Bucks,114,116,0
2025-11-10,nba,Phoenix Suns,New Orleans Pelicans,121,98,1
2025-11-10,nba,Utah Jazz,Minnesota Timberwolves,113,120,0
2025-11-10,nba,LA Clippers,Atlanta Hawks,102,105,0
2025-11-11,nba,Brooklyn Nets,Toronto Raptors,109,119,0
2025-11-11,nba,New York Knicks,Memphis Grizzlies,133,120,1
2025-11-11,nba,Philadelphia 76ers,Boston Celtics,102,100,1
2025-11-11,nba,Oklahoma City Thunder,Golden State Warriors,126,102,1
2025-11-11,nba,Utah Jazz,Indiana Pacers,152,128,1
2025-11-11,nba,Sacramento Kings,Denver Nuggets,108,122,0
2025-11-12,nba,Charlotte Hornets,Milwaukee Bucks,111,100,1
2025-11-12,nba,Detroit Pistons,Chicago Bulls,124,113,1
2025-11-12,nba,New York Knicks,Orlando Magic,107,124,0
2025-11-12,nba,Boston Celtics,Memphis Grizzlies,131,95,1
2025-11-12,nba,Miami Heat,Cleveland Cavaliers,116,130,0
2025-11-12,nba,Houston Rockets,Washington Wizards,135,112,1
2025-11-12,nba,New Orleans Pelicans,Portland Trail Blazers,117,125,0
2025-11-12,nba,San Antonio Spurs,Golden State Warriors,120,125,0
2025-11-12,nba,Dallas Mavericks,Phoenix Suns,114,123,0
2025-11-12,nba,Oklahoma City Thunder,Los Angeles Lakers,121,92,1
2025-11-12,nba,Sacramento Kings,Atlanta Hawks,100,133,0
2025-11-12,nba,LA Clippers,Denver Nuggets,116,130,0
2025-11-13,nba,Cleveland Cavaliers,Toronto Raptors,113,126,0
2025-11-13,nba,Phoenix Suns,Indiana Pacers,133,98,1
2025-11-13,nba,Utah Jazz,Atlanta Hawks,122,132,0
2025-11-14,nba,New York Knicks,Miami Heat,140,132,1
2025-11-14,nba,Orlando Magic,Brooklyn Nets,105,98,1
2025-11-14,nba,Detroit Pistons,Philadelphia 76ers,114,105,1
2025-11-14,nba,Houston Rockets,Portland Trail Blazers,140,116,1
2025-11-14,nba,Milwaukee Bucks,Charlotte Hornets,147,134,1
2025-11-14,nba,Minnesota Timberwolves,Sacramento Kings,124,110,1
2025-11-14,nba,New Orleans Pelicans,Los Angeles Lakers,104,118,0
2025-11-14,nba,Dallas Mavericks,LA Clippers,127,133,0
2025-11-14,nba,San Antonio Spurs,Golden State Warriors,108,109,0
2025-11-15,nba,Cleveland Cavaliers,Memphis Grizzlies,108,100,1
2025-11-15,nba,Charlotte Hornets,Oklahoma City Thunder,96,109,0
2025-11-15,nba,Indiana Pacers,Toronto Raptors,111,129,0
2025-11-15,nba,Milwaukee Bucks,Los Angeles Lakers,95,119,0
2025-11-15,nba,Minnesota Timberwolves,Denver Nuggets,112,123,0
2025-11-16,nba,Boston Celtics,LA Clippers,121,118,1
2025-11-16,nba,San Antonio Spurs,Sacramento Kings,123,110,1
2025-11-16,nba,Washington Wizards,Brooklyn Nets,106,129,0
2025-11-16,nba,Houston Rockets,Orlando Magic,117,113,1
2025-11-16,nba,New Orleans Pelicans,Golden State Warriors,106,124,0
2025-11-16,nba,Dallas Mavericks,Portland Trail Blazers,138,133,1
2025-11-16,nba,Phoenix Suns,Atlanta Hawks,122,124,0
2025-11-16,nba,Utah Jazz,Chicago Bulls,150,147,1
2025-11-17,nba,Cleveland Cavaliers,Milwaukee Bucks,118,106,1
2025-11-17,nba,Detroit Pistons,Indiana Pacers,127,112,1
2025-11-17,nba,Philadelphia 76ers,LA Clippers,110,108,1
2025-11-17,nba,Miami Heat,New York Knicks,115,113,1
2025-11-17,nba,Toronto Raptors,Charlotte Hornets,110,108,1
2025-11-17,nba,Minnesota Timberwolves,Dallas Mavericks,120,96,1
2025-11-17,nba,New Orleans Pelicans,Oklahoma City Thunder,109,126,0
2025-11-17,nba,Denver Nuggets,Chicago Bulls,127,130,0
2025-11-18,nba,Orlando Magic,Golden State Warriors,121,113,1
2025-11-18,nba,Brooklyn Nets,Boston Celtics,99,113,0
2025-11-18,nba,Atlanta Hawks,Detroit Pistons,112,120,0
2025-11-18,nba,San Antonio Spurs,Memphis Grizzlies,111,101,1
2025-11-18,nba,Los Angeles Lakers,Utah Jazz,140,126,1
2025-11-18,nba,Portland Trail Blazers,Phoenix Suns,110,127,0
2025-11-19,nba,Cleveland Cavaliers,Houston Rockets,104,114,0
2025-11-19,nba,Indiana Pacers,Charlotte Hornets,127,118,1
2025-11-19,nba,Philadelphia 76ers,Toronto Raptors,112,121,0
2025-11-19,nba,Miami Heat,Golden State Warriors,110,96,1
2025-11-19,nba,Minnesota Timberwolves,Washington Wizards,120,109,1
2025-11-19,nba,New Orleans Pelicans,Denver Nuggets,118,125,0
2025-11-19,nba,Oklahoma City Thunder,Sacramento Kings,113,99,1
2025-11-19,nba,Dallas Mavericks,New York Knicks,111,113,0
2025-11-19,nba,Portland Trail Blazers,Chicago Bulls,121,122,0
2025-11-20,nba,Orlando Magic,LA Clippers,129,101,1
2025-11-20,nba,Memphis Grizzlies,Sacramento Kings,137,96,1
2025-11-20,nba,Milwaukee Bucks,Philadelphia 76ers,114,123,0
2025-11-20,nba,San Antonio Spurs,Atlanta Hawks,135,126,1
2025-11-21,nba,Cleveland Cavaliers,Indiana Pacers,120,109,1
2025-11-21,nba,Boston Celtics,Brooklyn Nets,105,113,0
2025-11-21,nba,Toronto Raptors,Washington Wizards,140,110,1
2025-11-21,nba,Chicago Bulls,Miami Heat,107,143,0
2025-11-21,nba,Dallas Mavericks,New Orleans Pelicans,118,115,1
2025-11-21,nba,Phoenix Suns,Minnesota Timberwolves,114,113,1
2025-11-21,nba,Houston Rockets,Denver Nuggets,109,112,0
2025-11-21,nba,Utah Jazz,Oklahoma City Thunder,112,144,0
2025-11-21,nba,Golden State Warriors,Portland Trail Blazers,123,127,0
2025-11-22,nba,Charlotte Hornets,LA Clippers,116,131,0
2025-11-22,nba,Orlando Magic,New York Knicks,133,121,1
2025-11-22,nba,New Orleans Pelicans,Atlanta Hawks,98,115,0
2025-11-22,nba,Chicago Bulls,Washington Wizards,121,120,1
2025-11-22,nba,Milwaukee Bucks,Detroit Pistons,116,129,0
2025-11-22,nba,Dallas Mavericks,Memphis Grizzlies,96,102,0
2025-11-22,nba,Denver Nuggets,Sacramento Kings,123,128,0
2025-11-23,nba,Philadelphia 76ers,Miami Heat,117,127,0
2025-11-23,nba,Atlanta Hawks,Charlotte Hornets,113,110,1
2025-11-23,nba,Boston Celtics,Orlando Magic,138,129,1
2025-11-23,nba,Cleveland Cavaliers,LA Clippers,120,105,1
2025-11-23,nba,Toronto Raptors,Brooklyn Nets,119,109,1
2025-11-23,nba,Oklahoma City Thunder,Portland Trail Blazers,122,95,1
2025-11-23,nba,Phoenix Suns,San Antonio Spurs,111,102,1
2025-11-23,nba,Utah Jazz,Los Angeles Lakers,106,108,0
2025-11-24,nba,Indiana Pacers,Detroit Pistons,117,122,0
2025-11-24,nba,Toronto Raptors,Cleveland Cavaliers,110,99,1
2025-11-24,nba,Brooklyn Nets,New York Knicks,100,113,0
2025-11-24,nba,Miami Heat,Dallas Mavericks,106,102,1
2025-11-24,nba,Memphis Grizzlies,Denver Nuggets,115,125,0
2025-11-24,nba,Milwaukee Bucks,Portland Trail Blazers,103,115,0
2025-11-24,nba,New Orleans Pelicans,Chicago Bulls,143,130,1
2025-11-24,nba,Phoenix Suns,Houston Rockets,92,114,0
2025-11-24,nba,Golden State Warriors,Utah Jazz,134,117,1
2025-11-24,nba,Sacramento Kings,Minnesota Timberwolves,117,112,1
2025-11-25,nba,Washington Wizards,Atlanta Hawks,132,113,1
2025-11-25,nba,Philadelphia 76ers,Orlando Magic,103,144,0
2025-11-25,nba,Los Angeles Lakers,LA Clippers,135,118,1
2025-11-26,nba,Boston Celtics,Detroit Pistons,117,114,1
2025-11-26,nba,Charlotte Hornets,New York Knicks,101,129,0
2025-11-26,nba,Miami Heat,Milwaukee Bucks,106,103,1
2025-11-26,nba,Toronto Raptors,Indiana Pacers,97,95,1
2025-11-26,nba,Oklahoma City Thunder,Minnesota Timberwolves,113,105,1
2025-11-26,nba,New Orleans Pelicans,Memphis Grizzlies,128,133,0
2025-11-26,nba,Golden State Warriors,Houston Rockets,100,104,0
2025-11-26,nba,Portland Trail Blazers,San Antonio Spurs,102,115,0
2025-11-26,nba,Sacramento Kings,Phoenix Suns,100,112,0
2025-11-28,nba,Atlanta Hawks,Cleveland Cavaliers,130,123,1
2025-11-28,nba,Brooklyn Nets,Philadelphia 76ers,103,115,0
2025-11-28,nba,Charlotte Hornets,Chicago Bulls,123,116,1
2025-11-28,nba,Detroit Pistons,Orlando Magic,109,112,0
2025-11-28,nba,Indiana Pacers,Washington Wizards,119,86,1
2025-11-28,nba,New York Knicks,Milwaukee Bucks,118,109,1
2025-11-28,nba,Oklahoma City Thunder,Phoenix Suns,123,119,1
2025-11-28,nba,Denver Nuggets,San Antonio Spurs,136,139,0
2025-11-28,nba,Utah Jazz,Sacramento Kings,128,119,1
2025-11-28,nba,Los Angeles Lakers,Dallas Mavericks,129,119,1
2025-11-28,nba,LA Clippers,Memphis Grizzlies,107,112,0
2025-11-29,nba,Minnesota Timberwolves,Boston Celtics,119,115,1
2025-11-29,nba,Charlotte Hornets,Toronto Raptors,118,111,1
2025-11-29,nba,Indiana Pacers,Chicago Bulls,103,101,1
2025-11-29,nba,Miami Heat,Detroit Pistons,135,138,0
2025-11-29,nba,Milwaukee Bucks,Brooklyn Nets,116,99,1
2025-11-29,nba,Golden State Warriors,New Orleans Pelicans,104,96,1
2025-11-29,nba,Phoenix Suns,Denver Nuggets,112,130,0
2025-11-29,nba,LA Clippers,Dallas Mavericks,110,114,0
2025-11-30,nba,Utah Jazz,Houston Rockets,101,129,0
2025-11-30,nba,Cleveland Cavaliers,Boston Celtics,115,117,0
2025-11-30,nba,New York Knicks,Toronto Raptors,116,94,1
2025-11-30,nba,Philadelphia 76ers,Atlanta Hawks,134,142,0
2025-11-30,nba,Portland Trail Blazers,Oklahoma City Thunder,115,123,0
2025-11-30,nba,Minnesota Timberwolves,San Antonio Spurs,125,112,1
2025-11-30,nba,Sacramento Kings,Memphis Grizzlies,107,115,0
2025-11-30,nba,Los Angeles Lakers,New Orleans Pelicans,133,121,1
2025-12-01,nba,Detroit Pistons,Atlanta Hawks,99,98,1
2025-12-01,nba,Indiana Pacers,Cleveland Cavaliers,119,135,0
2025-12-01,nba,Washington Wizards,Milwaukee Bucks,129,126,1
2025-12-01,nba,Brooklyn Nets,Charlotte Hornets,116,103,1
2025-12-01,nba,Miami Heat,LA Clippers,140,123,1
2025-12-01,nba,Orlando Magic,Chicago Bulls,125,120,1
2025-12-01,nba,Denver Nuggets,Dallas Mavericks,121,131,0
2025-12-01,nba,Utah Jazz,Houston Rockets,133,125,1
2025-12-01,nba,Los Angeles Lakers,Phoenix Suns,108,125,0
2025-12-02,nba,Philadelphia 76ers,Washington Wizards,121,102,1
2025-12-02,nba,Toronto Raptors,Portland Trail Blazers,121,118,1
2025-12-02,nba,Boston Celtics,New York Knicks,123,117,1
2025-12-02,nba,New Orleans Pelicans,Minnesota Timberwolves,142,149,0
2025-12-02,nba,San Antonio Spurs,Memphis Grizzlies,126,119,1
2025-12-02,nba,Golden State Warriors,Oklahoma City Thunder,112,124,0
2025-12-03,nba,Cleveland Cavaliers,Portland Trail Blazers,110,122,0
2025-12-03,nba,Indiana Pacers,Denver Nuggets,120,135,0
2025-12-03,nba,Orlando Magic,San Antonio Spurs,112,114,0
2025-12-03,nba,Atlanta Hawks,LA Clippers,92,115,0
2025-12-03,nba,New York Knicks,Charlotte Hornets,119,104,1
2025-12-03,nba,Chicago Bulls,Brooklyn Nets,103,113,0
2025-12-03,nba,Houston Rockets,Sacramento Kings,121,95,1
2025-12-03,nba,Milwaukee Bucks,Detroit Pistons,113,109,1
2025-12-03,nba,Dallas Mavericks,Miami Heat,118,108,1
2025-12-04,nba,Philadelphia 76ers,Golden State Warriors,99,98,1
2025-12-04,nba,Washington Wizards,Boston Celtics,101,146,0
2025-12-04,nba,Brooklyn Nets,Utah Jazz,110,123,0
2025-12-04,nba,Toronto Raptors,Los Angeles Lakers,120,123,0
2025-12-04,nba,New Orleans Pelicans,Minnesota Timberwolves,116,125,0
2025-12-05,nba,Boston Celtics,Los Angeles Lakers,126,105,1
2025-12-05,nba,Orlando Magic,Miami Heat,106,105,1
2025-12-05,nba,Atlanta Hawks,Denver Nuggets,133,134,0
2025-12-05,nba,Cleveland Cavaliers,San Antonio Spurs,130,117,1
2025-12-05,nba,Detroit Pistons,Portland Trail Blazers,122,116,1
2025-12-05,nba,New York Knicks,Utah Jazz,146,112,1
2025-12-05,nba,Toronto Raptors,Charlotte Hornets,86,111,0
2025-12-05,nba,Chicago Bulls,Indiana Pacers,105,120,0
2025-12-05,nba,Houston Rockets,Phoenix Suns,117,98,1
2025-12-05,nba,Memphis Grizzlies,LA Clippers,107,98,1
2025-12-05,nba,Milwaukee Bucks,Philadelphia 76ers,101,116,0
2025-12-05,nba,Oklahoma City Thunder,Dallas Mavericks,132,111,1
2025-12-06,nba,Brooklyn Nets,New Orleans Pelicans,119,101,1
2025-12-06,nba,Washington Wizards,Atlanta Hawks,116,131,0
2025-12-06,nba,Cleveland Cavaliers,Golden State Warriors,94,99,0
2025-12-06,nba,Detroit Pistons,Milwaukee Bucks,124,112,1
2025-12-06,nba,Miami Heat,Sacramento Kings,111,127,0
2025-12-06,nba,Minnesota Timberwolves,LA Clippers,109,106,1
2025-12-06,nba,Dallas Mavericks,Houston Rockets,122,109,1
2025-12-07,nba,New York Knicks,Orlando Magic,106,100,1
2025-12-07,nba,Toronto Raptors,Boston Celtics,113,121,0
2025-12-07,nba,Charlotte Hornets,Denver Nuggets,106,115,0
2025-12-07,nba,Memphis Grizzlies,Portland Trail Blazers,119,96,1
2025-12-07,nba,Chicago Bulls,Golden State Warriors,91,123,0
2025-12-07,nba,Philadelphia 76ers,Los Angeles Lakers,108,112,0
2025-12-07,nba,Utah Jazz,Oklahoma City Thunder,101,131,0
2025-12-08,nba,Indiana Pacers,Sacramento Kings,116,105,1
2025-12-08,nba,Minnesota Timberwolves,Phoenix Suns,105,108,0
2025-12-08,nba,New Orleans Pelicans,San Antonio Spurs,132,135,0
2025-12-09,nba,Orlando Magic,Miami Heat,117,108,1
2025-12-09,nba,Toronto Raptors,New York Knicks,101,117,0
2025-12-10,nba,Oklahoma City Thunder,Phoenix Suns,138,89,1
2025-12-10,nba,Los Angeles Lakers,San Antonio Spurs,119,132,0
2025-12-11,nba,Houston Rockets,LA Clippers,115,113,1
2025-12-11,nba,Milwaukee Bucks,Boston Celtics,116,101,1
2025-12-11,nba,New Orleans Pelicans,Portland Trail Blazers,143,120,1
2025-12-11,nba,Sacramento Kings,Denver Nuggets,105,136,0
2025-12-12,nba,Charlotte Hornets,Chicago Bulls,126,129,0
2025-12-12,nba,Detroit Pistons,Atlanta Hawks,142,115,1
2025-12-12,nba,Philadelphia 76ers,Indiana Pacers,115,105,1
2025-12-12,nba,Washington Wizards,Cleveland Cavaliers,126,130,0
2025-12-12,nba,Memphis Grizzlies,Utah Jazz,126,130,0
2025-12-12,nba,Dallas Mavericks,Brooklyn Nets,119,111,1
2025-12-12,nba,Golden State Warriors,Minnesota Timberwolves,120,127,0
2025-12-13,nba,Orlando Magic,New York Knicks,120,132,0
2025-12-13,nba,Oklahoma City Thunder,San Antonio Spurs,109,111,0
2025-12-14,nba,Indiana Pacers,Washington Wizards,89,108,0
2025-12-14,nba,Cleveland Cavaliers,Charlotte Hornets,111,119,0
2025-12-14,nba,Atlanta Hawks,Philadelphia 76ers,120,117,1
2025-12-14,nba,Brooklyn Nets,Milwaukee Bucks,127,82,1
2025-12-14,nba,Minnesota Timberwolves,Sacramento Kings,117,103,1
2025-12-14,nba,Chicago Bulls,New Orleans Pelicans,104,114,0
2025-12-14,nba,Phoenix Suns,Los Angeles Lakers,114,116,0
2025-12-14,nba,Portland Trail Blazers,Golden State Warriors,136,131,1
2025-12-15,nba,Boston Celtics,Detroit Pistons,105,112,0
2025-12-15,nba,Miami Heat,Toronto Raptors,96,106,0
2025-12-15,nba,Utah Jazz,Dallas Mavericks,140,133,1
2025-12-15,nba,Denver Nuggets,Houston Rockets,128,125,1
2025-12-15,nba,LA Clippers,Memphis Grizzlies,103,121,0
2025-12-16,nba,New York Knicks,San Antonio Spurs,124,113,1
2025-12-17,nba,Chicago Bulls,Cleveland Cavaliers,127,111,1
2025-12-17,nba,Minnesota Timberwolves,Memphis Grizzlies,110,116,0
2025-12-18,nba,Charlotte Hornets,Atlanta Hawks,133,126,1
2025-12-18,nba,Indiana Pacers,New York Knicks,113,114,0
2025-12-18,nba,Brooklyn Nets,Miami Heat,95,106,0
2025-12-18,nba,Oklahoma City Thunder,LA Clippers,122,101,1
2025-12-18,nba,San Antonio Spurs,Washington Wizards,119,94,1
2025-12-18,nba,Milwaukee Bucks,Toronto Raptors,105,111,0
2025-12-18,nba,New Orleans Pelicans,Houston Rockets,133,128,1
2025-12-18,nba,Dallas Mavericks,Detroit Pistons,116,114,1
2025-12-18,nba,Denver Nuggets,Orlando Magic,126,115,1
2025-12-18,nba,Phoenix Suns,Golden State Warriors,99,98,1
2025-12-18,nba,Utah Jazz,Los Angeles Lakers,135,143,0
2025-12-18,nba,Portland Trail Blazers,Sacramento Kings,134,133,1
2025-12-19,nba,Boston Celtics,Miami Heat,129,116,1
2025-12-19,nba,New York Knicks,Philadelphia 76ers,107,116,0
2025-12-19,nba,Atlanta Hawks,San Antonio Spurs,98,126,0
2025-12-19,nba,Cleveland Cavaliers,Chicago Bulls,125,136,0
2025-12-19,nba,Minnesota Timberwolves,Oklahoma City Thunder,112,107,1
2025-12-20,nba,Denver Nuggets,Houston Rockets,101,115,0
2025-12-20,nba,Philadelphia 76ers,Dallas Mavericks,121,114,1
2025-12-20,nba,Toronto Raptors,Boston Celtics,96,112,0
2025-12-20,nba,New Orleans Pelicans,Indiana Pacers,128,109,1
2025-12-20,nba,Detroit Pistons,Charlotte Hornets,112,86,1
2025-12-20,nba,Memphis Grizzlies,Washington Wizards,122,130,0
2025-12-20,nba,Golden State Warriors,Phoenix Suns,119,116,1
2025-12-20,nba,Utah Jazz,Orlando Magic,127,128,0
2025-12-20,nba,Sacramento Kings,Portland Trail Blazers,93,98,0
2025-12-20,nba,LA Clippers,Los Angeles Lakers,103,88,1
2025-12-21,nba,Atlanta Hawks,Chicago Bulls,150,152,0
2025-12-21,nba,Brooklyn Nets,Toronto Raptors,96,81,1
2025-12-21,nba,New York Knicks,Miami Heat,132,125,1
2025-12-21,nba,Washington Wizards,San Antonio Spurs,113,124,0
2025-12-21,nba,Minnesota Timberwolves,Milwaukee Bucks,103,100,1
2025-12-21,nba,Sacramento Kings,Houston Rockets,125,124,1
2025-12-22,nba,Cleveland Cavaliers,Charlotte Hornets,139,132,1
2025-12-22,nba,Boston Celtics,Indiana Pacers,103,95,1
2025-12-22,nba,New Orleans Pelicans,Dallas Mavericks,119,113,1
2025-12-22,nba,Denver Nuggets,Utah Jazz,135,112,1
2025-12-22,nba,Oklahoma City Thunder,Memphis Grizzlies,119,103,1
2025-12-22,nba,Golden State Warriors,Orlando Magic,120,97,1
2025-12-22,nba,Portland Trail Blazers,Detroit Pistons,102,110,0
2025-12-23,nba,Charlotte Hornets,Washington Wizards,126,109,1
2025-12-23,nba,Philadelphia 76ers,Brooklyn Nets,106,114,0
2025-12-23,nba,Atlanta Hawks,Chicago Bulls,123,126,0
2025-12-23,nba,Cleveland Cavaliers,New Orleans Pelicans,141,118,1
2025-12-23,nba,Indiana Pacers,Milwaukee Bucks,94,111,0
2025-12-23,nba,Miami Heat,Toronto Raptors,91,112,0
2025-12-23,nba,Dallas Mavericks,Denver Nuggets,131,130,1
2025-12-23,nba,Minnesota Timberwolves,New York Knicks,115,104,1
2025-12-23,nba,San Antonio Spurs,Oklahoma City Thunder,130,110,1
2025-12-23,nba,Phoenix Suns,Los Angeles Lakers,132,108,1
2025-12-23,nba,Utah Jazz,Memphis Grizzlies,128,137,0
2025-12-23,nba,Portland Trail Blazers,Orlando Magic,106,110,0
2025-12-23,nba,Sacramento Kings,Detroit Pistons,127,136,0
2025-12-23,nba,LA Clippers,Houston Rockets,128,108,1
2025-12-25,nba,New York Knicks,Cleveland Cavaliers,126,124,1
2025-12-25,nba,Oklahoma City Thunder,San Antonio Spurs,102,117,0
2025-12-25,nba,Golden State Warriors,Dallas Mavericks,126,116,1
2025-12-25,nba,Los Angeles Lakers,Houston Rockets,96,119,0
2025-12-25,nba,Denver Nuggets,Minnesota Timberwolves,142,138,1
2025-12-26,nba,Atlanta Hawks,Miami Heat,111,126,0
2025-12-26,nba,Orlando Magic,Charlotte Hornets,105,120,0
2025-12-26,nba,Washington Wizards,Toronto Raptors,138,117,1
2025-12-26,nba,Indiana Pacers,Boston Celtics,122,140,0
2025-12-26,nba,Chicago Bulls,Philadelphia 76ers,109,102,1
2025-12-26,nba,Memphis Grizzlies,Milwaukee Bucks,125,104,1
2025-12-26,nba,New Orleans Pelicans,Phoenix Suns,108,115,0
2025-12-26,nba,Utah Jazz,Detroit Pistons,131,129,1
2025-12-26,nba,Portland Trail Blazers,LA Clippers,103,119,0
2025-12-27,nba,Sacramento Kings,Dallas Mavericks,113,107,1
2025-12-27,nba,Orlando Magic,Denver Nuggets,127,126,1
2025-12-27,nba,New Orleans Pelicans,Phoenix Suns,114,123,0
2025-12-27,nba,Atlanta Hawks,New York Knicks,125,128,0
2025-12-27,nba,Miami Heat,Indiana Pacers,142,116,1
2025-12-27,nba,Chicago Bulls,Milwaukee Bucks,103,112,0
2025-12-27,nba,Houston Rockets,Cleveland Cavaliers,117,100,1
2025-12-27,nba,Minnesota Timberwolves,Brooklyn Nets,107,123,0
2025-12-27,nba,San Antonio Spurs,Utah Jazz,114,127,0
2025-12-28,nba,Toronto Raptors,Golden State Warriors,141,127,1
2025-12-28,nba,Oklahoma City Thunder,Philadelphia 76ers,129,104,1
2025-12-28,nba,Washington Wizards,Memphis Grizzlies,116,112,1
2025-12-28,nba,Portland Trail Blazers,Boston Celtics,114,108,1
2025-12-28,nba,LA Clippers,Detroit Pistons,112,99,1
2025-12-28,nba,Los Angeles Lakers,Sacramento Kings,125,101,1
2025-12-29,nba,Charlotte Hornets,Milwaukee Bucks,113,123,0
2025-12-29,nba,Washington Wizards,Phoenix Suns,101,115,0
2025-12-29,nba,Brooklyn Nets,Golden State Warriors,107,120,0
2025-12-29,nba,Miami Heat,Denver Nuggets,147,123,1
2025-12-29,nba,Toronto Raptors,Orlando Magic,107,106,1
2025-12-29,nba,Chicago Bulls,Minnesota Timberwolves,101,136,0
2025-12-29,nba,Houston Rockets,Indiana Pacers,126,119,1
2025-12-29,nba,New Orleans Pelicans,New York Knicks,125,130,0
2025-12-29,nba,Oklahoma City Thunder,Atlanta Hawks,140,129,1
2025-12-29,nba,San Antonio Spurs,Cleveland Cavaliers,101,113,0
2025-12-29,nba,Portland Trail Blazers,Dallas Mavericks,125,122,1
2025-12-30,nba,Memphis Grizzlies,Philadelphia 76ers,136,139,0
2025-12-30,nba,Utah Jazz,Boston Celtics,119,129,0
2025-12-30,nba,Los Angeles Lakers,Detroit Pistons,106,128,0
2025-12-30,nba,LA Clippers,Sacramento Kings,131,90,1
2025-12-31,nba,Charlotte Hornets,Golden State Warriors,125,132,0
2025-12-31,nba,Atlanta Hawks,Minnesota Timberwolves,126,102,1
2025-12-31,nba,Indiana Pacers,Orlando Magic,110,112,0
2025-12-31,nba,Cleveland Cavaliers,Phoenix Suns,129,113,1
2025-12-31,nba,Chicago Bulls,New Orleans Pelicans,134,118,1
2025-12-31,nba,San Antonio Spurs,New York Knicks,134,132,1
2025-12-31,nba,Toronto Raptors,Denver Nuggets,103,106,0
2025-12-31,nba,Milwaukee Bucks,Washington Wizards,113,114,0
2025-12-31,nba,Oklahoma City Thunder,Portland Trail Blazers,124,95,1
2026-01-01,nba,Brooklyn Nets,Houston Rockets,96,120,0
2026-01-01,nba,Detroit Pistons,Miami Heat,112,118,0
2026-01-01,nba,Dallas Mavericks,Philadelphia 76ers,108,123,0
2026-01-01,nba,Sacramento Kings,Boston Celtics,106,120,0
2026-01-01,nba,LA Clippers,Utah Jazz,118,101,1
2026-01-02,nba,Indiana Pacers,San Antonio Spurs,113,123,0
2026-01-02,nba,Washington Wizards,Brooklyn Nets,119,99,1
2026-01-02,nba,Cleveland Cavaliers,Denver Nuggets,113,108,1
2026-01-02,nba,New York Knicks,Atlanta Hawks,99,111,0
2026-01-02,nba,Chicago Bulls,Orlando Magic,121,114,1
2026-01-02,nba,Milwaukee Bucks,Charlotte Hornets,122,121,1
2026-01-02,nba,New Orleans Pelicans,Portland Trail Blazers,109,122,0
2026-01-02,nba,Phoenix Suns,Sacramento Kings,129,102,1
2026-01-02,nba,Golden State Warriors,Oklahoma City Thunder,94,131,0
2026-01-02,nba,Los Angeles Lakers,Memphis Grizzlies,128,121,1
2026-01-03,nba,Miami Heat,Minnesota Timberwolves,115,125,0
2026-01-03,nba,New York Knicks,Philadelphia 76ers,119,130,0
2026-01-03,nba,Toronto Raptors,Atlanta Hawks,134,117,1
2026-01-03,nba,Chicago Bulls,Charlotte Hornets,99,112,0
2026-01-03,nba,San Antonio Spurs,Portland Trail Blazers,110,115,0
2026-01-03,nba,Dallas Mavericks,Houston Rockets,110,104,1
2026-01-03,nba,Golden State Warriors,Utah Jazz,123,114,1
2026-01-03,nba,LA Clippers,Boston Celtics,115,146,0
2026-01-04,nba,Cleveland Cavaliers,Detroit Pistons,110,114,0
2026-01-04,nba,Orlando Magic,Indiana Pacers,135,127,1
2026-01-04,nba,Brooklyn Nets,Denver Nuggets,127,115,1
2026-01-04,nba,Miami Heat,New Orleans Pelicans,125,106,1
2026-01-04,nba,Washington Wizards,Minnesota Timberwolves,115,141,0
2026-01-04,nba,Phoenix Suns,Oklahoma City Thunder,108,105,1
2026-01-04,nba,Sacramento Kings,Milwaukee Bucks,98,115,0
2026-01-04,nba,Los Angeles Lakers,Memphis Grizzlies,120,114,1
2026-01-05,nba,Detroit Pistons,New York Knicks,121,90,1
2026-01-05,nba,Boston Celtics,Chicago Bulls,115,101,1
2026-01-05,nba,Toronto Raptors,Atlanta Hawks,118,100,1
2026-01-05,nba,Houston Rockets,Phoenix Suns,100,97,1
2026-01-05,nba,Oklahoma City Thunder,Charlotte Hornets,97,124,0
2026-01-05,nba,Philadelphia 76ers,Denver Nuggets,124,125,0
2026-01-05,nba,LA Clippers,Golden State Warriors,103,102,1
2026-01-05,nba,Portland Trail Blazers,Utah Jazz,137,117,1
2026-01-06,nba,Indiana Pacers,Cleveland Cavaliers,116,120,0
2026-01-06,nba,Washington Wizards,Orlando Magic,120,112,1
2026-01-06,nba,Memphis Grizzlies,San Antonio Spurs,106,105,1
2026-01-06,nba,Minnesota Timberwolves,Miami Heat,122,94,1
2026-01-06,nba,New Orleans Pelicans,Los Angeles Lakers,103,111,0
2026-01-06,nba,Sacramento Kings,Dallas Mavericks,98,100,0
2026-01-07,nba,Charlotte Hornets,Toronto Raptors,96,97,0
2026-01-07,nba,Detroit Pistons,Chicago Bulls,108,93,1
2026-01-07,nba,Philadelphia 76ers,Washington Wizards,131,110,1
2026-01-07,nba,Boston Celtics,Denver Nuggets,110,114,0
2026-01-07,nba,Atlanta Hawks,New Orleans Pelicans,117,100,1
2026-01-07,nba,Brooklyn Nets,Orlando Magic,103,104,0
2026-01-07,nba,New York Knicks,LA Clippers,123,111,1
2026-01-07,nba,Memphis Grizzlies,Phoenix Suns,98,117,0
2026-01-07,nba,Oklahoma City Thunder,Utah Jazz,129,125,1
2026-01-07,nba,San Antonio Spurs,Los Angeles Lakers,107,91,1
2026-01-07,nba,Golden State Warriors,Milwaukee Bucks,120,113,1
2026-01-07,nba,Portland Trail Blazers,Houston Rockets,103,102,1
2026-01-08,nba,Charlotte Hornets,Indiana Pacers,112,114,0
2026-01-08,nba,Minnesota Timberwolves,Cleveland Cavaliers,131,122,1
2026-01-08,nba,Utah Jazz,Dallas Mavericks,116,114,1
2026-01-09,nba,Boston Celtics,Toronto Raptors,125,117,1
2026-01-09,nba,Orlando Magic,Philadelphia 76ers,91,103,0
2026-01-09,nba,Washington Wizards,New Orleans Pelicans,107,128,0
2026-01-09,nba,Brooklyn Nets,LA Clippers,105,121,0
2026-01-09,nba,Memphis Grizzlies,Oklahoma City Thunder,116,117,0
2026-01-09,nba,Denver Nuggets,Atlanta Hawks,87,110,0
2026-01-09,nba,Phoenix Suns,New York Knicks,112,107,1
2026-01-09,nba,Golden State Warriors,Sacramento Kings,137,103,1
2026-01-09,nba,Portland Trail Blazers,Houston Rockets,111,105,1
2026-01-09,nba,Los Angeles Lakers,Milwaukee Bucks,101,105,0
2026-01-10,nba,Cleveland Cavaliers,Minnesota Timberwolves,146,134,1
2026-01-10,nba,Indiana Pacers,Miami Heat,123,99,1
2026-01-10,nba,Detroit Pistons,LA Clippers,92,98,0
2026-01-10,nba,Boston Celtics,San Antonio Spurs,95,100,0
2026-01-10,nba,Chicago Bulls,Dallas Mavericks,125,107,1
2026-01-10,nba,Utah Jazz,Charlotte Hornets,95,150,0
2026-01-11,nba,Orlando Magic,New Orleans Pelicans,128,118,1
2026-01-11,nba,Memphis Grizzlies,Brooklyn Nets,103,98,1
2026-01-11,nba,Toronto Raptors,Philadelphia 76ers,116,115,1
2026-01-11,nba,Portland Trail Blazers,New York Knicks,114,123,0
2026-01-11,nba,Minnesota Timberwolves,San Antonio Spurs,104,103,1
2026-01-11,nba,Oklahoma City Thunder,Miami Heat,124,112,1
2026-01-11,nba,Denver Nuggets,Milwaukee Bucks,108,104,1
2026-01-11,nba,Phoenix Suns,Washington Wizards,112,93,1
2026-01-11,nba,Golden State Warriors,Atlanta Hawks,111,124,0
2026-01-11,nba,Sacramento Kings,Houston Rockets,111,98,1
2026-01-12,nba,Cleveland Cavaliers,Utah Jazz,112,123,0
2026-01-12,nba,Indiana Pacers,Boston Celtics,98,96,1
2026-01-12,nba,Toronto Raptors,Philadelphia 76ers,102,115,0
2026-01-12,nba,Dallas Mavericks,Brooklyn Nets,113,105,1
2026-01-12,nba,Sacramento Kings,Los Angeles Lakers,124,112,1
2026-01-12,nba,LA Clippers,Charlotte Hornets,117,109,1
2026-01-13,nba,Miami Heat,Phoenix Suns,127,121,1
2026-01-13,nba,Houston Rockets,Chicago Bulls,119,113,1
2026-01-13,nba,Milwaukee Bucks,Minnesota Timberwolves,106,139,0
2026-01-13,nba,New Orleans Pelicans,Denver Nuggets,116,122,0
2026-01-13,nba,Oklahoma City Thunder,San Antonio Spurs,119,98,1
2026-01-13,nba,Los Angeles Lakers,Atlanta Hawks,141,116,1
2026-01-13,nba,Golden State Warriors,Portland Trail Blazers,119,97,1
2026-01-14,nba,Indiana Pacers,Toronto Raptors,101,115,0
2026-01-14,nba,Philadelphia 76ers,Cleveland Cavaliers,107,133,0
2026-01-14,nba,Chicago Bulls,Utah Jazz,128,126,1
2026-01-14,nba,New Orleans Pelicans,Brooklyn Nets,116,113,1
2026-01-14,nba,Dallas Mavericks,Denver Nuggets,109,118,0
2026-01-14,nba,Sacramento Kings,New York Knicks,112,101,1
2026-01-14,nba,LA Clippers,Washington Wizards,119,105,1
2026-01-15,nba,Orlando Magic,Memphis Grizzlies,118,111,1
2026-01-15,nba,Detroit Pistons,Phoenix Suns,108,105,1
2026-01-15,nba,Miami Heat,Boston Celtics,114,119,0
2026-01-15,nba,Houston Rockets,Oklahoma City Thunder,91,111,0
2026-01-15,nba,San Antonio Spurs,Milwaukee Bucks,119,101,1
2026-01-15,nba,Dallas Mavericks,Utah Jazz,144,122,1
2026-01-15,nba,Golden State Warriors,New York Knicks,126,113,1
2026-01-15,nba,Portland Trail Blazers,Atlanta Hawks,117,101,1
2026-01-15,nba,Los Angeles Lakers,Charlotte Hornets,117,135,0
2026-01-16,nba,Indiana Pacers,New Orleans Pelicans,127,119,1
2026-01-16,nba,Philadelphia 76ers,Cleveland Cavaliers,115,117,0
2026-01-16,nba,Brooklyn Nets,Chicago Bulls,112,109,1
2026-01-16,nba,Toronto Raptors,LA Clippers,117,121,0
2026-01-16,nba,Houston Rockets,Minnesota Timberwolves,110,105,1
2026-01-16,nba,Sacramento Kings,Washington Wizards,128,115,1
2026-01-17,nba,Dallas Mavericks,Utah Jazz,138,120,1
2026-01-17,nba,Atlanta Hawks,Boston Celtics,106,132,0
2026-01-17,nba,Detroit Pistons,Indiana Pacers,121,78,1
2026-01-17,nba,New York Knicks,Phoenix Suns,99,106,0
2026-01-17,nba,Miami Heat,Oklahoma City Thunder,122,120,1
2026-01-17,nba,San Antonio Spurs,Minnesota Timberwolves,126,123,1
2026-01-17,nba,Golden State Warriors,Charlotte Hornets,136,116,1
2026-01-17,nba,Denver Nuggets,Washington Wizards,121,115,1
2026-01-17,nba,Portland Trail Blazers,Los Angeles Lakers,132,116,1
2026-01-18,nba,Memphis Grizzlies,Orlando Magic,126,109,1
2026-01-18,nba,Chicago Bulls,Brooklyn Nets,124,102,1
2026-01-18,nba,Houston Rockets,New Orleans Pelicans,119,110,1
2026-01-18,nba,Denver Nuggets,Charlotte Hornets,87,110,0
2026-01-18,nba,Sacramento Kings,Portland Trail Blazers,110,117,0
2026-01-18,nba,Los Angeles Lakers,Toronto Raptors,110,93,1
2026-01-19,nba,Atlanta Hawks,Milwaukee Bucks,110,112,0
2026-01-19,nba,Cleveland Cavaliers,Oklahoma City Thunder,104,136,0
2026-01-19,nba,Washington Wizards,LA Clippers,106,110,0
2026-01-19,nba,New York Knicks,Dallas Mavericks,97,114,0
2026-01-19,nba,San Antonio Spurs,Utah Jazz,123,110,1
2026-01-19,nba,Philadelphia 76ers,Indiana Pacers,113,104,1
2026-01-19,nba,Brooklyn Nets,Phoenix Suns,117,126,0
2026-01-19,nba,Detroit Pistons,Boston Celtics,104,103,1
2026-01-19,nba,Golden State Warriors,Miami Heat,135,112,1
2026-01-20,nba,Philadelphia 76ers,Phoenix Suns,110,116,0
2026-01-20,nba,Chicago Bulls,LA Clippers,138,110,1
2026-01-20,nba,Houston Rockets,San Antonio Spurs,111,106,1
2026-01-20,nba,Utah Jazz,Minnesota Timberwolves,127,122,1
2026-01-20,nba,Denver Nuggets,Los Angeles Lakers,107,115,0
2026-01-20,nba,Golden State Warriors,Toronto Raptors,127,145,0
2026-01-20,nba,Sacramento Kings,Miami Heat,117,130,0
2026-01-21,nba,Charlotte Hornets,Cleveland Cavaliers,87,94,0
2026-01-21,nba,Boston Celtics,Indiana Pacers,119,104,1
2026-01-21,nba,New York Knicks,Brooklyn Nets,120,66,1
2026-01-21,nba,Memphis Grizzlies,Atlanta Hawks,122,124,0
2026-01-21,nba,New Orleans Pelicans,Detroit Pistons,104,112,0
2026-01-21,nba,Milwaukee Bucks,Oklahoma City Thunder,102,122,0
2026-01-21,nba,Sacramento Kings,Toronto Raptors,109,122,0
2026-01-22,nba,Orlando Magic,Charlotte Hornets,97,124,0
2026-01-22,nba,Philadelphia 76ers,Houston Rockets,128,122,1
2026-01-22,nba,Washington Wizards,Denver Nuggets,97,107,0
2026-01-22,nba,Dallas Mavericks,Golden State Warriors,123,115,1
2026-01-22,nba,Minnesota Timberwolves,Chicago Bulls,115,120,0
2026-01-22,nba,Utah Jazz,San Antonio Spurs,109,126,0
2026-01-22,nba,LA Clippers,Los Angeles Lakers,112,104,1
2026-01-22,nba,Portland Trail Blazers,Miami Heat,127,110,1
2026-01-23,nba,Detroit Pistons,Houston Rockets,104,111,0
2026-01-23,nba,Atlanta Hawks,Phoenix Suns,110,103,1
2026-01-23,nba,Brooklyn Nets,Boston Celtics,126,130,0
2026-01-23,nba,Cleveland Cavaliers,Sacramento Kings,123,118,1
2026-01-23,nba,Memphis Grizzlies,New Orleans Pelicans,127,133,0
2026-01-23,nba,Oklahoma City Thunder,Indiana Pacers,114,117,0
2026-01-23,nba,Milwaukee Bucks,Denver Nuggets,100,102,0
2026-01-23,nba,Portland Trail Blazers,Toronto Raptors,98,110,0
2026-01-24,nba,Charlotte Hornets,Washington Wizards,119,115,1
2026-01-24,nba,Philadelphia 76ers,New York Knicks,109,112,0
2026-01-24,nba,Orlando Magic,Cleveland Cavaliers,105,119,0
2026-01-24,nba,Chicago Bulls,Boston Celtics,114,111,1
2026-01-24,nba,Dallas Mavericks,Los Angeles Lakers,110,116,0
2026-01-24,nba,Utah Jazz,Miami Heat,116,147,0
2026-01-25,nba,Detroit Pistons,Sacramento Kings,139,116,1
2026-01-25,nba,Minnesota Timberwolves,Golden State Warriors,85,111,0
2026-01-25,nba,Oklahoma City Thunder,Toronto Raptors,101,103,0
2026-01-25,nba,San Antonio Spurs,New Orleans Pelicans,95,104,0
2026-01-25,nba,Phoenix Suns,Miami Heat,102,111,0
2026-01-25,nba,LA Clippers,Brooklyn Nets,126,89,1
2026-01-26,nba,Atlanta Hawks,Indiana Pacers,132,116,1
2026-01-26,nba,Charlotte Hornets,Philadelphia 76ers,130,93,1
2026-01-26,nba,Cleveland Cavaliers,Orlando Magic,114,98,1
2026-01-26,nba,Boston Celtics,Portland Trail Blazers,102,94,1
2026-01-26,nba,Chicago Bulls,Los Angeles Lakers,118,129,0
2026-01-26,nba,Houston Rockets,Memphis Grizzlies,108,99,1
2026-01-26,nba,Minnesota Timberwolves,Golden State Warriors,108,83,1
2026-01-27,nba,Washington Wizards,Portland Trail Blazers,115,111,1
2026-01-27,nba,New York Knicks,Sacramento Kings,103,87,1
2026-01-27,nba,Philadelphia 76ers,Milwaukee Bucks,139,122,1
2026-01-27,nba,Oklahoma City Thunder,New Orleans Pelicans,104,95,1
2026-01-27,nba,Denver Nuggets,Detroit Pistons,107,109,0
2026-01-27,nba,Phoenix Suns,Brooklyn Nets,106,102,1
2026-01-27,nba,Utah Jazz,LA Clippers,103,115,0
2026-01-28,nba,Cleveland Cavaliers,Los Angeles Lakers,129,99,1
2026-01-28,nba,Indiana Pacers,Chicago Bulls,113,110,1
2026-01-28,nba,Boston Celtics,Atlanta Hawks,106,117,0
2026-01-28,nba,Miami Heat,Orlando Magic,124,133,0
2026-01-28,nba,Toronto Raptors,New York Knicks,92,119,0
2026-01-28,nba,Memphis Grizzlies,Charlotte Hornets,97,112,0
2026-01-28,nba,Dallas Mavericks,Minnesota Timberwolves,105,118,0
2026-01-28,nba,Utah Jazz,Golden State Warriors,124,140,0
2026-01-28,nba,Houston Rockets,San Antonio Spurs,99,111,0
2026-01-29,nba,Philadelphia 76ers,Sacramento Kings,113,111,1
2026-01-29,nba,Washington Wizards,Milwaukee Bucks,109,99,1
2026-01-29,nba,Atlanta Hawks,Houston Rockets,86,104,0
2026-01-29,nba,Chicago Bulls,Miami Heat,113,116,0
2026-01-29,nba,Dallas Mavericks,Charlotte Hornets,121,123,0
2026-01-29,nba,Denver Nuggets,Brooklyn Nets,107,103,1
2026-01-29,nba,Phoenix Suns,Detroit Pistons,114,96,1
2026-01-29,nba,Minnesota Timberwolves,Oklahoma City Thunder,123,111,1
2026-01-30,nba,Washington Wizards,Los Angeles Lakers,111,142,0
2026-01-30,nba,Orlando Magic,Toronto Raptors,130,120,1
2026-01-30,nba,Boston Celtics,Sacramento Kings,112,93,1
2026-01-30,nba,New York Knicks,Portland Trail Blazers,127,97,1
2026-01-30,nba,New Orleans Pelicans,Memphis Grizzlies,114,106,1
2026-01-30,nba,Phoenix Suns,Cleveland Cavaliers,126,113,1
2026-01-30,nba,Denver Nuggets,LA Clippers,122,109,1
2026-01-30,nba,Utah Jazz,Brooklyn Nets,99,109,0
2026-01-30,nba,Golden State Warriors,Detroit Pistons,124,131,0
2026-01-31,nba,Charlotte Hornets,San Antonio Spurs,111,106,1
2026-01-31,nba,Indiana Pacers,Atlanta Hawks,129,124,1
2026-01-31,nba,Philadelphia 76ers,New Orleans Pelicans,124,114,1
2026-01-31,nba,Miami Heat,Chicago Bulls,118,125,0
2026-01-31,nba,Memphis Grizzlies,Minnesota Timberwolves,114,131,0
2026-01-31,nba,Houston Rockets,Dallas Mavericks,111,107,1
2026-02-01,nba,Boston Celtics,Milwaukee Bucks,107,79,1
2026-02-01,nba,Detroit Pistons,Brooklyn Nets,130,77,1
2026-02-01,nba,Miami Heat,Chicago Bulls,134,91,1
2026-02-01,nba,Toronto Raptors,Utah Jazz,107,100,1
2026-02-01,nba,Washington Wizards,Sacramento Kings,116,112,1
2026-02-01,nba,New York Knicks,Los Angeles Lakers,112,100,1
2026-02-01,nba,Phoenix Suns,LA Clippers,93,117,0
2026-02-01,nba,San Antonio Spurs,Orlando Magic,112,103,1
2026-02-01,nba,Portland Trail Blazers,Cleveland Cavaliers,111,130,0
2026-02-01,nba,Denver Nuggets,Oklahoma City Thunder,111,121,0
2026-02-02,nba,Charlotte Hornets,New Orleans Pelicans,102,95,1
2026-02-02,nba,Indiana Pacers,Houston Rockets,114,118,0
2026-02-02,nba,Memphis Grizzlies,Minnesota Timberwolves,137,128,1
2026-02-02,nba,LA Clippers,Philadelphia 76ers,113,128,0
2026-02-03,nba,Detroit Pistons,Denver Nuggets,124,121,1
2026-02-03,nba,Indiana Pacers,Utah Jazz,122,131,0
2026-02-03,nba,Washington Wizards,New York Knicks,101,132,0
2026-02-03,nba,Brooklyn Nets,Los Angeles Lakers,109,125,0
2026-02-03,nba,Miami Heat,Atlanta Hawks,115,127,0
2026-02-03,nba,Dallas Mavericks,Boston Celtics,100,110,0
2026-02-03,nba,Milwaukee Bucks,Chicago Bulls,131,115,1
2026-02-03,nba,Oklahoma City Thunder,Orlando Magic,128,92,1
2026-02-03,nba,Golden State Warriors,Philadelphia 76ers,94,113,0
2026-02-03,nba,Portland Trail Blazers,Phoenix Suns,125,130,0
2026-02-04,nba,New York Knicks,Denver Nuggets,134,127,1
2026-02-04,nba,Toronto Raptors,Minnesota Timberwolves,126,128,0
2026-02-04,nba,Houston Rockets,Boston Celtics,93,114,0
2026-02-04,nba,Milwaukee Bucks,New Orleans Pelicans,141,137,1
2026-02-04,nba,San Antonio Spurs,Oklahoma City Thunder,116,106,1
2026-02-04,nba,Sacramento Kings,Memphis Grizzlies,125,129,0
2026-02-04,nba,LA Clippers,Cleveland Cavaliers,91,124,0
2026-02-05,nba,Detroit Pistons,Washington Wizards,117,126,0
2026-02-05,nba,Orlando Magic,Brooklyn Nets,118,98,1
2026-02-05,nba,Atlanta Hawks,Utah Jazz,121,119,1
2026-02-05,nba,Toronto Raptors,Chicago Bulls,123,107,1
2026-02-05,nba,Houston Rockets,Charlotte Hornets,99,109,0
2026-02-05,nba,Dallas Mavericks,San Antonio Spurs,123,135,0
2026-02-05,nba,Phoenix Suns,Golden State Warriors,97,101,0
2026-02-05,nba,Los Angeles Lakers,Philadelphia 76ers,119,115,1
2026-02-06,nba,Boston Celtics,Miami Heat,98,96,1
2026-02-06,nba,Detroit Pistons,New York Knicks,118,80,1
2026-02-06,nba,Milwaukee Bucks,Indiana Pacers,105,99,1
2026-02-06,nba,Minnesota Timberwolves,New Orleans Pelicans,115,119,0
2026-02-06,nba,Portland Trail Blazers,Memphis Grizzlies,135,115,1
2026-02-06,nba,Sacramento Kings,LA Clippers,111,114,0
2026-02-07,nba,Brooklyn Nets,Washington Wizards,127,113,1
2026-02-07,nba,Oklahoma City Thunder,Houston Rockets,106,112,0
2026-02-07,nba,San Antonio Spurs,Dallas Mavericks,138,125,1
2026-02-07,nba,Orlando Magic,Utah Jazz,120,117,1
2026-02-07,nba,Atlanta Hawks,Charlotte Hornets,119,126,0
2026-02-07,nba,Chicago Bulls,Denver Nuggets,120,136,0
2026-02-07,nba,Los Angeles Lakers,Golden State Warriors,105,99,1
2026-02-07,nba,Phoenix Suns,Philadelphia 76ers,103,109,0
2026-02-07,nba,Portland Trail Blazers,Memphis Grizzlies,122,115,1
2026-02-07,nba,Sacramento Kings,Cleveland Cavaliers,126,132,0
2026-02-08,nba,Boston Celtics,New York Knicks,89,111,0
2026-02-08,nba,Washington Wizards,Miami Heat,101,132,0
2026-02-08,nba,Toronto Raptors,Indiana Pacers,122,104,1
2026-02-08,nba,Minnesota Timberwolves,LA Clippers,96,115,0
2026-02-09,nba,Charlotte Hornets,Detroit Pistons,104,110,0
2026-02-09,nba,Brooklyn Nets,Chicago Bulls,123,115,1
2026-02-09,nba,Miami Heat,Utah Jazz,111,115,0
2026-02-09,nba,Orlando Magic,Milwaukee Bucks,118,99,1
2026-02-09,nba,Minnesota Timberwolves,Atlanta Hawks,138,116,1
2026-02-09,nba,New Orleans Pelicans,Sacramento Kings,120,94,1
2026-02-09,nba,Denver Nuggets,Cleveland Cavaliers,117,119,0
2026-02-09,nba,Golden State Warriors,Memphis Grizzlies,114,113,1
2026-02-09,nba,Los Angeles Lakers,Oklahoma City Thunder,110,119,0
2026-02-09,nba,Portland Trail Blazers,Philadelphia 76ers,135,118,1
2026-02-10,nba,New York Knicks,Indiana Pacers,134,137,0
2026-02-10,nba,Houston Rockets,LA Clippers,102,95,1
2026-02-10,nba,Phoenix Suns,Dallas Mavericks,120,111,1
2026-02-10,nba,Los Angeles Lakers,San Antonio Spurs,108,136,0
2026-02-11,nba,Charlotte Hornets,Atlanta Hawks,110,107,1
2026-02-11,nba,Cleveland Cavaliers,Washington Wizards,138,113,1
2026-02-11,nba,Orlando Magic,Milwaukee Bucks,108,116,0
2026-02-11,nba,Boston Celtics,Chicago Bulls,124,105,1
2026-02-11,nba,Brooklyn Nets,Indiana Pacers,110,115,0
2026-02-11,nba,Philadelphia 76ers,New York Knicks,89,138,0
2026-02-11,nba,Toronto Raptors,Detroit Pistons,95,113,0
2026-02-11,nba,Houston Rockets,LA Clippers,102,105,0
2026-02-11,nba,Minnesota Timberwolves,Portland Trail Blazers,133,109,1
2026-02-11,nba,New Orleans Pelicans,Miami Heat,111,123,0
2026-02-11,nba,Phoenix Suns,Oklahoma City Thunder,109,136,0
2026-02-11,nba,Utah Jazz,Sacramento Kings,121,93,1
2026-02-11,nba,Denver Nuggets,Memphis Grizzlies,122,116,1
2026-02-11,nba,Golden State Warriors,San Antonio Spurs,113,126,0
2026-02-12,nba,Oklahoma City Thunder,Milwaukee Bucks,93,110,0
2026-02-12,nba,Utah Jazz,Portland Trail Blazers,119,135,0
2026-02-12,nba,Los Angeles Lakers,Dallas Mavericks,124,104,1
2026-02-15,nba,Team Stars,World,37,35,1
2026-02-15,nba,Team Stripes,Team Stars,42,40,1
2026-02-15,nba,Team Stripes,World,48,45,1
2026-02-15,nba,Team Stripes,Team Stars,21,47,0
2026-02-19,nba,Charlotte Hornets,Houston Rockets,101,105,0
2026-02-19,nba,Cleveland Cavaliers,Brooklyn Nets,112,84,1
2026-02-19,nba,Philadelphia 76ers,Atlanta Hawks,107,117,0
2026-02-19,nba,Washington Wizards,Indiana Pacers,112,105,1
2026-02-19,nba,New York Knicks,Detroit Pistons,111,126,0
2026-02-19,nba,Chicago Bulls,Toronto Raptors,101,110,0
2026-02-19,nba,San Antonio Spurs,Phoenix Suns,121,94,1
2026-02-19,nba,Golden State Warriors,Boston Celtics,110,121,0
2026-02-19,nba,Sacramento Kings,Orlando Magic,94,131,0
2026-02-19,nba,LA Clippers,Denver Nuggets,115,114,1
2026-02-20,nba,Charlotte Hornets,Cleveland Cavaliers,113,118,0
2026-02-20,nba,Washington Wizards,Indiana Pacers,131,118,1
2026-02-20,nba,Memphis Grizzlies,Utah Jazz,123,114,1
2026-02-20,nba,Atlanta Hawks,Miami Heat,97,128,0
2026-02-20,nba,Minnesota Timberwolves,Dallas Mavericks,122,111,1
2026-02-20,nba,New Orleans Pelicans,Milwaukee Bucks,118,139,0
2026-02-20,nba,Oklahoma City Thunder,Brooklyn Nets,105,86,1
2026-02-20,nba,Portland Trail Blazers,Denver Nuggets,103,157,0
2026-02-20,nba,Los Angeles Lakers,LA Clippers,125,122,1
2026-02-21,nba,Phoenix Suns,Orlando Magic,113,110,1
2026-02-21,nba,New Orleans Pelicans,Philadelphia 76ers,126,111,1
2026-02-21,nba,Miami Heat,Memphis Grizzlies,136,120,1
2026-02-21,nba,Chicago Bulls,Detroit Pistons,110,126,0
2026-02-21,nba,San Antonio Spurs,Sacramento Kings,139,122,1
2026-02-21,nba,New York Knicks,Houston Rockets,108,106,1
2026-02-22,nba,Oklahoma City Thunder,Cleveland Cavaliers,121,113,1
2026-02-22,nba,Atlanta Hawks,Brooklyn Nets,115,104,1
2026-02-22,nba,Milwaukee Bucks,Toronto Raptors,94,122,0
2026-02-22,nba,Golden State Warriors,Denver Nuggets,128,117,1
2026-02-22,nba,Indiana Pacers,Dallas Mavericks,130,134,0
2026-02-22,nba,Washington Wizards,Charlotte Hornets,112,129,0
2026-02-22,nba,Los Angeles Lakers,Boston Celtics,89,111,0
2026-02-22,nba,Minnesota Timberwolves,Philadelphia 76ers,108,135,0
2026-02-22,nba,Chicago Bulls,New York Knicks,99,105,0
2026-02-22,nba,Phoenix Suns,Portland Trail Blazers,77,92,0
2026-02-22,nba,LA Clippers,Orlando Magic,109,111,0
2026-02-23,nba,Detroit Pistons,San Antonio Spurs,103,114,0
2026-02-23,nba,Memphis Grizzlies,Sacramento Kings,114,123,0
2026-02-23,nba,Houston Rockets,Utah Jazz,125,105,1
2026-02-24,nba,Indiana Pacers,Philadelphia 76ers,114,135,0
2026-02-24,nba,Atlanta Hawks,Washington Wizards,119,98,1
2026-02-24,nba,Brooklyn Nets,Dallas Mavericks,114,123,0
2026-02-24,nba,Toronto Raptors,Oklahoma City Thunder,107,116,0
2026-02-24,nba,Cleveland Cavaliers,New York Knicks,109,94,1
2026-02-24,nba,Chicago Bulls,Charlotte Hornets,99,131,0
2026-02-24,nba,Milwaukee Bucks,Miami Heat,128,117,1
2026-02-24,nba,New Orleans Pelicans,Golden State Warriors,113,109,1
2026-02-24,nba,Phoenix Suns,Boston Celtics,81,97,0
2026-02-24,nba,Portland Trail Blazers,Minnesota Timberwolves,121,124,0
2026-02-24,nba,Los Angeles Lakers,Orlando Magic,109,110,0
2026-02-25,nba,Detroit Pistons,Oklahoma City Thunder,124,116,1
2026-02-25,nba,Toronto Raptors,San Antonio Spurs,107,110,0
2026-02-25,nba,Memphis Grizzlies,Golden State Warriors,112,133,0
2026-02-25,nba,Houston Rockets,Sacramento Kings,128,97,1
2026-02-25,nba,Milwaukee Bucks,Cleveland Cavaliers,118,116,1
2026-02-25,nba,Denver Nuggets,Boston Celtics,103,84,1
2026-02-26,nba,Indiana Pacers,Charlotte Hornets,109,133,0
2026-02-26,nba,Philadelphia 76ers,Miami Heat,124,117,1
2026-02-26,nba,Atlanta Hawks,Washington Wizards,126,96,1
2026-02-26,nba,Brooklyn Nets,San Antonio Spurs,110,126,0
2026-02-26,nba,Orlando Magic,Houston Rockets,108,113,0
2026-02-26,nba,Chicago Bulls,Portland Trail Blazers,112,121,0
2026-02-26,nba,Dallas Mavericks,Sacramento Kings,121,130,0
2026-02-26,nba,Phoenix Suns,Los Angeles Lakers,113,110,1
2026-02-26,nba,Utah Jazz,New Orleans Pelicans,118,129,0
2026-02-26,nba,LA Clippers,Minnesota Timberwolves,88,94,0
2026-02-27,nba,Detroit Pistons,Cleveland Cavaliers,122,119,1
2026-02-27,nba,Boston Celtics,Brooklyn Nets,148,111,1
2026-02-27,nba,Milwaukee Bucks,New York Knicks,98,127,0
2026-02-27,nba,Dallas Mavericks,Memphis Grizzlies,105,124,0
2026-02-27,nba,Oklahoma City Thunder,Denver Nuggets,127,121,1
2026-02-28,nba,Charlotte Hornets,Portland Trail Blazers,109,93,1
2026-02-28,nba,Miami Heat,Houston Rockets,115,105,1
2026-02-28,nba,Washington Wizards,Toronto Raptors,125,134,0
2026-02-28,nba,Golden State Warriors,Los Angeles Lakers,101,129,0
2026-02-28,nba,Utah Jazz,New Orleans Pelicans,105,115,0
2026-03-01,nba,New York Knicks,San Antonio Spurs,114,89,1
2026-03-01,nba,Brooklyn Nets,Cleveland Cavaliers,102,106,0
2026-03-01,nba,Chicago Bulls,Milwaukee Bucks,120,97,1
2026-03-01,nba,Denver Nuggets,Minnesota Timberwolves,108,117,0
2026-03-01,nba,Indiana Pacers,Memphis Grizzlies,106,125,0
2026-03-01,nba,Atlanta Hawks,Portland Trail Blazers,135,101,1
2026-03-01,nba,Orlando Magic,Detroit Pistons,92,106,0
2026-03-01,nba,Boston Celtics,Philadelphia 76ers,114,98,1
2026-03-01,nba,Dallas Mavericks,Oklahoma City Thunder,87,100,0
2026-03-01,nba,LA Clippers,New Orleans Pelicans,137,117,1
2026-03-01,nba,Los Angeles Lakers,Sacramento Kings,128,104,1
2026-03-02,nba,Washington Wizards,Houston Rockets,118,123,0
2026-03-02,nba,Milwaukee Bucks,Boston Celtics,81,108,0
2026-03-02,nba,Utah Jazz,Denver Nuggets,125,128,0
2026-03-02,nba,Golden State Warriors,LA Clippers,101,114,0
2026-03-03,nba,Charlotte Hornets,Dallas Mavericks,117,90,1
2026-03-03,nba,Cleveland Cavaliers,Detroit Pistons,113,109,1
2026-03-03,nba,Orlando Magic,Washington Wizards,126,109,1
2026-03-03,nba,Miami Heat,Brooklyn Nets,124,98,1
2026-03-03,nba,Toronto Raptors,New York Knicks,95,111,0
2026-03-03,nba,Philadelphia 76ers,San Antonio Spurs,91,131,0
2026-03-03,nba,Chicago Bulls,Oklahoma City Thunder,108,116,0
2026-03-03,nba,Minnesota Timberwolves,Memphis Grizzlies,117,110,1
2026-03-03,nba,Los Angeles Lakers,New Orleans Pelicans,110,101,1
2026-03-03,nba,Sacramento Kings,Phoenix Suns,103,114,0
2026-03-04,nba,New York Knicks,Oklahoma City Thunder,100,103,0
2026-03-04,nba,Boston Celtics,Charlotte Hornets,89,118,0
2026-03-04,nba,Philadelphia 76ers,Utah Jazz,106,102,1
2026-03-04,nba,Memphis Grizzlies,Portland Trail Blazers,114,122,0
2026-03-04,nba,Milwaukee Bucks,Atlanta Hawks,113,131,0
2026-03-04,nba,LA Clippers,Indiana Pacers,130,107,1
2026-03-05,nba,Orlando Magic,Dallas Mavericks,115,114,1
2026-03-05,nba,Washington Wizards,Utah Jazz,112,122,0
2026-03-05,nba,Miami Heat,Brooklyn Nets,126,110,1
2026-03-05,nba,Houston Rockets,Golden State Warriors,113,115,0
2026-03-05,nba,Minnesota Timberwolves,Toronto Raptors,115,107,1
2026-03-05,nba,San Antonio Spurs,Detroit Pistons,121,106,1
2026-03-05,nba,Phoenix Suns,Chicago Bulls,103,105,0
2026-03-05,nba,Denver Nuggets,Los Angeles Lakers,120,113,1
2026-03-05,nba,Sacramento Kings,New Orleans Pelicans,123,133,0
2026-03-06,nba,Boston Celtics,Dallas Mavericks,120,100,1
2026-03-06,nba,Charlotte Hornets,Miami Heat,120,128,0
2026-03-06,nba,Houston Rockets,Portland Trail Blazers,106,99,1
2026-03-06,nba,Denver Nuggets,New York Knicks,103,142,0
2026-03-06,nba,Phoenix Suns,New Orleans Pelicans,118,116,1
2026-03-06,nba,San Antonio Spurs,LA Clippers,116,112,1
2026-03-06,nba,Los Angeles Lakers,Indiana Pacers,128,117,1
2026-03-07,nba,Minnesota Timberwolves,Orlando Magic,92,119,0
2026-03-07,nba,Detroit Pistons,Brooklyn Nets,105,107,0
2026-03-07,nba,Atlanta Hawks,Philadelphia 76ers,125,116,1
2026-03-07,nba,Memphis Grizzlies,LA Clippers,120,123,0
2026-03-07,nba,Milwaukee Bucks,Utah Jazz,113,99,1
2026-03-07,nba,Oklahoma City Thunder,Golden State Warriors,104,97,1
2026-03-08,nba,Cleveland Cavaliers,Boston Celtics,98,109,0
2026-03-08,nba,Los Angeles Lakers,New York Knicks,110,97,1
2026-03-08,nba,Miami Heat,Detroit Pistons,121,110,1
2026-03-08,nba,Toronto Raptors,Dallas Mavericks,122,92,1
2026-03-08,nba,New Orleans Pelicans,Washington Wizards,138,118,1
2026-03-08,nba,Milwaukee Bucks,Orlando Magic,91,130,0
2026-03-08,nba,San Antonio Spurs,Houston Rockets,145,120,1
2026-03-08,nba,Portland Trail Blazers,Indiana Pacers,131,111,1
2026-03-08,nba,Sacramento Kings,Chicago Bulls,126,110,1
2026-03-08,nba,Phoenix Suns,Charlotte Hornets,111,99,1
2026-03-09,nba,Cleveland Cavaliers,Philadelphia 76ers,115,101,1
2026-03-09,nba,Brooklyn Nets,Memphis Grizzlies,126,115,1
2026-03-09,nba,Oklahoma City Thunder,Denver Nuggets,129,126,1
2026-03-09,nba,Utah Jazz,Golden State Warriors,119,116,1
2026-03-09,nba,LA Clippers,New York Knicks,126,118,1
2026-03-10,nba,Philadelphia 76ers,Memphis Grizzlies,139,129,1
2026-03-10,nba,Brooklyn Nets,Detroit Pistons,100,138,0
2026-03-10,nba,Miami Heat,Washington Wizards,150,129,1
2026-03-10,nba,Atlanta Hawks,Dallas Mavericks,124,112,1
2026-03-10,nba,Houston Rockets,Toronto Raptors,113,99,1
2026-03-10,nba,Milwaukee Bucks,Phoenix Suns,114,129,0
2026-03-10,nba,San Antonio Spurs,Boston Celtics,125,116,1
2026-03-10,nba,Golden State Warriors,Chicago Bulls,124,130,0
2026-03-10,nba,Portland Trail Blazers,Charlotte Hornets,101,103,0
2026-03-10,nba,Sacramento Kings,Indiana Pacers,114,109,1
2026-03-10,nba,Los Angeles Lakers,Minnesota Timberwolves,120,106,1
2026-03-11,nba,Orlando Magic,Cleveland Cavaliers,128,122,1
2026-03-11,nba,New Orleans Pelicans,Toronto Raptors,122,111,1
2026-03-11,nba,Utah Jazz,New York Knicks,117,134,0
2026-03-11,nba,Denver Nuggets,Houston Rockets,129,93,1
2026-03-11,nba,Sacramento Kings,Charlotte Hornets,109,117,0
2026-03-11,nba,LA Clippers,Minnesota Timberwolves,153,128,1
2026-03-12,nba,Detroit Pistons,Philadelphia 76ers,131,109,1
2026-03-12,nba,Indiana Pacers,Phoenix Suns,108,123,0
2026-03-12,nba,Orlando Magic,Washington Wizards,136,131,1
2026-03-12,nba,Atlanta Hawks,Brooklyn Nets,108,97,1
2026-03-12,nba,Miami Heat,Milwaukee Bucks,112,105,1
2026-03-12,nba,Memphis Grizzlies,Dallas Mavericks,112,120,0
2026-03-12,nba,San Antonio Spurs,Denver Nuggets,131,136,0
2026-03-12,nba,Oklahoma City Thunder,Boston Celtics,104,102,1
2026-03-12,nba,Los Angeles Lakers,Chicago Bulls,142,130,1
2026-03-13,nba,Detroit Pistons,Memphis Grizzlies,126,110,1
2026-03-13,nba,Indiana Pacers,New York Knicks,92,101,0
2026-03-13,nba,Toronto Raptors,Phoenix Suns,122,115,1
2026-03-13,nba,Dallas Mavericks,Cleveland Cavaliers,105,138,0
2026-03-13,nba,Houston Rockets,New Orleans Pelicans,107,105,1
2026-03-13,nba,Golden State Warriors,Minnesota Timberwolves,117,127,0
2026-03-13,nba,Portland Trail Blazers,Utah Jazz,124,114,1
2026-03-13,nba,LA Clippers,Chicago Bulls,119,108,1
2026-03-14,nba,Philadelphia 76ers,Brooklyn Nets,104,97,1
2026-03-14,nba,Atlanta Hawks,Milwaukee Bucks,122,99,1
2026-03-14,nba,San Antonio Spurs,Charlotte Hornets,115,102,1
2026-03-14,nba,Boston Celtics,Washington Wizards,111,100,1
2026-03-14,nba,Miami Heat,Orlando Magic,117,121,0
2026-03-14,nba,Los Angeles Lakers,Denver Nuggets,127,125,1
2026-03-14,nba,LA Clippers,Sacramento Kings,109,118,0
2026-03-15,nba,Oklahoma City Thunder,Minnesota Timberwolves,116,103,1
2026-03-15,nba,Cleveland Cavaliers,Dallas Mavericks,120,130,0
2026-03-15,nba,Toronto Raptors,Detroit Pistons,119,108,1
2026-03-15,nba,Milwaukee Bucks,Indiana Pacers,134,123,1
2026-03-15,nba,Philadelphia 76ers,Portland Trail Blazers,109,103,1
2026-03-15,nba,New York Knicks,Golden State Warriors,110,107,1
2026-03-15,nba,Sacramento Kings,Utah Jazz,116,111,1
2026-03-16,nba,Atlanta Hawks,Orlando Magic,124,112,1
2026-03-16,nba,Washington Wizards,Golden State Warriors,117,125,0
2026-03-16,nba,Brooklyn Nets,Portland Trail Blazers,95,114,0
2026-03-16,nba,Boston Celtics,Phoenix Suns,120,112,1
2026-03-16,nba,Chicago Bulls,Memphis Grizzlies,132,107,1
2026-03-16,nba,New Orleans Pelicans,Dallas Mavericks,129,111,1
2026-03-16,nba,Houston Rockets,Los Angeles Lakers,92,100,0
2026-03-16,nba,LA Clippers,San Antonio Spurs,115,119,0
2026-03-17,nba,Charlotte Hornets,Miami Heat,136,106,1
2026-03-17,nba,Orlando Magic,Oklahoma City Thunder,108,113,0
2026-03-17,nba,Washington Wizards,Detroit Pistons,117,130,0
2026-03-17,nba,New York Knicks,Indiana Pacers,136,110,1
2026-03-17,nba,Milwaukee Bucks,Cleveland Cavaliers,116,123,0
2026-03-17,nba,Minnesota Timberwolves,Phoenix Suns,116,104,1
2026-03-17,nba,Denver Nuggets,Philadelphia 76ers,124,96,1
2026-03-17,nba,Sacramento Kings,San Antonio Spurs,104,132,0
2026-03-18,nba,Boston Celtics,Golden State Warriors,120,99,1
2026-03-18,nba,Brooklyn Nets,Oklahoma City Thunder,92,121,0
2026-03-18,nba,Indiana Pacers,Portland Trail Blazers,119,127,0
2026-03-18,nba,Chicago Bulls,Toronto Raptors,109,139,0
2026-03-18,nba,Minnesota Timberwolves,Utah Jazz,147,111,1
2026-03-18,nba,New Orleans Pelicans,LA Clippers,124,109,1
2026-03-18,nba,Dallas Mavericks,Atlanta Hawks,120,135,0
2026-03-18,nba,Memphis Grizzlies,Denver Nuggets,125,118,1
2026-03-18,nba,Houston Rockets,Los Angeles Lakers,116,124,0
2026-03-19,nba,Charlotte Hornets,Orlando Magic,130,111,1
2026-03-19,nba,Washington Wizards,Detroit Pistons,95,117,0
2026-03-19,nba,Miami Heat,Los Angeles Lakers,126,134,0
2026-03-19,nba,Chicago Bulls,Cleveland Cavaliers,110,115,0
2026-03-19,nba,New Orleans Pelicans,LA Clippers,105,99,1
2026-03-19,nba,San Antonio Spurs,Phoenix Suns,101,100,1
2026-03-19,nba,Utah Jazz,Milwaukee Bucks,128,96,1
2026-03-19,nba,Sacramento Kings,Philadelphia 76ers,118,139,0
2026-03-20,nba,Brooklyn Nets,New York Knicks,92,93,0
2026-03-20,nba,Detroit Pistons,Golden State Warriors,115,101,1
2026-03-20,nba,Houston Rockets,Atlanta Hawks,117,95,1
2026-03-20,nba,Memphis Grizzlies,Boston Celtics,112,117,0
2026-03-20,nba,Minnesota Timberwolves,Portland Trail Blazers,104,108,0
2026-03-20,nba,Denver Nuggets,Toronto Raptors,121,115,1
2026-03-21,nba,Washington Wizards,Oklahoma City Thunder,111,132,0
2026-03-21,nba,Charlotte Hornets,Memphis Grizzlies,124,101,1
2026-03-21,nba,Orlando Magic,Los Angeles Lakers,104,105,0
2026-03-21,nba,New Orleans Pelicans,Cleveland Cavaliers,106,111,0
2026-03-21,nba,Atlanta Hawks,Golden State Warriors,126,110,1
2026-03-21,nba,Houston Rockets,Miami Heat,123,122,1
2026-03-21,nba,San Antonio Spurs,Indiana Pacers,134,119,1
2026-03-21,nba,Dallas Mavericks,LA Clippers,131,138,0
2026-03-21,nba,Utah Jazz,Philadelphia 76ers,116,126,0
2026-03-21,nba,Phoenix Suns,Milwaukee Bucks,105,108,0
2026-03-22,nba,Denver Nuggets,Portland Trail Blazers,128,112,1
2026-03-22,nba,Sacramento Kings,Brooklyn Nets,126,122,1
2026-03-22,nba,New York Knicks,Washington Wizards,145,113,1
2026-03-22,nba,Boston Celtics,Minnesota Timberwolves,92,102,0
2026-03-22,nba,Phoenix Suns,Toronto Raptors,120,98,1
2026-03-23,nba,Detroit Pistons,Los Angeles Lakers,113,110,1
2026-03-23,nba,Orlando Magic,Indiana Pacers,126,128,0
2026-03-23,nba,Philadelphia 76ers,Oklahoma City Thunder,103,123,0
2026-03-23,nba,Miami Heat,San Antonio Spurs,111,136,0
2026-03-23,nba,Atlanta Hawks,Memphis Grizzlies,146,107,1
2026-03-23,nba,Chicago Bulls,Houston Rockets,132,124,1
2026-03-23,nba,Utah Jazz,Toronto Raptors,127,143,0
2026-03-23,nba,Dallas Mavericks,Golden State Warriors,131,137,0
2026-03-23,nba,Portland Trail Blazers,Brooklyn Nets,134,99,1
2026-03-23,nba,LA Clippers,Milwaukee Bucks,129,96,1
2026-03-24,nba,Charlotte Hornets,Sacramento Kings,134,90,1
2026-03-24,nba,New York Knicks,New Orleans Pelicans,121,116,1
2026-03-24,nba,Cleveland Cavaliers,Orlando Magic,136,131,1
2026-03-24,nba,Phoenix Suns,Denver Nuggets,123,125,0
2026-03-25,nba,Detroit Pistons,Atlanta Hawks,129,130,0
2026-03-25,nba,Indiana Pacers,Los Angeles Lakers,130,137,0
2026-03-25,nba,Philadelphia 76ers,Chicago Bulls,157,137,1
2026-03-25,nba,Boston Celtics,Oklahoma City Thunder,119,109,1
2026-03-25,nba,Cleveland Cavaliers,Miami Heat,103,120,0
2026-03-25,nba,Memphis Grizzlies,San Antonio Spurs,98,123,0
2026-03-25,nba,Utah Jazz,Washington Wizards,110,133,0
2026-03-25,nba,Minnesota Timberwolves,Houston Rockets,110,108,1
2026-03-25,nba,Denver Nuggets,Dallas Mavericks,142,135,1
2026-03-25,nba,Golden State Warriors,Brooklyn Nets,109,106,1
2026-03-25,nba,Portland Trail Blazers,Milwaukee Bucks,130,99,1
2026-03-25,nba,LA Clippers,Toronto Raptors,119,94,1
2026-03-26,nba,Charlotte Hornets,New York Knicks,114,103,1
2026-03-26,nba,Detroit Pistons,New Orleans Pelicans,129,108,1
2026-03-26,nba,Orlando Magic,Sacramento Kings,121,117,1
2026-03-27,nba,Indiana Pacers,LA Clippers,113,114,0
2026-03-27,nba,Boston Celtics,Atlanta Hawks,109,102,1
2026-03-27,nba,Cleveland Cavaliers,Miami Heat,149,128,1
2026-03-27,nba,Memphis Grizzlies,Houston Rockets,109,119,0
2026-03-27,nba,Oklahoma City Thunder,Chicago Bulls,131,113,1
2026-03-27,nba,Toronto Raptors,New Orleans Pelicans,119,106,1
2026-03-27,nba,Denver Nuggets,Utah Jazz,135,129,1
2026-03-27,nba,Golden State Warriors,Washington Wizards,131,126,1
2026-03-27,nba,Portland Trail Blazers,Dallas Mavericks,93,100,0
2026-03-27,nba,Los Angeles Lakers,Brooklyn Nets,116,99,1
2026-03-28,nba,Milwaukee Bucks,San Antonio Spurs,95,127,0
2026-03-28,nba,Minnesota Timberwolves,Detroit Pistons,87,109,0
2026-03-28,nba,Charlotte Hornets,Philadelphia 76ers,114,118,0
2026-03-28,nba,Atlanta Hawks,Sacramento Kings,123,113,1
2026-03-28,nba,Memphis Grizzlies,Chicago Bulls,125,124,1
2026-03-28,nba,Phoenix Suns,Utah Jazz,134,109,1
2026-03-29,nba,Milwaukee Bucks,LA Clippers,113,127,0
2026-03-29,nba,Indiana Pacers,Miami Heat,135,118,1
2026-03-29,nba,Brooklyn Nets,Sacramento Kings,116,99,1
2026-03-29,nba,Charlotte Hornets,Boston Celtics,99,114,0
2026-03-29,nba,Toronto Raptors,Orlando Magic,139,87,1
2026-03-29,nba,Portland Trail Blazers,Washington Wizards,123,88,1
2026-03-29,nba,New Orleans Pelicans,Houston Rockets,102,134,0
2026-03-29,nba,Oklahoma City Thunder,New York Knicks,111,100,1
2026-03-29,nba,Denver Nuggets,Golden State Warriors,116,93,1
2026-03-30,nba,Miami Heat,Philadelphia 76ers,119,109,1
2026-03-30,nba,Atlanta Hawks,Boston Celtics,112,102,1
2026-03-30,nba,Memphis Grizzlies,Phoenix Suns,105,131,0
2026-03-30,nba,San Antonio Spurs,Chicago Bulls,129,114,1
2026-03-30,nba,Dallas Mavericks,Minnesota Timberwolves,94,124,0
2026-03-30,nba,Utah Jazz,Cleveland Cavaliers,113,122,0
2026-03-30,nba,Oklahoma City Thunder,Detroit Pistons,114,110,1
2026-03-30,nba,Los Angeles Lakers,Washington Wizards,120,101,1
2026-03-31,nba,Orlando Magic,Phoenix Suns,115,111,1
2026-03-31,nba,Brooklyn Nets,Charlotte Hornets,86,117,0
2026-03-31,nba,Detroit Pistons,Toronto Raptors,127,116,1
2026-03-31,nba,Houston Rockets,New York Knicks,111,94,1
2026-03-31,nba,Milwaukee Bucks,Dallas Mavericks,123,99,1
2026-03-31,nba,Los Angeles Lakers,Cleveland Cavaliers,127,113,1
2026-03-31,nba,LA Clippers,Portland Trail Blazers,104,114,0
2026-04-01,nba,Washington Wizards,Philadelphia 76ers,131,153,0
2026-04-01,nba,Orlando Magic,Atlanta Hawks,101,130,0
2026-04-01,nba,Miami Heat,Boston Celtics,129,147,0
2026-04-01,nba,Memphis Grizzlies,New York Knicks,119,130,0
2026-04-01,nba,Toronto Raptors,Sacramento Kings,115,123,0
2026-04-01,nba,Chicago Bulls,Indiana Pacers,126,145,0
2026-04-01,nba,Houston Rockets,Milwaukee Bucks,119,113,1
2026-04-01,nba,Utah Jazz,Denver Nuggets,117,130,0
2026-04-01,nba,Golden State Warriors,San Antonio Spurs,113,127,0
2026-04-02,nba,Charlotte Hornets,Phoenix Suns,127,107,1
2026-04-02,nba,Detroit Pistons,Minnesota Timberwolves,113,108,1
2026-04-02,nba,Oklahoma City Thunder,Los Angeles Lakers,139,96,1
2026-04-02,nba,Golden State Warriors,Cleveland Cavaliers,111,118,0
2026-04-02,nba,Portland Trail Blazers,New Orleans Pelicans,118,106,1
2026-04-02,nba,LA Clippers,San Antonio Spurs,99,118,0
2026-04-03,nba,Charlotte Hornets,Indiana Pacers,129,108,1
2026-04-03,nba,Philadelphia 76ers,Minnesota Timberwolves,115,103,1
2026-04-03,nba,Brooklyn Nets,Atlanta Hawks,107,141,0
2026-04-03,nba,New York Knicks,Chicago Bulls,136,96,1
2026-04-03,nba,Houston Rockets,Utah Jazz,140,106,1
2026-04-03,nba,Memphis Grizzlies,Toronto Raptors,96,128,0
2026-04-03,nba,Milwaukee Bucks,Boston Celtics,101,133,0
2026-04-03,nba,Dallas Mavericks,Orlando Magic,127,138,0
2026-04-03,nba,Sacramento Kings,New Orleans Pelicans,117,113,1
2026-04-04,nba,Miami Heat,Washington Wizards,152,136,1
2026-04-04,nba,Denver Nuggets,San Antonio Spurs,136,134,1
2026-04-04,nba,Philadelphia 76ers,Detroit Pistons,93,116,0
2026-04-05,nba,Boston Celtics,Toronto Raptors,115,101,1
2026-04-05,nba,Brooklyn Nets,Washington Wizards,121,115,1
2026-04-05,nba,Chicago Bulls,Phoenix Suns,110,120,0
2026-04-05,nba,Milwaukee Bucks,Memphis Grizzlies,131,115,1
2026-04-05,nba,Cleveland Cavaliers,Indiana Pacers,117,108,1
2026-04-05,nba,Minnesota Timberwolves,Charlotte Hornets,108,122,0
2026-04-05,nba,New Orleans Pelicans,Orlando Magic,108,112,0
2026-04-05,nba,Oklahoma City Thunder,Utah Jazz,146,111,1
2026-04-05,nba,Dallas Mavericks,Los Angeles Lakers,134,128,1
2026-04-05,nba,Sacramento Kings,LA Clippers,109,138,0
2026-04-05,nba,Golden State Warriors,Houston Rockets,116,117,0
2026-04-06,nba,Atlanta Hawks,New York Knicks,105,108,0
2026-04-06,nba,Orlando Magic,Detroit Pistons,123,107,1
2026-04-06,nba,Memphis Grizzlies,Cleveland Cavaliers,126,142,0
2026-04-06,nba,San Antonio Spurs,Philadelphia 76ers,115,102,1
2026-04-06,nba,Denver Nuggets,Portland Trail Blazers,137,132,1
2026-04-07,nba,Washington Wizards,Chicago Bulls,98,129,0
2026-04-07,nba,Indiana Pacers,Minnesota Timberwolves,104,124,0
2026-04-07,nba,Brooklyn Nets,Milwaukee Bucks,96,90,1
2026-04-07,nba,Toronto Raptors,Miami Heat,121,95,1
2026-04-07,nba,Boston Celtics,Charlotte Hornets,113,102,1
2026-04-07,nba,New Orleans Pelicans,Utah Jazz,156,137,1
2026-04-07,nba,Golden State Warriors,Sacramento Kings,110,105,1
2026-04-07,nba,Los Angeles Lakers,Oklahoma City Thunder,87,123,0
2026-04-07,nba,LA Clippers,Dallas Mavericks,116,103,1
2026-04-07,nba,Phoenix Suns,Houston Rockets,105,119,0
2026-04-08,nba,Cleveland Cavaliers,Atlanta Hawks,122,116,1
2026-04-08,nba,Orlando Magic,Minnesota Timberwolves,132,120,1
2026-04-08,nba,Detroit Pistons,Milwaukee Bucks,137,111,1
2026-04-08,nba,Denver Nuggets,Memphis Grizzlies,136,119,1
2026-04-08,nba,San Antonio Spurs,Portland Trail Blazers,112,101,1
2026-04-08,nba,LA Clippers,Oklahoma City Thunder,110,128,0
2026-04-08,nba,Phoenix Suns,Dallas Mavericks,112,107,1
2026-04-09,nba,Toronto Raptors,Miami Heat,128,114,1
2026-04-09,nba,Washington Wizards,Chicago Bulls,108,119,0
2026-04-09,nba,Brooklyn Nets,Indiana Pacers,94,123,0
2026-04-09,nba,New York Knicks,Boston Celtics,112,106,1
2026-04-09,nba,Houston Rockets,Philadelphia 76ers,113,102,1
2026-04-09,nba,Golden State Warriors,Los Angeles Lakers,103,119,0
2026-04-10,nba,Charlotte Hornets,Detroit Pistons,100,118,0
2026-04-10,nba,Washington Wizards,Miami Heat,117,140,0
2026-04-10,nba,Atlanta Hawks,Cleveland Cavaliers,124,102,1
2026-04-10,nba,Boston Celtics,New Orleans Pelicans,144,118,1
2026-04-10,nba,Indiana Pacers,Philadelphia 76ers,94,105,0
2026-04-10,nba,New York Knicks,Toronto Raptors,112,95,1
2026-04-10,nba,Chicago Bulls,Orlando Magic,103,127,0
2026-04-10,nba,Milwaukee Bucks,Brooklyn Nets,125,108,1
2026-04-10,nba,San Antonio Spurs,Dallas Mavericks,139,120,1
2026-04-10,nba,Denver Nuggets,Oklahoma City Thunder,127,107,1
2026-04-10,nba,Houston Rockets,Minnesota Timberwolves,132,136,0
2026-04-10,nba,Utah Jazz,Memphis Grizzlies,147,101,1
2026-04-10,nba,Portland Trail Blazers,LA Clippers,116,97,1
2026-04-10,nba,Sacramento Kings,Golden State Warriors,124,118,1
2026-04-10,nba,Los Angeles Lakers,Phoenix Suns,101,73,1
2026-04-12,nba,Boston Celtics,Orlando Magic,113,108,1
2026-04-12,nba,Cleveland Cavaliers,Washington Wizards,130,117,1
2026-04-12,nba,Indiana Pacers,Detroit Pistons,121,133,0
2026-04-12,nba,Miami Heat,Atlanta Hawks,143,117,1
2026-04-12,nba,New York Knicks,Charlotte Hornets,96,110,0
2026-04-12,nba,Philadelphia 76ers,Milwaukee Bucks,126,106,1
2026-04-12,nba,Toronto Raptors,Brooklyn Nets,136,101,1
2026-04-12,nba,Dallas Mavericks,Chicago Bulls,149,128,1
2026-04-12,nba,Houston Rockets,Memphis Grizzlies,132,101,1
2026-04-12,nba,Minnesota Timberwolves,New Orleans Pelicans,132,126,1
2026-04-12,nba,Oklahoma City Thunder,Phoenix Suns,103,135,0
2026-04-12,nba,San Antonio Spurs,Denver Nuggets,118,128,0
2026-04-12,nba,Los Angeles Lakers,Utah Jazz,131,107,1
2026-04-12,nba,LA Clippers,Golden State Warriors,115,110,1
2026-04-12,nba,Portland Trail Blazers,Sacramento Kings,122,110,1
2026-04-14,nba,Charlotte Hornets,Miami Heat,127,126,1
2026-04-14,nba,Phoenix Suns,Portland Trail Blazers,110,114,0
2026-04-15,nba,Philadelphia 76ers,Orlando Magic,109,97,1
2026-04-15,nba,LA Clippers,Golden State Warriors,121,126,0
2026-04-17,nba,Orlando Magic,Charlotte Hornets,121,90,1
2026-04-17,nba,Phoenix Suns,Golden State Warriors,111,96,1
2026-04-18,nba,Cleveland Cavaliers,Toronto Raptors,126,113,1
2026-04-18,nba,Denver Nuggets,Minnesota Timberwolves,116,105,1
2026-04-18,nba,New York Knicks,Atlanta Hawks,113,102,1
2026-04-18,nba,Los Angeles Lakers,Houston Rockets,107,98,1
2026-04-19,nba,Boston Celtics,Philadelphia 76ers,123,91,1
2026-04-19,nba,Oklahoma City Thunder,Phoenix Suns,119,84,1
2026-04-19,nba,Detroit Pistons,Orlando Magic,101,112,0
2026-04-19,nba,San Antonio Spurs,Portland Trail Blazers,111,98,1
2026-04-20,nba,Cleveland Cavaliers,Toronto Raptors,115,105,1
2026-04-20,nba,New York Knicks,Atlanta Hawks,106,107,0
2026-04-20,nba,Denver Nuggets,Minnesota Timberwolves,114,119,0
2026-04-21,nba,Boston Celtics,Philadelphia 76ers,97,111,0
2026-04-21,nba,San Antonio Spurs,Portland Trail Blazers,103,106,0
2026-04-21,nba,Los Angeles Lakers,Houston Rockets,101,94,1
2026-04-22,nba,Detroit Pistons,Orlando Magic,98,83,1
2026-04-22,nba,Oklahoma City Thunder,Phoenix Suns,120,107,1
2026-04-23,nba,Atlanta Hawks,New York Knicks,109,108,1
2026-04-23,nba,Toronto Raptors,Cleveland Cavaliers,126,104,1
2026-04-23,nba,Minnesota Timberwolves,Denver Nuggets,113,96,1
2026-04-24,nba,Philadelphia 76ers,Boston Celtics,100,108,0
2026-04-24,nba,Houston Rockets,Los Angeles Lakers,108,112,0
2026-04-24,nba,Portland Trail Blazers,San Antonio Spurs,108,120,0
2026-04-25,nba,Orlando Magic,Detroit Pistons,113,105,1
2026-04-25,nba,Phoenix Suns,Oklahoma City Thunder,109,121,0
2026-04-25,nba,Atlanta Hawks,New York Knicks,98,114,0
2026-04-25,nba,Minnesota Timberwolves,Denver Nuggets,112,96,1
2026-04-26,nba,Toronto Raptors,Cleveland Cavaliers,93,89,1
2026-04-26,nba,Portland Trail Blazers,San Antonio Spurs,93,114,0
2026-04-26,nba,Philadelphia 76ers,Boston Celtics,96,128,0
2026-04-26,nba,Houston Rockets,Los Angeles Lakers,115,96,1
2026-04-27,nba,Orlando Magic,Detroit Pistons,94,88,1
2026-04-27,nba,Phoenix Suns,Oklahoma City Thunder,122,131,0
2026-04-27,nba,Denver Nuggets,Minnesota Timberwolves,125,113,1
2026-04-28,nba,Boston Celtics,Philadelphia 76ers,97,113,0
2026-04-28,nba,New York Knicks,Atlanta Hawks,126,97,1
2026-04-28,nba,San Antonio Spurs,Portland Trail Blazers,114,95,1
2026-04-29,nba,Detroit Pistons,Orlando Magic,116,109,1
2026-04-29,nba,Cleveland Cavaliers,Toronto Raptors,125,120,1
2026-04-29,nba,Los Angeles Lakers,Houston Rockets,93,99,0
2026-04-30,nba,Atlanta Hawks,New York Knicks,89,140,0
2026-04-30,nba,Philadelphia 76ers,Boston Celtics,106,93,1
2026-04-30,nba,Minnesota Timberwolves,Denver Nuggets,110,98,1
2026-05-01,nba,Orlando Magic,Detroit Pistons,79,93,0
2026-05-01,nba,Toronto Raptors,Cleveland Cavaliers,112,110,1
2026-05-01,nba,Houston Rockets,Los Angeles Lakers,78,98,0
2026-05-02,nba,Boston Celtics,Philadelphia 76ers,100,109,0
2026-05-03,nba,Detroit Pistons,Orlando Magic,116,94,1
2026-05-03,nba,Cleveland Cavaliers,Toronto Raptors,114,102,1
2026-05-04,nba,New York Knicks,Philadelphia 76ers,137,98,1
2026-05-04,nba,San Antonio Spurs,Minnesota Timberwolves,102,104,0
2026-05-05,nba,Detroit Pistons,Cleveland Cavaliers,111,101,1
2026-05-05,nba,Oklahoma City Thunder,Los Angeles Lakers,108,90,1
2026-05-06,nba,New York Knicks,Philadelphia 76ers,108,102,1
2026-05-06,nba,San Antonio Spurs,Minnesota Timberwolves,133,95,1
2026-05-07,nba,Detroit Pistons,Cleveland Cavaliers,107,97,1
2026-05-07,nba,Oklahoma City Thunder,Los Angeles Lakers,125,107,1
2026-05-08,nba,Philadelphia 76ers,New York Knicks,94,108,0
2026-05-08,nba,Minnesota Timberwolves,San Antonio Spurs,108,115,0
2026-05-09,nba,Cleveland Cavaliers,Detroit Pistons,116,109,1
2026-05-09,nba,Los Angeles Lakers,Oklahoma City Thunder,108,131,0
2026-05-10,nba,Philadelphia 76ers,New York Knicks,114,144,0
2026-05-10,nba,Minnesota Timberwolves,San Antonio Spurs,114,109,1
2026-05-11,nba,Cleveland Cavaliers,Detroit Pistons,112,103,1
2026-05-11,nba,Los Angeles Lakers,Oklahoma City Thunder,110,115,0
2026-05-12,nba,San Antonio Spurs,Minnesota Timberwolves,126,97,1
2026-05-13,nba,Detroit Pistons,Cleveland Cavaliers,113,117,0
2026-05-15,nba,Cleveland Cavaliers,Detroit Pistons,94,115,0
2026-05-15,nba,Minnesota Timberwolves,San Antonio Spurs,109,139,0
2026-05-17,nba,Detroit Pistons,Cleveland Cavaliers,94,125,0
2026-05-18,nba,Oklahoma City Thunder,San Antonio Spurs,115,122,0
2026-05-19,nba,New York Knicks,Cleveland Cavaliers,115,104,1
2026-05-20,nba,Oklahoma City Thunder,San Antonio Spurs,122,113,1
2026-05-21,nba,New York Knicks,Cleveland Cavaliers,109,93,1
2026-05-22,nba,San Antonio Spurs,Oklahoma City Thunder,108,123,0
2026-05-23,nba,Cleveland Cavaliers,New York Knicks,108,121,0
2026-05-24,nba,San Antonio Spurs,Oklahoma City Thunder,103,82,1
2026-05-25,nba,Cleveland Cavaliers,New York Knicks,93,130,0
2026-05-26,nba,Oklahoma City Thunder,San Antonio Spurs,127,114,1
2026-05-28,nba,San Antonio Spurs,Oklahoma City Thunder,118,91,1
2026-05-30,nba,Oklahoma City Thunder,San Antonio Spurs,103,111,0
2026-06-03,nba,San Antonio Spurs,New York Knicks,95,105,0
2026-06-05,nba,San Antonio Spurs,New York Knicks,104,105,0
2026-06-08,nba,New York Knicks,San Antonio Spurs,111,115,0
2026-06-10,nba,New York Knicks,San Antonio Spurs,107,106,1
2026-06-13,nba,San Antonio Spurs,New York Knicks,90,94,0
